citing_country,n_citations,n_citing_works,endogenous_any_n,endogenous_maj_n,scr_any,scr_majority,n_countries_cited,shannon_entropy,hhi,expected_scr,excess_endogeneity_any,excess_endogeneity_maj
US,16190,1275,9870,6681,0.6096355775169858,0.41266213712168004,125,2.5319608760958014,0.20999502812317286,0.2760545130087862,0.33358106450819963,0.13660762411289384
GB,11428,707,4514,2121,0.3949947497374869,0.18559677983899195,118,2.8356884905007655,0.1307357494464917,0.11849418611259505,0.27650056362489184,0.0671025937263969
DE,9681,621,3303,1630,0.341183762008057,0.16837103604999484,113,2.896700856017445,0.11216139945332805,0.06319689926005069,0.2779868627480063,0.10517413678994415
CN,8416,428,2580,1502,0.30655893536121676,0.17846958174904942,120,3.1052039929990496,0.09616056255811059,0.04501074119960445,0.2615481941616123,0.13345884054944496
IT,7150,368,2211,1151,0.30923076923076925,0.16097902097902098,112,2.975421578281886,0.0982055695517529,0.04046420168449289,0.26876656754627637,0.12051481929452809
NL,4895,264,1537,547,0.3139938712972421,0.11174668028600612,97,2.868610276227259,0.11421244207498268,0.03190534104729538,0.28208853024994673,0.07984133923871074
ES,4374,286,1260,602,0.2880658436213992,0.13763145861911294,104,3.0323078889625026,0.09270998408608469,0.028609099898839495,0.2594567437225597,0.10902235872027344
FR,4031,271,1393,532,0.3455718184073431,0.1319771768791863,101,2.9830434307472475,0.1002522608900494,0.03601995930847134,0.30955185909887173,0.09595721757071496
CA,4010,339,1176,525,0.2932668329177057,0.13092269326683292,89,2.5698441283769875,0.1718657500412457,0.041589470214483004,0.2516773627032227,0.08933322305234992
CH,3131,166,784,252,0.25039923347173426,0.08048546790162887,85,2.9514345239460784,0.10303202178552276,0.01656077018379386,0.2338384632879404,0.06392469771783502
AU,2780,163,798,276,0.2870503597122302,0.09928057553956834,80,2.865990820687916,0.12549295241795136,0.031314290910330875,0.2557360688018993,0.06796628462923747
GR,2551,109,560,379,0.2195217561740494,0.14856918855350842,94,3.0607870251483793,0.08729706057385707,0.01230975573716455,0.20721200043688484,0.13625943281634387
FI,2202,133,757,378,0.3437783832879201,0.17166212534059946,73,2.8095504556171838,0.11050063135042534,0.01188920083201673,0.3318891824559034,0.15977292450858274
AT,2125,134,686,201,0.32282352941176473,0.09458823529411765,82,3.043114675118613,0.08739017284412955,0.011821002739290059,0.3110025266724747,0.0827672325548276
BE,1974,128,452,146,0.22897669706180346,0.07396149949341439,75,2.877080874782566,0.11188670679128195,0.012684845247161255,0.2162918518146422,0.061276654246253136
IL,1519,66,370,190,0.2435813034891376,0.1250822909809085,69,2.8682649453676428,0.11079169958529696,0.009877357096579865,0.23370394639255773,0.11520493388432865
JP,1489,106,403,159,0.2706514439220954,0.10678307588985897,88,2.9505546323738945,0.11391370715361854,0.012787142386251265,0.2578643015358441,0.0939959335036077
IN,1370,116,242,133,0.17664233576642335,0.09708029197080292,83,3.191711750218471,0.08765501116284315,0.01075256595323884,0.1658897698131845,0.08632772601756408
DK,1340,68,414,96,0.30895522388059704,0.07164179104477612,71,2.9291658339193196,0.10007236568096627,0.009922822491730982,0.29903240138886605,0.061718968553045143
HK,1239,63,280,86,0.22598870056497175,0.06941081517352704,75,3.0228270041905945,0.09522244137628752,0.008217870173564146,0.2177708303914076,0.061192944999962896
SE,1221,93,345,96,0.28255528255528256,0.07862407862407862,63,2.8572664011773496,0.10647675736961452,0.013184964593823525,0.26937031796145905,0.0654391140302551
KR,1216,58,280,78,0.23026315789473684,0.06414473684210527,67,3.0808986768269917,0.09182708967599812,0.008206503824776367,0.22205665406996047,0.0559382330173289
IE,1203,89,376,111,0.31255195344970904,0.09226932668329177,76,2.9153392341644895,0.10159375695398286,0.00962729742324873,0.3029246560264603,0.08264202926004303
TW,1102,64,270,163,0.24500907441016334,0.14791288566243194,69,3.109394897537145,0.08471999158646777,0.007069868945998477,0.23793920546416486,0.14084301671643346
RU,1051,108,339,165,0.3225499524262607,0.15699333967649856,69,3.071296845429453,0.08811106293775059,0.006797076575091783,0.31575287585116896,0.15019626310140677
PL,1011,103,223,124,0.2205736894164194,0.12265084075173097,65,2.962241299253758,0.09551295128726985,0.0061605610429761645,0.21441312837344323,0.11649027970875481
LU,1008,22,147,44,0.14583333333333334,0.04365079365079365,62,2.902515109424258,0.10263511877265206,0.0014321599472601415,0.1444011733860732,0.04221863370353351
IR,888,45,272,107,0.3063063063063063,0.1204954954954955,70,3.043130894461504,0.1009015777610819,0.004091885563600405,0.3022144207427059,0.1164036099318951
BR,843,69,232,173,0.2752075919335706,0.20521945432977462,60,3.023772773653639,0.08822618592772828,0.007956444151445231,0.26725114778212533,0.1972630101783294
MY,832,35,145,36,0.17427884615384615,0.04326923076923077,82,3.3515717351132372,0.0697419146619568,0.0037622614487548165,0.17051658470509132,0.039506969320475954
TR,813,38,183,123,0.22509225092250923,0.15129151291512916,73,3.1974714177404877,0.07820344443869365,0.005455847418133873,0.21963640350437535,0.14583566549699528
PT,740,55,164,75,0.22162162162162163,0.10135135135135136,73,3.1646843434060967,0.07854161530484699,0.006876641016606236,0.2147449806050154,0.09447471033474512
ID,711,43,178,113,0.25035161744022505,0.1589310829817159,78,3.2849622509005947,0.07598764663595729,0.0036599643096648063,0.24669165313056024,0.1552711186720511
NO,632,40,143,33,0.22626582278481014,0.05221518987341772,55,2.8378443180724022,0.1189117535664689,0.00724036417781516,0.219025458606995,0.044974825695602565
CY,517,22,100,23,0.19342359767891681,0.04448742746615087,54,3.06830075027125,0.07979652741596077,0.0020345764330124234,0.1913890212459044,0.04245285103313845
SG,504,28,110,49,0.21825396825396826,0.09722222222222222,54,2.829397760528894,0.11917810400642448,0.00652428420418509,0.21172968404978318,0.09069793801803713
MX,468,48,90,28,0.19230769230769232,0.05982905982905983,59,3.040701726642243,0.09662802229745907,0.003387171938758113,0.1889205203689342,0.05644188789030172
CZ,433,35,108,22,0.24942263279445728,0.050808314087759814,63,3.147438504520404,0.08256786389413989,0.004160083656327078,0.2452625491381302,0.046648230431432736
TH,392,16,60,15,0.15306122448979592,0.03826530612244898,60,3.1238127422950295,0.09247619879465456,0.0013980609008968049,0.1516631635888991,0.03686724522155217
ZA,390,22,91,18,0.23333333333333334,0.046153846153846156,57,3.1161823412928733,0.08566681568100137,0.00600143215994726,0.2273319011733861,0.0401524139938989
VN,386,17,189,9,0.4896373056994819,0.023316062176165803,46,2.5306815098419286,0.1687621734806384,7.842780663567442e-4,0.48885302763312516,0.022531784109809057
SI,376,23,91,21,0.24202127659574468,0.05585106382978723,64,3.316001600007365,0.0654071579997506,0.0025801611748258106,0.23944111542091887,0.05327090265496142
UA,353,34,75,45,0.21246458923512748,0.1274787535410765,62,3.2989757887379643,0.06686759002770083,0.0017845167596812876,0.2106800724754462,0.1256942367813952
HR,351,22,102,34,0.2905982905982906,0.09686609686609686,58,3.300030753520897,0.06343680702733705,0.001511724388774594,0.289086566209516,0.09535437247732227
SA,320,14,68,11,0.2125,0.034375,68,3.1595802169202227,0.09470486111111112,0.0024892303845235795,0.2100107696154764,0.03188576961547642
HU,314,33,66,16,0.21019108280254778,0.050955414012738856,46,2.7105663504121407,0.14619329388560157,0.002421032291796906,0.20777005051075087,0.048534381720941946
AE,293,19,100,18,0.3412969283276451,0.06143344709897611,59,3.2378591945861115,0.07185623500989129,0.0015230907375623729,0.33977383759008273,0.05991035636141374
NZ,278,20,37,24,0.13309352517985612,0.08633093525179857,42,2.6373420319509986,0.13508950974900438,0.006115095647825049,0.12697842953203106,0.08021583960397352
NG,277,21,30,20,0.10830324909747292,0.07220216606498195,52,2.9412154091613014,0.11281212841854933,0.0015799224815012673,0.10672332661597166,0.07062224358348068
RO,270,23,68,23,0.2518518518518518,0.08518518518518518,53,3.1339456342084495,0.07597977325848662,0.00196637834028575,0.24988547351156606,0.08321880684489943
EG,214,11,18,3,0.08411214953271028,0.014018691588785047,50,3.0064706859408044,0.10423900462962964,0.0014776253424112573,0.08263452419029901,0.01254106624637379
BG,207,15,48,11,0.2318840579710145,0.05314009661835749,47,3.2028930757115015,0.06357142857142857,0.0012048329715045635,0.23067922499950994,0.05193526364685293
CL,200,12,47,25,0.235,0.125,44,3.0786702886821993,0.07900738540969128,0.0022732697575557803,0.2327267302424442,0.12272673024244422
PK,186,9,33,10,0.1774193548387097,0.053763440860215055,53,3.234425116881976,0.0693870523415978,0.0020459427818002025,0.17537341205690948,0.05171749807841485
AR,185,23,48,10,0.2594594594594595,0.05405405405405406,45,3.023923154801827,0.08350413223140496,0.0014321599472601415,0.2580272995121993,0.052621894106793916
MA,169,13,16,9,0.09467455621301775,0.05325443786982249,49,3.262633144183788,0.07165792152870233,6.819809272667341e-4,0.09399257528575101,0.05257245694255575
QA,169,9,26,0,0.15384615384615385,0,39,2.9992896482423985,0.09613365506824587,0.0011366348787778902,0.15270951896737597,-0.0011366348787778902
EE,164,14,45,23,0.27439024390243905,0.1402439024390244,34,2.679634791088655,0.10952921652546073,0.0014435262960479204,0.2729467176063911,0.1388003761429765
MO,157,9,27,2,0.17197452229299362,0.012738853503184714,41,2.972696894906114,0.08928571428571429,8.524761590834177e-4,0.17112204613391022,0.011886377344101296
EC,156,5,71,4,0.4551282051282051,0.02564102564102564,43,2.969250978613982,0.09387860082304526,5.001193466622716e-4,0.45462808578154285,0.025140906294363368
CO,154,8,49,7,0.3181818181818182,0.045454545454545456,42,3.0322969358691987,0.08399248179183962,0.0011252685299901113,0.31705654965182806,0.04432927692455534
LT,147,8,49,7,0.3333333333333333,0.047619047619047616,40,2.9036923948591498,0.10060911573198907,5.569510906011662e-4,0.33277638224273215,0.04706209652844645
RE,145,1,98,0,0.6758620689655173,0,24,1.7972148384041435,0.34085327783558794,2.2732697575557802e-5,0.6758393362679417,-2.2732697575557802e-5
KZ,143,8,9,2,0.06293706293706294,0.013986013986013986,51,3.364942095889778,0.060678604487854705,1.5912888302890463e-4,0.06277793405403403,0.013826885102985081
DZ,142,8,25,13,0.176056338028169,0.09154929577464789,37,3.021289953162827,0.07666790585947554,6.251491833278396e-4,0.17543118884484116,0.09092414659132005
JO,140,9,47,10,0.3357142857142857,0.07142857142857142,48,3.02298765187846,0.09223090277777778,0.0010229713909001013,0.3346913143233856,0.07040560003767132
PH,130,8,56,2,0.4307692307692308,0.015384615384615385,32,2.6086098332825336,0.16420118343195267,5.228520442378295e-4,0.43024637872499294,0.014861763340377556
LB,118,2,22,1,0.1864406779661017,0.00847457627118644,49,3.296977732044795,0.059738625639852445,4.887529978744927e-4,0.1859519249682272,0.007985823273311947
SK,117,7,11,1,0.09401709401709402,0.008547008547008548,33,2.97285482816969,0.07357142857142857,0.0010229713909001013,0.09299412262619391,0.007524037156108446
BD,110,5,13,1,0.11818181818181818,0.00909090909090909,29,2.669142191217333,0.1078971533516988,8.638425078711966e-4,0.11731797567394699,0.008227066583037894
RS,107,11,27,13,0.2523364485981308,0.12149532710280374,34,2.8169809240920247,0.10915858725761775,8.297434615078598e-4,0.25150670513662293,0.12066558364129588
LV,101,10,13,3,0.12871287128712872,0.0297029702970297,33,2.9962541444877644,0.08075295165961237,3.8645585878448267e-4,0.12832641542834422,0.02931651443824522
,90,10,0,0,0,0,19,2.1162025382232144,0.22831094990687187,NA,NA,NA
TN,87,3,14,11,0.16091954022988506,0.12643678160919541,27,2.765991336147889,0.09597222222222222,6.706145784789552e-4,0.1602489256514061,0.12576616703071647
IQ,82,4,12,6,0.14634146341463414,0.07317073170731707,47,3.4281173886590914,0.05017727300042065,6.024164857522818e-4,0.14573904692888184,0.07256831522156479
MN,82,11,30,0,0.36585365853658536,0,23,2.669547234471465,0.1018,3.4099046363336705e-4,0.365512668072952,-3.4099046363336705e-4
BN,75,2,10,0,0.13333333333333333,0,29,2.9050735180421463,0.0804823056563082,2.7279237090669365e-4,0.13306054096242664,-2.7279237090669365e-4
PE,74,2,15,4,0.20270270270270271,0.05405405405405406,27,2.785753964696803,0.09024793388429751,6.251491833278396e-4,0.20207755351937487,0.05342890487072622
RW,59,1,37,0,0.6271186440677966,0,19,2.0033144508360303,0.2700444444444445,4.5465395151115604e-5,0.6270731786726454,-4.5465395151115604e-5
BA,46,2,10,0,0.21739130434782608,0,21,2.680815702822009,0.08994708994708994,3.068914172700303e-4,0.21708441293055605,-3.068914172700303e-4
ML,46,5,16,1,0.34782608695652173,0.021739130434782608,26,2.82716728261823,0.0821256038647343,9.093079030223121e-5,0.3477351561662195,0.021648199644480375
PS,42,1,1,0,0.023809523809523808,0,23,2.843282401487278,0.07470414201183433,1.0229713909001011e-4,0.023707226670433797,-1.0229713909001011e-4
MT,40,7,6,0,0.15,0,14,2.245072802581801,0.14259846084200997,5.569510906011662e-4,0.14944304890939883,-5.569510906011662e-4
KW,36,3,1,1,0.027777777777777776,0.027777777777777776,19,2.3693775210651657,0.17787031528851874,1.9322792939224133e-4,0.027584549848385535,0.027584549848385535
KE,34,4,13,1,0.38235294117647056,0.029411764705882353,20,2.467072587294157,0.14666666666666667,3.5235681242114594e-4,0.38200058436404943,0.029059407893461207
PR,34,3,21,0,0.6176470588235294,0,15,1.917498122313305,0.28494943486020224,2.6142602211891476e-4,0.6173856328014106,-2.6142602211891476e-4
AZ,32,3,8,5,0.25,0.15625,21,2.7485372807400763,0.08349769888231426,1.1366348787778902e-4,0.24988633651212222,0.15613633651212222
LK,32,3,12,3,0.375,0.09375,20,2.7826122376872666,0.07378472222222222,3.9782220757226156e-4,0.3746021777924277,0.09335217779242774
ME,28,2,5,1,0.17857142857142858,0.03571428571428571,20,2.662631946932698,0.10037484381507704,6.819809272667341e-5,0.1785032304787019,0.03564608762155904
XK,28,2,11,1,0.39285714285714285,0.03571428571428571,21,2.6037173076802165,0.11453561016243231,4.5465395151115604e-5,0.39281167746199175,0.0356688203191346
VE,25,1,0,0,0,0,18,2.5989550842434204,0.1015625,2.0459427818002022e-4,-2.0459427818002022e-4,-2.0459427818002022e-4
TZ,24,2,3,3,0.125,0.125,20,2.708634992142628,0.09641873278236915,3.2962411484558816e-4,0.12467037588515441,0.12467037588515441
SM,22,1,8,0,0.36363636363636365,0,13,2.2737963056294093,0.1377551020408163,4.5465395151115604e-5,0.36359089824121255,-4.5465395151115604e-5
CM,21,2,2,2,0.09523809523809523,0.09523809523809523,7,1.3625664136253979,0.3842975206611571,1.1366348787778902e-4,0.09512443175021744,0.09512443175021744
IS,21,3,6,2,0.2857142857142857,0.09523809523809523,10,1.9857190175767012,0.1909722222222222,5.001193466622716e-4,0.2852141663676234,0.09473797589143296
BI,18,2,4,0,0.2222222222222222,0,8,1.8343719702816237,0.19,2.1596062696779914e-4,0.2220062615952544,-2.1596062696779914e-4
CU,15,2,1,0,0.06666666666666667,0,10,1.9550839066643968,0.19113573407202214,1.1366348787778902e-4,0.06655300317878887,-1.1366348787778902e-4
NP,14,1,0,0,0,0,9,1.9812075507356177,0.16666666666666669,9.093079030223121e-5,-9.093079030223121e-5,-9.093079030223121e-5
BO,12,3,5,2,0.4166666666666667,0.16666666666666666,10,2.08442976821535,0.15570934256055366,1.1366348787778902e-4,0.4165530031787889,0.16655300317878888
MK,12,1,2,0,0.16666666666666666,0,8,1.9701814400260842,0.1530612244897959,2.7279237090669365e-4,0.16639387429575997,-2.7279237090669365e-4
MU,12,1,4,0,0.3333333333333333,0,7,1.711845135233912,0.21893491124260359,9.093079030223121e-5,0.33324240254303106,-9.093079030223121e-5
BZ,11,1,9,0,0.8181818181818182,0,8,1.9561874676604514,0.15570934256055366,NA,NA,NA
SO,11,1,9,0,0.8181818181818182,0,8,1.9561874676604514,0.15570934256055366,3.4099046363336706e-5,0.8181477191354549,-3.4099046363336706e-5
SS,10,4,4,1,0.4,0.1,7,1.748155457247676,0.20833333333333331,3.6372316120892483e-4,0.3996362768387911,0.09963627683879107
UZ,9,1,5,2,0.5555555555555556,0.2222222222222222,6,1.5857708352080966,0.242603550295858,1.1366348787778902e-4,0.5554418920676778,0.22210855873434443
GH,5,1,2,0,0.4,0,6,1.732867951399863,0.1875,6.024164857522818e-4,0.39939758351424776,-6.024164857522818e-4
OM,5,1,0,0,0,0,5,1.4750763110546947,0.26530612244897955,2.3869332454335695e-4,-2.3869332454335695e-4,-2.3869332454335695e-4
ZW,5,1,0,0,0,0,5,1.5607104090414063,0.2222222222222222,1.0229713909001011e-4,-1.0229713909001011e-4,-1.0229713909001011e-4
BH,4,1,0,0,0,0,4,1.3321790402101223,0.28,2.1596062696779914e-4,-2.1596062696779914e-4,-2.1596062696779914e-4
MD,3,1,0,0,0,0,3,1.0549201679861442,0.3600000000000001,7.956444151445232e-5,-7.956444151445232e-5,-7.956444151445232e-5
GE,1,1,0,0,0,0,1,-0,1,9.093079030223121e-5,-9.093079030223121e-5,-9.093079030223121e-5
NA,1,1,1,0,1,0,3,1.0986122886681096,0.3333333333333333,5.683174393889451e-5,0.9999431682560611,-5.683174393889451e-5
