citing_country,AT,AU,BR,CA,CH,CN,DE,ES,FI,FR,GB,IL,IT,NG,NO,PT,RU,SE,US,AE,AF,AR,BD,BE,BH,CL,CO,CZ,DK,EG,GR,HK,HU,ID,IE,IN,IS,JO,JP,KR,LB,LU,MO,MT,MX,MY,NL,NZ,PH,PK,PL,PS,QA,RO,SA,SG,TJ,TN,TW,ZA,CR,EC,EE,KE,RS,SD,TR,AM,BA,BG,BN,BO,BY,CU,CY,DZ,GH,HR,IR,LI,LT,LV,MA,MC,ML,MN,MU,OM,PE,SI,SK,UA,VE,VN,KH,KW,LK,PF,TH,UY,UZ,ZW,AZ,GE,BI,MK,MM,NP,AO,IQ,SS,SO,GP,GY,KZ,MD,ME,PR,SY,TZ,DO,FJ,GU,CM,AL,BJ,CW,ET,FK,GT,KY,MZ,NA,PG,RW,TT,VA,XK,YE,GL,BS,BW,KG,MQ,UG,CG,SL,PA,SM,VI,JM,MF,MV,RE,SN,TG,BB,GM,LR,MR,ZM,JE,MS,VU,VG,KP,SV,HN,BM,LY,MW,CD,GA,LS,NI
,1,1,2,6,2,3,4,1,3,7,11,1,1,6,1,2,1,3,45,0,0,0,0,0,0,0,0,0,0,0,0,0,0,0,0,0,0,0,0,0,0,0,0,0,0,0,0,0,0,0,0,0,0,0,0,0,0,0,0,0,0,0,0,0,0,0,0,0,0,0,0,0,0,0,0,0,0,0,0,0,0,0,0,0,0,0,0,0,0,0,0,0,0,0,0,0,0,0,0,0,0,0,0,0,0,0,0,0,0,0,0,0,0,0,0,0,0,0,0,0,0,0,0,0,0,0,0,0,0,0,0,0,0,0,0,0,0,0,0,0,0,0,0,0,0,0,0,0,0,0,0,0,0,0,0,0,0,0,0,0,0,0,0,0,0,0,0,0,0,0,0,0,0,0,0
AE,10,12,3,19,21,9,39,9,7,28,53,3,14,0,3,2,1,7,93,17,1,2,1,12,2,2,1,3,9,2,4,1,3,3,5,2,1,1,5,3,2,2,1,1,5,3,16,2,1,3,1,1,5,1,7,1,1,9,1,2,0,0,0,0,0,0,0,0,0,0,0,0,0,0,0,0,0,0,0,0,0,0,0,0,0,0,0,0,0,0,0,0,0,0,0,0,0,0,0,0,0,0,0,0,0,0,0,0,0,0,0,0,0,0,0,0,0,0,0,0,0,0,0,0,0,0,0,0,0,0,0,0,0,0,0,0,0,0,0,0,0,0,0,0,0,0,0,0,0,0,0,0,0,0,0,0,0,0,0,0,0,0,0,0,0,0,0,0,0,0,0,0,0,0,0
AR,7,7,3,12,8,10,14,13,4,19,26,2,10,0,1,0,1,2,61,1,0,20,0,4,0,1,2,2,4,0,5,1,1,0,2,1,0,0,1,0,0,1,0,0,4,1,12,2,0,0,1,0,0,0,1,0,0,0,0,1,1,1,1,1,1,1,1,0,0,0,0,0,0,0,0,0,0,0,0,0,0,0,0,0,0,0,0,0,0,0,0,0,0,0,0,0,0,0,0,0,0,0,0,0,0,0,0,0,0,0,0,0,0,0,0,0,0,0,0,0,0,0,0,0,0,0,0,0,0,0,0,0,0,0,0,0,0,0,0,0,0,0,0,0,0,0,0,0,0,0,0,0,0,0,0,0,0,0,0,0,0,0,0,0,0,0,0,0,0,0,0,0,0,0,0
AT,259,66,22,103,82,81,335,112,43,147,344,27,105,0,19,15,17,64,704,6,1,6,2,73,0,7,6,10,39,3,47,21,14,9,55,17,4,0,33,11,0,4,0,2,6,8,158,24,0,4,10,0,4,6,1,9,0,0,9,8,0,2,7,1,0,0,7,1,2,2,1,2,1,1,3,1,2,6,2,1,6,1,1,1,2,1,1,1,2,9,4,2,1,1,0,0,0,0,0,0,0,0,0,0,0,0,0,0,0,0,0,0,0,0,0,0,0,0,0,0,0,0,0,0,0,0,0,0,0,0,0,0,0,0,0,0,0,0,0,0,0,0,0,0,0,0,0,0,0,0,0,0,0,0,0,0,0,0,0,0,0,0,0,0,0,0,0,0,0,0,0,0,0,0,0
AU,40,346,23,162,55,113,176,81,45,107,505,27,101,0,40,20,22,41,1123,3,0,3,3,42,0,5,4,14,38,1,48,38,7,6,42,21,2,7,29,23,1,4,0,0,9,7,121,50,0,8,14,0,3,3,5,27,0,0,23,32,2,0,5,1,1,0,8,0,2,4,0,0,0,1,7,0,2,0,27,0,2,2,0,0,0,1,0,2,1,7,2,2,1,1,2,1,1,1,2,1,2,3,0,0,0,0,0,0,0,0,0,0,0,0,0,0,0,0,0,0,0,0,0,0,0,0,0,0,0,0,0,0,0,0,0,0,0,0,0,0,0,0,0,0,0,0,0,0,0,0,0,0,0,0,0,0,0,0,0,0,0,0,0,0,0,0,0,0,0,0,0,0,0,0,0
AZ,0,0,0,1,0,0,1,0,0,0,1,0,0,0,0,1,1,0,5,0,0,0,0,0,0,0,1,1,0,0,0,0,0,0,0,1,0,0,0,0,0,0,0,0,0,1,0,1,0,0,3,0,0,0,0,0,0,0,0,1,0,0,1,0,0,0,1,0,0,4,0,0,0,0,0,0,0,0,0,0,0,0,0,0,0,0,0,0,0,0,0,6,0,1,0,0,0,0,0,0,1,0,5,1,0,0,0,0,0,0,0,0,0,0,0,0,0,0,0,0,0,0,0,0,0,0,0,0,0,0,0,0,0,0,0,0,0,0,0,0,0,0,0,0,0,0,0,0,0,0,0,0,0,0,0,0,0,0,0,0,0,0,0,0,0,0,0,0,0,0,0,0,0,0,0
BA,0,1,0,3,1,0,8,2,1,1,7,0,9,0,0,0,0,0,10,0,0,0,0,1,0,0,0,2,2,0,2,0,0,0,1,0,0,0,1,0,0,0,0,0,0,0,4,0,0,0,0,0,0,0,0,2,0,0,0,0,0,0,0,0,0,0,3,0,1,0,0,0,0,0,1,0,0,0,0,0,0,0,0,0,0,0,0,0,0,0,0,0,0,0,0,0,0,0,0,0,0,0,0,0,0,0,0,0,0,0,0,0,0,0,0,0,0,0,0,0,0,0,0,0,0,0,0,0,0,0,0,0,0,0,0,0,0,0,0,0,0,0,0,0,0,0,0,0,0,0,0,0,0,0,0,0,0,0,0,0,0,0,0,0,0,0,0,0,0,0,0,0,0,0,0
BD,5,9,0,5,1,8,5,1,0,20,23,0,1,1,1,0,2,3,26,0,1,0,2,2,0,0,0,0,2,0,0,1,1,0,0,0,0,0,2,2,0,0,0,0,1,1,1,0,0,0,0,0,0,0,0,0,0,0,3,0,0,0,0,0,0,0,0,0,0,1,0,0,0,0,0,1,0,0,0,0,0,0,0,0,0,0,0,0,0,0,0,0,0,0,0,0,0,0,0,0,0,0,0,0,0,0,0,0,0,0,0,0,0,0,0,0,0,0,0,0,0,0,0,0,0,0,0,0,0,0,0,0,0,0,0,0,0,0,0,0,0,0,0,0,0,0,0,0,0,0,0,0,0,0,0,0,0,0,0,0,0,0,0,0,0,0,0,0,0,0,0,0,0,0,0
BE,37,97,14,152,57,51,216,53,43,127,340,26,70,0,23,7,9,35,770,3,0,1,1,192,1,8,2,6,23,5,35,10,8,2,30,16,4,2,18,12,0,9,0,0,14,6,158,13,3,2,22,0,4,2,3,14,1,2,8,12,2,3,1,3,0,0,4,0,0,2,1,0,0,0,0,0,1,5,3,0,0,1,1,0,0,4,0,0,0,3,2,0,0,0,0,1,0,1,0,0,0,0,0,0,1,1,1,1,0,0,0,0,0,0,0,0,0,0,0,0,0,0,0,0,0,0,0,0,0,0,0,0,0,0,0,0,0,0,0,0,0,0,0,0,0,0,0,0,0,0,0,0,0,0,0,0,0,0,0,0,0,0,0,0,0,0,0,0,0,0,0,0,0,0,0
BG,2,8,1,5,3,13,12,7,1,7,29,2,15,2,4,6,0,2,43,0,0,0,1,6,0,1,0,4,1,0,10,0,4,0,2,0,1,0,1,2,0,0,0,9,0,2,12,0,0,0,1,0,0,0,2,0,0,0,2,0,0,0,0,0,0,0,2,0,3,12,0,0,0,0,2,1,0,1,30,0,1,1,0,0,0,0,0,0,0,2,0,0,0,0,0,0,0,0,1,0,0,0,0,0,1,0,0,0,0,0,0,0,0,0,0,0,0,0,0,0,0,0,0,0,0,0,0,0,0,0,0,0,0,0,0,0,0,0,0,0,0,0,0,0,0,0,0,0,0,0,0,0,0,0,0,0,0,0,0,0,0,0,0,0,0,0,0,0,0,0,0,0,0,0,0
BH,0,0,0,1,0,0,0,0,0,1,1,0,0,0,0,0,0,0,2,0,0,0,0,0,0,0,0,0,0,0,0,0,0,0,0,0,0,0,0,0,0,0,0,0,0,0,0,0,0,0,0,0,0,0,0,0,0,0,0,0,0,0,0,0,0,0,0,0,0,0,0,0,0,0,0,0,0,0,0,0,0,0,0,0,0,0,0,0,0,0,0,0,0,0,0,0,0,0,0,0,0,0,0,0,0,0,0,0,0,0,0,0,0,0,0,0,0,0,0,0,0,0,0,0,0,0,0,0,0,0,0,0,0,0,0,0,0,0,0,0,0,0,0,0,0,0,0,0,0,0,0,0,0,0,0,0,0,0,0,0,0,0,0,0,0,0,0,0,0,0,0,0,0,0,0
BI,0,0,0,0,1,0,2,0,1,4,0,0,0,0,0,0,0,0,4,0,0,0,0,1,0,0,0,1,0,0,0,0,0,0,0,0,0,0,0,0,0,0,0,0,0,0,6,0,0,0,0,0,0,0,0,0,0,0,0,0,0,0,0,0,0,0,0,0,0,0,0,0,0,0,0,0,0,0,0,0,0,0,0,0,0,0,0,0,0,0,0,0,0,0,0,0,0,0,0,0,0,0,0,0,0,0,0,0,0,0,0,0,0,0,0,0,0,0,0,0,0,0,0,0,0,0,0,0,0,0,0,0,0,0,0,0,0,0,0,0,0,0,0,0,0,0,0,0,0,0,0,0,0,0,0,0,0,0,0,0,0,0,0,0,0,0,0,0,0,0,0,0,0,0,0
BN,1,6,2,3,0,3,4,1,1,1,16,0,6,0,1,2,0,0,17,1,0,0,0,0,0,0,0,0,1,0,3,1,0,5,0,0,0,1,0,3,0,0,0,0,0,3,2,2,0,0,3,0,0,0,0,0,0,0,1,0,0,0,0,0,0,0,1,0,0,0,9,0,0,0,0,1,0,0,0,0,0,0,0,0,0,0,0,0,0,0,0,0,0,0,0,0,0,0,0,0,0,0,0,0,0,0,0,0,0,0,0,0,0,0,0,0,0,0,0,0,0,0,0,0,0,0,0,0,0,0,0,0,0,0,0,0,0,0,0,0,0,0,0,0,0,0,0,0,0,0,0,0,0,0,0,0,0,0,0,0,0,0,0,0,0,0,0,0,0,0,0,0,0,0,0
BO,2,0,0,0,0,0,0,1,0,0,0,0,1,0,0,0,0,1,5,0,0,1,0,0,0,0,1,0,0,0,0,0,0,0,0,0,0,0,0,0,0,0,0,0,3,0,0,0,0,0,0,0,0,0,0,0,0,0,0,0,0,0,0,0,0,0,0,0,0,0,0,1,0,0,0,0,0,0,0,0,0,0,0,0,0,0,0,0,0,0,0,0,1,0,0,0,0,0,0,0,0,0,0,0,0,0,0,0,0,0,0,0,0,0,0,0,0,0,0,0,0,0,0,0,0,0,0,0,0,0,0,0,0,0,0,0,0,0,0,0,0,0,0,0,0,0,0,0,0,0,0,0,0,0,0,0,0,0,0,0,0,0,0,0,0,0,0,0,0,0,0,0,0,0,0
BR,14,29,187,28,14,28,44,61,11,41,97,7,56,0,7,31,8,18,218,1,0,4,0,19,0,1,0,6,12,0,19,2,10,3,21,4,0,2,6,8,0,2,0,1,5,5,33,4,0,3,6,0,2,1,2,3,0,0,9,3,1,2,0,0,1,0,2,0,0,0,0,0,0,0,1,0,0,1,2,0,1,0,0,0,0,0,0,0,3,2,0,0,0,0,0,0,0,0,0,0,0,0,0,0,0,0,0,0,1,1,1,0,0,0,0,0,0,0,0,0,0,0,0,0,0,0,0,0,0,0,0,0,0,0,0,0,0,0,0,0,0,0,0,0,0,0,0,0,0,0,0,0,0,0,0,0,0,0,0,0,0,0,0,0,0,0,0,0,0,0,0,0,0,0,0
BZ,0,0,0,0,0,0,0,3,0,0,2,0,3,0,0,0,0,0,4,0,0,0,0,1,0,0,0,0,0,0,0,0,0,0,0,0,0,0,0,0,0,0,0,0,0,0,0,0,0,0,0,0,0,0,0,0,0,0,0,1,0,0,0,1,0,0,0,0,0,0,0,0,0,0,0,0,0,0,0,0,0,0,0,0,0,0,0,0,0,0,0,0,0,0,0,0,0,0,0,0,0,0,0,0,0,0,0,0,0,0,0,2,0,0,0,0,0,0,0,0,0,0,0,0,0,0,0,0,0,0,0,0,0,0,0,0,0,0,0,0,0,0,0,0,0,0,0,0,0,0,0,0,0,0,0,0,0,0,0,0,0,0,0,0,0,0,0,0,0,0,0,0,0,0,0
CA,25,164,38,725,53,76,198,105,52,177,694,39,94,3,23,19,28,49,1833,2,0,4,3,57,0,9,5,13,49,2,36,18,6,6,34,37,1,6,44,24,4,8,4,0,15,5,118,31,0,7,18,0,0,0,6,23,0,2,19,16,0,0,12,6,1,0,7,0,2,5,0,0,1,0,4,1,2,2,13,0,1,3,1,0,1,0,0,4,2,3,4,1,2,0,2,1,0,0,3,0,1,0,0,0,0,1,0,0,0,9,4,0,1,1,1,1,1,2,1,2,0,0,0,0,0,0,0,0,0,0,0,0,0,0,0,0,0,0,0,0,0,0,0,0,0,0,0,0,0,0,0,0,0,0,0,0,0,0,0,0,0,0,0,0,0,0,0,0,0,0,0,0,0,0,0
CH,58,108,20,150,359,107,364,114,70,218,479,62,189,2,11,16,17,60,1114,9,0,3,3,70,0,2,1,40,26,0,82,17,8,5,44,30,1,1,37,18,0,5,2,0,22,12,143,22,3,9,26,1,3,6,5,25,0,5,8,6,0,0,5,0,4,0,16,1,2,4,1,0,0,1,15,2,2,9,5,0,4,1,1,0,1,0,0,0,0,9,14,0,0,3,0,0,0,0,3,0,0,0,0,0,1,0,0,0,0,1,2,0,0,0,0,1,0,1,1,1,1,1,1,0,0,0,0,0,0,0,0,0,0,0,0,0,0,0,0,0,0,0,0,0,0,0,0,0,0,0,0,0,0,0,0,0,0,0,0,0,0,0,0,0,0,0,0,0,0,0,0,0,0,0,0
CL,3,4,10,11,9,16,22,7,0,14,33,12,6,0,3,4,2,2,65,1,0,2,0,3,0,33,0,0,0,0,4,5,1,0,2,2,0,1,2,6,0,0,0,0,3,0,4,0,0,0,4,1,0,0,2,5,0,0,3,3,0,0,0,0,0,0,0,0,0,0,0,0,0,0,1,0,0,0,2,0,0,0,0,0,0,0,0,0,1,0,2,2,0,2,0,0,0,0,0,0,0,0,0,0,0,0,0,0,0,0,0,0,0,0,0,0,0,0,0,0,0,0,0,1,0,0,0,0,0,0,0,0,0,0,0,0,0,0,0,0,0,0,0,0,0,0,0,0,0,0,0,0,0,0,0,0,0,0,0,0,0,0,0,0,0,0,0,0,0,0,0,0,0,0,0
CM,0,0,0,1,0,0,0,0,0,0,3,0,0,0,0,0,1,1,13,0,0,0,0,0,0,0,0,0,0,0,0,0,0,0,0,0,0,0,0,0,0,0,0,0,0,0,1,0,0,0,0,0,0,0,0,0,0,0,0,0,0,0,0,0,0,0,0,0,0,0,0,0,0,0,0,0,0,0,0,0,0,0,0,0,0,0,0,0,0,0,0,0,0,0,0,0,0,0,0,0,0,0,0,0,0,0,0,0,0,0,0,0,0,0,0,0,0,0,0,0,0,0,0,2,0,0,0,0,0,0,0,0,0,0,0,0,0,0,0,0,0,0,0,0,0,0,0,0,0,0,0,0,0,0,0,0,0,0,0,0,0,0,0,0,0,0,0,0,0,0,0,0,0,0,0
CN,101,331,62,369,153,2098,510,267,102,252,1104,87,415,12,65,79,66,92,2404,14,0,11,12,105,2,17,12,50,84,22,135,245,27,40,85,147,4,9,146,146,6,9,33,11,28,82,271,65,6,38,61,1,10,27,37,104,2,4,163,52,0,8,12,2,11,1,60,0,6,8,3,1,2,1,20,6,2,31,183,2,5,4,10,0,0,0,0,5,6,40,10,24,0,18,3,2,0,0,27,1,1,0,1,3,1,6,0,2,0,9,2,0,0,0,2,0,1,2,0,4,0,2,1,1,1,1,1,1,1,1,3,1,2,1,1,1,1,2,4,0,0,0,0,0,0,0,0,0,0,0,0,0,0,0,0,0,0,0,0,0,0,0,0,0,0,0,0,0,0,0,0,0,0,0,0
CO,11,5,3,9,5,8,24,15,2,5,22,0,8,0,3,0,3,3,49,0,0,1,0,1,0,0,2,2,5,0,2,1,1,3,2,1,0,0,5,0,0,0,0,0,2,3,7,0,1,0,1,0,0,0,0,0,0,0,1,2,0,2,0,0,0,0,1,0,0,0,0,0,0,0,0,0,0,0,0,0,1,0,0,0,0,0,1,0,0,0,0,0,1,1,0,0,0,0,1,0,0,0,0,0,0,0,0,0,0,0,0,0,0,0,0,0,0,0,0,0,0,0,0,0,0,0,0,0,0,0,0,0,0,0,0,0,0,0,0,0,0,0,0,0,0,0,0,0,0,0,0,0,0,0,0,0,0,0,0,0,0,0,0,0,0,0,0,0,0,0,0,0,0,0,0
CU,0,1,0,1,0,0,0,1,0,0,5,0,1,0,0,0,0,0,6,0,0,0,0,0,0,0,0,0,1,0,0,0,0,0,0,0,0,0,0,0,0,0,0,0,1,0,1,0,0,0,0,0,0,0,1,0,0,0,0,0,0,0,0,0,0,0,0,0,0,0,0,0,0,0,0,0,0,0,0,0,0,0,0,0,0,0,0,0,0,0,0,0,0,0,0,0,0,0,0,0,0,0,0,0,0,0,0,0,0,0,0,0,0,0,0,0,0,0,0,0,0,0,0,0,0,0,0,0,0,0,0,0,0,0,0,0,0,0,0,0,0,0,0,0,0,0,0,0,0,0,0,0,0,0,0,0,0,0,0,0,0,0,0,0,0,0,0,0,0,0,0,0,0,0,0
CY,7,14,4,27,16,25,48,17,7,40,91,14,42,0,5,7,2,10,149,0,0,1,0,15,1,1,1,5,9,2,45,10,0,0,6,4,3,1,12,6,0,0,0,0,1,0,17,0,0,0,1,0,1,2,0,1,0,0,5,5,0,0,2,0,0,0,2,0,0,0,2,0,0,0,39,0,0,1,0,0,1,0,3,0,0,0,1,0,0,0,0,0,0,0,0,0,0,0,3,0,0,0,0,0,0,0,0,0,0,1,0,0,0,0,0,0,0,0,0,0,0,0,0,0,0,0,0,0,0,0,0,0,0,0,1,0,0,0,0,1,0,0,0,0,0,0,0,0,0,0,0,0,0,0,0,0,0,0,0,0,0,0,0,0,0,0,0,0,0,0,0,0,0,0,0
CZ,15,18,9,10,15,27,41,21,6,14,72,11,12,0,1,5,5,14,123,0,0,2,2,3,0,2,0,43,5,2,3,1,1,0,4,5,0,2,8,2,0,1,0,1,2,0,16,4,0,1,5,0,0,2,4,0,0,0,1,2,0,0,1,0,1,0,3,0,0,1,0,0,0,1,0,0,0,0,2,0,0,0,1,0,0,0,0,0,0,3,3,6,0,0,0,1,0,0,2,0,0,0,0,1,0,1,0,0,0,0,1,0,0,0,1,0,0,0,0,1,0,0,0,0,0,0,0,0,0,0,0,0,0,0,0,0,0,0,1,0,1,0,0,0,0,0,0,0,0,0,0,0,0,0,0,0,0,0,0,0,0,0,0,0,0,0,0,0,0,0,0,0,0,0,0
DE,289,330,106,476,351,348,2338,317,154,529,1505,147,490,2,100,63,78,218,3476,29,0,9,4,250,1,36,10,73,151,15,121,70,45,13,120,60,13,18,144,80,4,32,3,4,45,21,600,56,4,12,110,0,9,28,21,65,1,2,29,50,2,1,12,2,5,1,34,0,2,12,2,4,1,1,17,0,4,18,11,2,3,5,3,0,3,4,1,1,2,30,14,6,5,3,0,0,6,1,4,0,0,1,0,0,1,5,2,1,0,5,3,0,0,0,0,1,1,2,0,3,1,1,0,0,1,0,0,1,0,1,0,0,0,0,0,0,0,0,2,0,0,1,1,1,1,0,0,0,0,0,0,0,0,0,0,0,0,0,0,0,0,0,0,0,0,0,0,0,0,0,0,0,0,0,0
DK,42,57,10,82,43,41,225,43,14,64,247,19,64,1,25,6,7,50,466,9,0,4,1,28,0,4,2,6,125,2,21,8,6,2,19,9,3,0,17,3,0,1,0,0,6,1,90,11,0,0,3,0,1,4,2,7,0,0,4,5,2,1,2,0,3,0,0,0,2,0,0,2,0,0,4,0,0,2,4,1,1,1,1,0,0,0,1,0,0,12,3,2,0,1,0,0,1,0,0,0,1,0,0,0,0,2,1,0,0,0,0,0,0,0,0,0,0,0,0,0,0,0,0,0,0,0,0,0,0,0,0,0,0,0,0,0,0,0,0,0,0,0,0,0,0,0,0,0,0,0,0,0,0,0,0,0,0,0,0,0,0,0,0,0,0,0,0,0,0,0,0,0,0,0,0
DZ,0,6,0,5,1,16,2,9,0,12,12,1,15,0,1,2,0,0,37,3,0,0,0,3,0,0,1,0,0,1,4,2,0,0,2,6,0,0,3,0,0,0,0,0,0,4,3,0,0,0,2,0,4,2,1,2,0,1,0,0,0,0,0,0,0,0,4,0,0,0,0,0,0,0,1,15,0,1,1,0,0,0,0,0,0,0,0,0,0,0,0,0,0,1,0,0,0,0,0,0,0,0,0,0,0,0,0,0,0,0,0,0,0,0,0,0,0,0,0,0,0,0,0,0,0,0,0,0,0,0,0,0,0,0,0,0,0,1,0,0,0,0,0,0,0,0,0,0,0,0,0,0,0,0,0,0,0,0,0,0,0,0,0,0,0,0,0,0,0,0,0,0,0,0,0
EC,14,6,2,8,3,15,12,17,2,5,23,3,6,0,2,2,1,0,52,0,0,1,0,1,0,0,1,0,1,1,4,2,1,0,1,2,0,0,1,1,0,0,0,0,2,0,4,3,0,0,2,0,0,0,0,1,0,1,1,2,0,4,2,1,0,0,1,0,0,0,0,0,0,0,0,0,0,0,0,0,1,0,0,0,0,0,0,0,0,0,1,0,0,0,0,0,0,0,0,0,0,0,0,0,0,0,0,0,0,0,0,0,0,0,0,0,0,0,0,0,0,0,0,0,0,0,0,0,0,0,0,0,0,0,0,0,0,0,0,0,0,0,0,0,0,0,0,0,0,0,0,0,0,0,0,0,0,0,0,0,0,0,0,0,0,0,0,0,0,0,0,0,0,0,0
EE,1,5,1,8,2,1,11,2,2,18,32,1,1,0,0,1,0,6,47,0,0,0,0,3,0,0,0,0,3,0,2,1,2,0,1,2,0,0,2,3,0,2,0,0,1,1,15,4,0,0,1,0,0,0,0,1,0,0,0,0,0,0,30,0,0,0,0,0,0,0,0,0,0,0,0,0,0,0,0,0,0,0,0,0,0,0,0,0,0,1,0,0,0,0,0,0,0,0,0,0,0,0,0,0,0,0,0,0,0,0,0,0,0,0,0,0,0,0,0,0,0,0,0,0,0,0,0,0,0,0,0,0,0,0,0,0,0,0,0,0,0,0,0,0,0,0,0,0,0,0,0,0,0,0,0,0,0,0,0,0,0,0,0,0,0,0,0,0,0,0,0,0,0,0,0
EG,2,6,3,18,3,2,11,7,4,3,40,2,10,0,5,3,0,5,76,1,0,0,0,9,0,0,1,0,7,5,4,4,0,1,1,0,0,0,3,7,0,0,0,1,2,3,15,2,0,1,1,0,2,1,1,1,0,0,3,2,0,0,0,0,0,0,0,0,2,0,0,0,0,0,0,0,0,0,0,0,0,1,1,0,0,0,0,1,0,0,0,0,0,0,0,0,1,0,1,0,0,0,0,0,0,0,0,1,0,0,0,0,0,0,0,0,0,0,0,0,0,0,0,0,0,0,0,0,0,0,0,0,0,0,0,0,0,0,0,0,0,0,0,0,0,1,1,0,0,0,0,0,0,0,0,0,0,0,0,0,0,0,0,0,0,0,0,0,0,0,0,0,0,0,0
ES,94,184,59,210,103,94,352,804,53,257,732,55,329,3,43,75,32,57,1281,4,0,28,3,83,0,23,10,28,43,9,96,33,17,4,65,45,1,1,30,29,2,5,3,3,36,9,226,23,0,8,34,0,12,6,13,21,1,4,27,25,2,6,3,1,4,0,28,1,1,8,2,0,0,2,11,4,2,11,15,0,4,1,1,0,0,4,0,1,4,10,3,4,1,1,0,1,4,1,5,2,1,1,0,1,3,0,2,0,0,1,5,2,0,0,1,1,0,1,1,1,0,0,1,0,0,0,0,0,0,0,0,0,0,0,0,0,0,0,0,0,0,0,0,0,0,0,0,1,1,0,0,0,0,0,0,0,0,0,0,0,0,0,0,0,0,0,0,0,0,0,0,0,0,0,0
FI,22,66,17,75,63,38,232,52,529,96,375,21,73,0,31,6,13,69,642,4,0,0,3,36,2,2,2,15,44,4,19,8,13,1,23,8,3,0,24,10,1,4,0,0,8,14,158,7,0,4,16,0,1,2,0,11,0,0,7,4,0,2,4,0,3,0,2,0,0,1,0,0,0,0,6,1,2,10,4,0,2,3,1,0,0,3,0,0,0,11,1,1,0,1,0,0,0,0,2,0,0,2,0,0,1,1,0,0,0,0,1,0,0,0,0,0,0,0,0,0,0,0,0,0,0,0,0,0,0,0,0,0,0,0,0,0,0,0,0,0,0,0,0,0,0,0,0,0,0,1,0,0,0,0,0,0,0,0,0,0,0,0,0,0,0,0,0,0,0,0,0,0,0,0,0
FR,84,123,35,215,150,139,403,160,57,839,572,68,273,1,32,30,29,84,1342,14,0,7,2,115,3,8,6,38,36,4,87,26,11,4,52,24,6,3,61,43,5,15,2,2,12,12,197,21,4,6,21,1,6,8,14,27,0,13,27,13,0,0,7,1,0,0,15,1,2,6,2,0,2,2,7,8,0,3,13,0,7,1,3,0,3,0,0,0,1,11,3,5,3,3,1,0,0,0,4,0,0,0,1,0,3,0,0,1,0,10,3,0,0,0,0,0,1,0,0,2,0,0,0,1,0,0,0,0,0,0,0,0,0,0,0,0,0,1,0,1,1,0,0,0,0,0,0,0,1,0,1,1,1,1,1,1,0,0,0,0,0,0,0,0,0,0,0,0,0,0,0,0,0,0,0
GB,140,493,85,676,223,352,846,339,209,458,3380,157,492,5,133,91,71,209,4064,21,0,11,9,207,1,32,13,51,167,12,209,86,28,17,197,97,11,18,106,72,1,30,9,9,49,42,591,105,3,35,79,0,10,22,25,86,0,4,45,52,1,4,16,2,6,0,42,1,14,19,0,4,1,1,21,6,7,41,16,1,9,6,3,0,2,4,0,2,5,22,13,17,0,4,2,1,4,1,25,0,1,0,0,0,4,2,0,0,0,3,5,0,0,0,0,1,0,5,0,6,0,0,1,0,0,0,0,0,0,1,0,0,0,0,1,2,0,2,4,1,1,1,0,0,1,0,0,1,2,0,2,0,1,0,0,0,1,1,1,2,1,0,0,0,0,0,0,0,0,0,0,0,0,0,0
GE,0,0,0,0,0,0,0,0,0,0,0,0,0,0,0,0,0,0,1,0,0,0,0,0,0,0,0,0,0,0,0,0,0,0,0,0,0,0,0,0,0,0,0,0,0,0,0,0,0,0,0,0,0,0,0,0,0,0,0,0,0,0,0,0,0,0,0,0,0,0,0,0,0,0,0,0,0,0,0,0,0,0,0,0,0,0,0,0,0,0,0,0,0,0,0,0,0,0,0,0,0,0,0,0,0,0,0,0,0,0,0,0,0,0,0,0,0,0,0,0,0,0,0,0,0,0,0,0,0,0,0,0,0,0,0,0,0,0,0,0,0,0,0,0,0,0,0,0,0,0,0,0,0,0,0,0,0,0,0,0,0,0,0,0,0,0,0,0,0,0,0,0,0,0,0
GH,0,0,0,0,0,1,0,0,0,0,2,0,0,2,0,0,0,0,1,0,0,0,0,0,0,0,0,0,0,0,0,0,0,0,0,0,0,0,0,0,0,0,0,0,0,0,0,0,0,0,0,0,0,0,0,0,0,0,0,1,0,0,0,0,0,0,0,0,0,0,0,0,0,0,0,0,0,0,0,0,0,0,0,0,0,0,0,0,0,0,0,0,0,0,0,0,0,0,0,0,0,0,0,0,0,0,0,0,0,0,0,0,0,0,0,0,0,0,0,0,0,0,0,0,0,1,0,0,0,0,0,0,0,0,0,0,0,0,0,0,0,0,0,0,0,0,0,0,0,0,0,0,0,0,0,0,0,0,0,0,0,0,0,0,0,0,0,0,0,0,0,0,0,0,0
GR,42,87,33,99,54,85,179,114,29,126,409,78,238,4,18,40,6,32,693,3,0,2,0,53,0,5,1,15,29,14,460,15,4,1,27,32,1,1,31,33,1,7,0,2,13,10,94,18,1,3,15,1,1,6,12,16,0,2,24,14,0,1,1,1,1,0,18,0,2,6,3,1,1,1,24,0,1,2,11,0,1,1,1,0,0,1,3,0,2,5,1,0,0,2,0,1,2,0,5,2,0,0,0,0,0,1,1,1,0,3,1,0,0,0,0,0,1,0,0,0,0,1,0,0,0,0,0,1,0,1,0,0,0,0,0,0,1,0,0,0,0,0,0,0,0,0,0,0,0,0,0,0,0,0,0,0,0,0,0,0,0,1,0,0,0,0,0,0,0,0,0,0,0,0,0
HK,13,44,6,53,20,253,68,37,15,30,209,22,44,0,7,5,2,21,339,2,0,1,0,17,0,0,2,11,9,4,7,113,4,6,14,11,2,1,28,18,1,1,6,1,6,7,25,8,0,3,11,0,0,2,6,12,0,0,31,15,0,1,1,0,4,0,11,0,8,2,0,0,1,0,6,0,3,1,3,0,0,0,1,0,0,0,0,0,0,1,1,7,0,2,1,0,0,0,3,0,0,0,0,0,0,1,0,0,0,0,1,0,0,0,1,0,0,1,0,0,0,0,2,0,0,0,0,0,0,0,0,0,0,0,0,1,0,0,0,0,0,0,0,0,0,0,0,0,0,0,0,0,0,0,0,0,0,0,0,0,0,0,1,0,0,0,0,0,0,0,0,0,0,0,0
HR,7,14,11,16,8,31,20,17,10,20,83,4,20,4,3,0,0,10,86,0,0,1,2,8,0,1,0,5,7,1,8,6,1,0,10,3,1,0,4,0,0,0,0,12,3,7,16,11,0,1,0,0,0,3,2,3,0,0,0,5,0,0,0,0,0,0,2,0,4,0,0,0,0,0,3,2,0,39,0,0,0,3,0,0,0,1,0,0,0,21,1,0,0,1,0,0,1,0,0,0,0,0,0,0,1,0,0,0,0,1,0,1,0,0,1,0,0,0,0,3,0,0,0,0,0,0,0,0,0,0,0,0,0,0,0,0,0,0,1,0,0,0,0,0,0,0,0,0,0,0,0,0,0,0,0,0,0,0,0,0,0,0,0,0,0,0,0,0,0,0,0,0,0,0,0
HU,1,10,2,12,4,3,22,7,8,2,47,3,14,0,2,1,2,12,133,2,0,0,0,5,0,2,0,1,12,1,1,0,19,0,8,1,1,0,3,4,0,0,0,0,0,0,20,3,1,0,5,0,1,0,0,0,0,1,0,1,0,0,5,1,1,0,1,0,0,0,0,0,0,1,0,0,0,0,0,0,0,0,0,0,0,0,0,0,0,0,0,0,0,0,0,0,0,0,0,0,0,0,0,0,0,0,0,0,0,0,1,2,0,0,0,0,0,0,0,0,0,0,0,0,0,0,0,0,0,0,0,0,0,0,0,0,0,0,0,0,0,0,0,0,0,1,0,0,0,0,0,0,0,0,0,0,0,0,0,0,0,0,0,0,0,0,0,0,0,0,0,0,0,0,0
ID,6,49,4,25,6,57,39,19,4,18,77,6,26,2,11,6,3,8,194,11,0,0,4,8,1,2,3,3,8,3,5,13,1,138,8,30,0,6,13,16,1,0,3,0,3,22,17,3,0,4,1,0,5,2,9,7,0,2,18,5,0,3,2,2,0,0,10,0,1,0,2,0,0,0,0,0,4,0,6,1,1,1,1,0,0,0,0,3,3,2,0,2,0,0,0,1,0,0,1,0,0,0,0,0,0,0,0,0,0,9,0,1,0,0,0,0,0,1,1,0,0,0,0,0,0,0,0,0,0,0,0,0,0,0,0,0,0,0,2,0,0,0,0,0,1,0,0,0,0,0,0,0,0,0,0,0,0,1,0,0,1,0,0,0,0,0,0,0,0,0,0,0,0,0,0
IE,32,58,12,61,34,41,141,46,14,66,290,18,78,1,15,8,9,22,417,1,0,1,0,32,0,1,2,5,13,0,22,8,1,2,135,5,1,1,14,7,0,2,3,0,4,2,85,7,1,0,11,1,3,0,0,7,1,0,11,6,0,0,1,0,1,0,9,0,0,4,0,0,0,0,7,0,0,1,3,1,1,1,0,0,0,1,0,0,1,2,0,0,1,1,0,0,0,1,2,0,0,0,0,0,0,1,0,0,0,1,1,0,0,0,0,0,0,1,0,1,0,0,0,0,0,0,0,0,1,0,0,0,0,0,0,0,0,0,0,0,0,0,0,0,1,1,0,0,0,0,0,0,0,0,0,0,0,0,0,0,0,0,0,1,0,0,0,0,0,0,0,0,0,0,0
IL,21,40,12,88,48,63,162,31,15,94,223,234,83,1,9,8,13,15,572,5,0,1,1,34,0,2,0,23,11,3,53,13,3,0,24,17,4,0,31,23,0,3,2,2,3,3,53,5,0,0,4,0,2,7,2,16,0,1,5,2,0,0,2,0,0,0,7,0,0,2,0,0,0,0,10,0,0,2,1,0,1,1,0,0,0,2,0,0,0,0,1,0,0,1,0,0,1,0,1,0,0,0,0,0,0,2,1,0,0,1,0,0,0,0,0,0,0,0,0,0,0,0,0,0,0,0,0,0,0,0,0,0,0,0,0,0,0,0,1,1,0,0,0,0,0,0,0,0,0,0,0,0,0,0,0,0,0,0,0,0,0,0,0,0,1,0,0,0,0,0,0,0,0,0,0
IN,14,53,11,52,24,100,91,50,13,64,173,16,67,8,13,6,9,15,435,7,0,2,7,16,0,3,1,8,2,7,42,14,6,7,17,168,0,5,17,14,4,1,0,0,4,14,47,7,0,13,13,2,5,3,14,14,1,5,26,9,1,2,1,2,0,0,18,0,1,1,1,0,0,0,10,2,1,1,15,0,2,0,3,0,0,0,0,1,1,4,2,1,0,2,0,0,2,0,5,0,2,0,0,0,0,2,0,0,0,1,0,0,0,0,0,0,0,1,0,0,0,0,0,0,0,0,0,0,0,0,0,0,0,0,0,0,0,0,0,0,0,0,0,0,0,0,0,0,0,0,0,0,0,0,0,0,0,0,0,0,1,0,0,0,0,1,0,0,0,0,0,0,0,0,0
IQ,1,2,1,3,1,4,6,3,2,1,10,2,4,1,0,1,0,0,19,4,0,0,2,2,2,0,0,0,1,0,3,1,0,10,0,5,0,3,0,2,0,0,1,0,0,2,1,2,0,0,0,0,1,0,0,1,0,0,3,2,0,0,0,0,0,0,1,0,0,0,1,0,0,0,0,0,0,0,3,0,1,0,1,0,0,0,0,1,0,0,0,0,0,0,0,0,0,0,0,0,0,1,0,0,0,0,1,0,0,7,0,0,0,0,0,0,0,0,1,0,0,0,0,0,0,0,0,0,0,0,0,0,0,0,0,0,0,0,1,0,0,0,0,0,1,0,0,0,0,0,0,0,0,0,0,0,0,0,0,0,0,0,0,0,0,0,0,0,0,0,0,0,0,0,0
IR,1,21,7,33,9,75,45,24,10,24,95,9,37,2,2,22,12,13,239,10,0,2,1,7,1,3,1,7,4,2,11,4,4,6,6,15,0,2,14,13,1,0,0,0,11,6,18,6,0,11,9,0,1,2,8,19,0,0,9,4,0,0,0,0,1,0,15,0,3,0,0,0,0,0,2,0,1,1,257,0,0,0,2,0,0,0,0,1,0,4,1,0,0,8,0,1,0,0,1,0,0,1,1,0,0,0,0,0,0,9,0,0,0,0,0,0,0,0,0,0,0,0,0,0,0,0,0,0,0,0,0,1,0,0,0,0,0,0,2,0,0,0,0,0,0,0,0,0,0,0,0,0,0,0,0,0,0,0,0,0,0,0,0,0,0,0,0,0,0,0,0,0,0,0,0
IS,0,2,0,0,0,0,2,0,0,0,2,0,0,0,1,0,0,1,9,0,0,0,0,2,0,0,0,1,0,0,0,0,0,0,0,0,3,0,0,0,0,0,0,0,0,0,1,0,0,0,0,0,0,0,0,0,0,0,0,0,0,0,0,0,0,0,0,0,0,0,0,0,0,0,0,0,0,0,0,0,0,0,0,0,0,0,0,0,0,0,0,0,0,0,0,0,0,0,0,0,0,0,0,0,0,0,0,0,0,0,0,0,0,0,0,0,0,0,0,0,0,0,0,0,0,0,0,0,0,0,0,0,0,0,0,0,0,0,0,0,0,0,0,0,0,0,0,0,0,0,0,0,0,0,0,0,0,0,0,0,0,0,0,0,0,0,0,0,0,0,0,0,0,0,0
IT,117,239,65,302,199,254,671,360,71,444,1108,122,1571,1,61,72,41,137,2187,8,0,13,2,167,0,16,7,31,70,14,222,59,29,6,116,56,4,4,118,83,3,9,9,2,26,23,361,36,6,10,45,1,16,20,12,53,1,7,38,30,0,7,10,2,8,0,40,0,4,12,2,0,0,1,34,4,1,16,9,3,6,1,4,1,0,1,0,0,5,15,5,7,0,8,1,3,0,1,6,1,3,1,0,1,6,1,2,0,0,3,3,2,0,0,2,2,0,1,0,1,1,0,1,0,0,0,0,0,0,0,0,0,0,0,0,0,1,1,1,0,0,0,0,1,2,0,0,0,1,0,1,0,0,0,0,0,0,0,0,0,1,0,0,0,0,0,1,0,0,0,0,0,0,0,0
JO,0,5,1,7,2,10,6,5,0,2,30,1,5,0,1,2,1,2,41,1,0,0,1,1,1,1,0,1,1,1,5,1,0,1,0,1,0,20,0,5,0,0,0,0,0,2,2,5,0,1,2,0,0,0,5,1,0,0,0,1,0,0,1,0,1,0,0,0,0,0,0,0,0,0,1,0,0,0,0,0,1,0,0,0,1,0,0,1,2,0,1,0,0,0,0,0,0,0,0,0,0,0,0,0,0,0,0,0,0,0,1,0,0,0,0,0,0,0,1,0,0,0,0,0,0,0,0,0,0,0,0,0,0,0,0,0,0,0,0,0,0,0,0,0,0,0,0,0,0,0,0,0,0,0,0,0,0,0,0,0,0,0,0,0,0,0,0,0,0,0,0,0,0,0,0
JP,18,44,11,69,43,125,120,46,36,40,191,19,48,1,18,7,4,14,559,2,0,1,3,23,0,2,5,9,7,3,5,14,7,5,19,17,0,2,195,18,0,1,0,0,3,6,62,21,0,4,9,0,2,1,4,12,0,3,24,6,0,2,2,1,1,1,7,0,2,4,0,0,1,1,0,0,0,1,7,0,0,2,1,1,1,2,0,0,1,2,1,0,0,1,1,0,1,0,2,0,0,0,0,0,0,0,1,0,0,0,2,0,0,1,1,0,0,1,0,1,0,0,2,1,1,0,0,0,0,0,0,1,0,0,0,0,0,0,0,0,0,0,0,0,0,0,0,0,0,0,1,0,1,0,0,0,0,0,0,0,0,0,0,0,0,0,1,0,0,0,0,0,0,0,0
KE,0,0,0,1,0,2,0,0,1,0,5,0,1,0,1,0,0,4,15,0,0,0,3,0,0,0,0,0,0,0,0,2,0,0,0,1,0,0,0,1,0,0,0,0,0,1,0,0,0,1,0,0,0,0,0,0,0,0,1,0,0,0,0,1,0,0,0,0,0,0,0,0,0,0,0,0,0,0,0,0,0,0,0,0,0,0,0,0,0,0,0,0,0,1,0,0,0,0,0,0,0,0,0,0,0,0,0,1,0,0,0,0,0,0,0,0,0,1,0,0,0,0,0,0,0,0,0,0,0,0,0,0,0,0,0,0,0,0,0,0,0,0,0,0,0,0,0,0,0,0,0,0,0,0,0,0,0,0,0,0,1,0,0,0,0,0,0,0,0,0,0,0,0,0,0
KR,20,49,11,62,21,92,120,51,21,38,148,15,58,0,15,14,6,12,398,3,0,2,0,11,0,5,0,5,14,3,22,18,3,5,15,14,0,3,37,108,1,3,0,0,3,8,43,9,1,3,8,0,2,1,5,23,0,1,9,5,0,0,0,0,0,0,9,0,0,0,9,0,0,1,0,1,0,0,27,0,1,0,1,0,0,0,0,1,2,1,0,1,1,1,1,1,0,0,5,0,0,0,0,0,0,0,0,0,0,0,0,0,0,0,0,0,0,0,0,0,0,0,0,0,0,0,0,1,0,0,0,0,0,0,0,0,0,0,0,0,0,0,0,0,0,0,0,0,0,0,0,0,0,0,0,0,0,0,0,0,0,0,0,0,0,0,0,0,0,0,0,0,0,0,0
KW,0,1,0,2,0,1,3,2,1,1,2,0,3,0,0,0,0,0,16,0,0,0,0,1,0,0,1,1,0,0,0,0,1,0,0,1,0,0,0,1,0,0,0,0,0,0,1,0,0,0,0,0,1,0,0,0,0,0,0,0,0,0,0,0,0,0,0,0,0,0,0,0,0,0,0,0,0,0,0,0,0,0,0,0,0,0,0,0,0,0,0,0,0,0,0,1,0,0,0,0,0,0,0,0,0,0,0,0,0,0,0,0,0,0,0,0,0,0,0,0,0,0,0,0,0,0,0,0,0,0,0,0,0,0,0,0,0,0,0,0,0,0,0,0,0,0,0,0,0,0,0,0,0,0,0,0,0,0,0,0,0,0,0,0,0,0,0,0,0,0,0,0,0,0,0
KZ,3,7,0,7,1,6,6,2,1,2,22,3,3,0,3,1,1,1,30,0,0,0,1,3,0,2,1,1,1,3,3,2,1,6,7,7,0,0,2,1,0,0,1,1,0,1,7,0,0,2,1,0,2,0,5,1,1,0,0,0,0,0,0,0,0,0,2,1,0,0,0,0,0,0,0,0,0,0,0,0,0,0,0,0,0,0,0,0,0,0,0,3,0,0,0,0,1,0,0,0,0,0,0,0,0,1,0,0,0,0,0,0,0,0,2,0,0,0,0,0,0,0,0,0,1,0,0,0,0,0,0,0,0,0,0,0,0,3,1,0,0,0,0,0,0,0,0,0,0,0,0,0,0,0,0,0,0,0,0,0,0,0,0,0,0,0,0,0,0,0,0,0,0,0,0
LB,0,5,2,12,2,15,4,12,0,10,16,0,30,0,2,2,2,1,8,0,0,1,1,2,0,2,0,0,0,0,8,4,0,0,1,2,0,0,1,4,0,0,0,1,0,0,5,0,0,2,2,0,1,1,1,2,0,1,1,1,0,0,1,0,1,0,2,0,0,1,0,0,0,1,3,0,0,0,3,0,0,0,0,0,0,0,0,0,2,2,1,1,0,1,0,0,0,0,0,0,0,0,0,0,0,0,0,0,0,0,0,0,0,0,0,0,0,0,0,0,0,0,1,0,0,0,0,0,0,0,0,0,0,0,0,0,0,0,0,0,0,0,0,0,0,0,0,0,0,0,0,0,0,0,0,0,0,0,0,0,0,0,0,0,0,0,0,0,0,0,0,0,0,0,0
LK,0,0,1,2,1,1,4,2,5,3,6,0,1,0,0,0,0,2,6,0,0,0,0,2,0,0,0,0,2,1,0,0,0,0,0,4,0,0,1,0,0,0,0,0,0,0,1,0,0,0,0,0,0,1,0,0,0,0,0,0,0,0,0,0,0,0,0,0,0,0,0,0,0,0,0,0,0,0,0,0,0,0,0,0,0,0,0,0,0,0,0,0,0,0,0,0,2,0,0,0,0,0,0,0,0,0,0,0,0,0,0,0,0,0,0,0,0,0,0,0,0,0,0,0,0,0,0,0,0,0,0,0,0,0,0,0,0,0,0,0,0,0,0,0,0,0,0,0,0,0,0,0,0,0,0,0,0,0,0,0,0,0,0,0,0,0,0,0,0,0,0,0,0,0,0
LT,1,6,1,7,3,23,9,5,4,6,28,2,5,0,2,2,2,6,50,0,0,1,0,5,0,0,0,0,2,0,0,2,2,1,3,0,0,1,0,0,0,1,0,0,0,1,8,1,0,2,1,0,0,0,0,1,0,0,0,1,0,0,0,1,0,0,1,1,0,0,0,0,0,0,0,0,0,0,0,0,6,0,0,0,0,0,0,1,0,0,0,0,0,0,0,0,0,0,0,0,0,0,0,0,0,0,0,0,0,0,0,2,0,0,0,0,0,0,0,0,0,0,0,0,0,0,0,0,0,0,0,0,0,0,0,0,0,0,0,0,0,0,0,0,0,0,0,0,0,0,0,0,0,0,0,0,0,0,0,0,0,0,0,0,0,0,0,0,0,0,0,0,0,0,0
LU,29,29,8,56,25,19,120,34,28,82,194,20,43,0,11,4,2,26,346,0,0,3,0,15,0,0,3,4,28,1,15,6,3,1,18,5,0,1,15,3,1,56,0,1,1,1,84,10,2,1,8,0,0,1,2,3,0,0,3,6,0,1,3,0,0,2,1,0,1,0,0,0,0,0,0,0,1,4,1,0,0,0,1,0,0,0,0,0,0,5,0,2,0,0,0,0,0,0,0,0,0,0,0,0,1,0,0,0,0,0,1,0,0,0,0,1,0,0,0,0,0,0,0,0,0,0,0,0,0,0,0,0,0,0,0,0,0,0,0,0,0,0,0,0,0,0,0,0,0,0,0,0,0,0,0,0,0,0,0,0,0,0,0,0,0,0,0,0,0,0,0,0,0,0,0
LV,2,3,0,8,5,3,10,5,3,5,14,2,3,0,4,0,1,4,29,0,0,0,0,0,0,0,0,1,4,0,3,0,0,0,0,2,0,1,4,1,0,0,0,0,1,0,5,1,0,0,0,0,0,0,0,0,0,0,1,1,0,0,0,0,1,0,0,0,0,0,0,0,0,0,0,0,0,1,1,0,0,4,0,0,0,1,0,0,0,0,0,0,0,0,0,0,0,0,0,0,0,0,0,0,0,0,0,0,0,0,0,0,0,0,0,0,0,0,0,0,0,0,0,0,0,0,0,0,0,0,0,0,0,0,0,0,0,0,0,0,0,0,0,0,0,0,0,0,0,0,0,0,0,0,0,0,0,0,0,0,0,0,0,0,0,0,0,0,0,0,0,0,0,0,0
MA,2,6,1,15,8,6,8,7,1,15,13,2,8,1,0,2,2,0,49,2,0,1,0,2,0,0,0,0,4,1,3,3,0,0,2,5,0,5,1,2,2,0,0,0,0,1,5,0,0,4,1,0,0,4,4,5,0,2,1,1,0,0,0,0,0,0,1,0,0,0,0,0,0,0,0,2,0,0,0,0,0,0,9,0,0,0,0,1,0,0,0,0,0,0,0,2,0,0,0,0,0,0,0,0,0,0,0,0,0,1,0,0,0,0,1,0,0,1,0,0,0,0,0,0,0,0,0,0,0,0,0,0,0,0,0,0,0,0,0,0,0,0,0,0,0,0,0,0,0,0,0,0,0,0,1,0,0,0,0,0,0,0,0,0,0,0,0,0,0,0,0,0,0,0,0
MD,0,0,0,2,0,0,0,0,0,0,2,0,0,0,0,0,0,0,1,0,0,0,0,0,0,0,0,0,0,0,0,0,0,0,0,0,0,0,0,0,0,0,0,0,0,0,0,0,0,0,0,0,0,0,0,0,0,0,0,0,0,0,0,0,0,0,0,0,0,0,0,0,0,0,0,0,0,0,0,0,0,0,0,0,0,0,0,0,0,0,0,0,0,0,0,0,0,0,0,0,0,0,0,0,0,0,0,0,0,0,0,0,0,0,0,0,0,0,0,0,0,0,0,0,0,0,0,0,0,0,0,0,0,0,0,0,0,0,0,0,0,0,0,0,0,0,0,0,0,0,0,0,0,0,0,0,0,0,0,0,0,0,0,0,0,0,0,0,0,0,0,0,0,0,0
ME,1,1,0,3,1,3,4,0,0,2,5,1,1,0,2,0,0,0,12,0,0,0,0,0,0,0,0,2,0,0,3,0,0,0,0,1,0,0,0,2,0,0,0,0,0,0,0,0,0,0,0,0,0,0,0,0,0,0,0,0,0,0,1,0,0,0,0,0,0,0,0,0,0,0,0,0,0,1,0,0,0,0,0,0,0,0,0,0,0,2,0,0,0,0,0,0,0,0,0,0,0,0,0,0,0,0,0,0,0,0,0,0,0,0,0,0,1,0,0,0,0,0,0,0,0,0,0,0,0,0,0,0,0,0,0,0,0,0,0,0,0,0,0,0,0,0,0,0,0,0,0,0,0,0,0,0,0,0,0,0,0,0,0,0,0,0,0,0,0,0,0,0,0,0,0
MK,0,1,0,0,0,0,3,0,0,0,2,0,2,0,0,0,0,1,3,0,0,0,0,1,0,0,0,0,0,0,0,0,0,0,1,0,0,0,0,0,0,0,0,0,0,0,0,0,0,0,0,0,0,0,0,0,0,0,0,0,0,0,0,0,0,0,0,0,0,0,0,0,0,0,0,0,0,0,0,0,0,0,0,0,0,0,0,0,0,0,0,0,0,0,0,0,0,0,0,0,0,0,0,0,0,0,0,0,0,0,0,0,0,0,0,0,0,0,0,0,0,0,0,0,0,0,0,0,0,0,0,0,0,0,0,0,0,0,0,0,0,0,0,0,0,0,0,0,0,0,0,0,0,0,0,0,0,0,0,0,0,0,0,0,0,0,0,0,0,0,0,0,0,0,0
ML,0,0,1,6,6,3,5,0,1,8,7,0,2,0,1,0,1,0,12,0,0,0,0,2,0,0,0,1,1,0,0,1,0,0,1,0,0,0,1,1,0,0,0,0,0,0,1,0,0,0,0,0,0,0,1,1,0,0,2,0,0,0,1,0,0,0,0,0,0,0,0,0,0,0,0,0,0,0,0,0,0,0,0,0,1,0,0,0,0,0,0,0,0,0,0,0,0,0,0,0,0,0,0,0,0,0,0,1,0,0,0,0,0,0,0,0,0,0,0,0,0,0,0,0,0,0,0,0,0,0,0,0,0,0,0,0,0,0,0,0,0,0,0,0,0,0,0,0,0,0,0,0,0,0,0,0,0,0,0,0,0,0,0,0,0,0,0,0,0,0,0,0,0,0,0
MN,1,1,0,6,1,9,8,4,2,5,11,2,6,0,0,0,0,1,24,0,0,0,0,4,0,0,0,0,2,0,2,0,0,0,2,1,0,0,2,0,0,1,0,0,0,0,4,0,0,0,0,0,0,0,0,1,0,0,0,0,0,0,0,0,0,0,0,0,0,0,0,0,0,0,0,0,0,0,0,0,0,0,0,0,0,0,0,0,0,0,0,0,0,0,0,0,0,0,0,0,0,0,0,0,0,0,0,0,0,0,0,0,0,0,0,0,0,0,0,0,0,0,0,0,0,0,0,0,0,0,0,0,0,0,0,0,0,0,0,0,0,0,0,0,0,0,0,0,0,0,0,0,0,0,0,0,0,0,0,0,0,0,0,0,0,0,0,0,0,0,0,0,0,0,0
MO,3,8,1,9,0,25,4,2,1,2,30,1,8,2,5,1,3,2,38,0,0,0,0,4,0,0,1,1,4,1,1,3,0,0,5,3,0,0,0,1,0,0,4,1,2,2,7,2,0,3,1,0,1,0,1,0,0,0,0,0,0,0,0,0,0,0,0,0,0,0,0,0,0,0,0,0,0,0,0,0,0,0,0,0,0,0,0,0,0,0,0,0,0,0,0,1,0,0,0,0,0,0,0,0,0,0,0,0,0,0,0,0,0,0,0,0,0,0,0,0,0,0,0,0,0,0,1,0,0,0,0,0,0,0,0,0,0,0,1,0,0,0,0,0,0,0,0,0,0,0,0,0,0,0,0,0,0,0,0,0,0,0,0,0,0,0,0,0,0,0,0,0,0,0,0
MT,2,2,0,0,0,0,1,5,1,0,13,0,8,0,1,0,0,1,5,0,0,0,0,0,0,0,0,0,3,0,3,0,0,0,0,0,0,0,0,1,0,0,0,0,0,0,1,0,0,0,0,0,0,0,0,0,0,0,0,0,0,0,0,0,0,0,0,0,0,0,0,0,0,0,0,0,0,0,0,0,0,0,0,0,0,0,0,0,0,0,0,0,0,0,0,0,0,0,0,0,0,0,0,0,0,0,0,0,0,0,0,0,0,0,0,0,0,0,0,0,0,0,0,0,0,0,0,0,0,0,0,0,0,0,0,0,0,0,0,0,0,0,0,0,0,0,0,0,0,0,0,0,0,0,0,0,0,0,0,0,0,0,0,0,0,0,0,0,0,0,0,0,0,0,0
MU,0,1,0,0,0,0,1,0,0,0,4,0,0,0,1,0,0,0,4,0,0,0,0,0,0,0,0,0,0,0,0,0,0,0,0,0,0,0,0,0,0,0,0,0,0,0,1,0,0,0,0,0,0,0,0,0,0,0,0,0,0,0,0,0,0,0,1,0,0,0,0,0,0,0,0,0,0,0,0,0,0,0,0,0,0,0,0,0,0,0,0,0,0,0,0,0,0,0,0,0,0,0,0,0,0,0,0,0,0,0,0,0,0,0,0,0,0,0,0,0,0,0,0,0,0,0,0,0,0,0,0,0,0,0,0,0,0,0,0,0,0,0,0,0,0,0,0,0,0,0,0,0,0,0,0,0,0,0,0,0,0,0,0,0,0,0,0,0,0,0,0,0,0,0,0
MX,9,9,12,25,22,21,50,33,7,21,81,3,18,0,6,18,0,11,173,0,0,6,0,16,0,5,3,1,7,0,7,2,1,4,6,3,0,0,7,2,0,0,0,0,31,1,19,3,0,1,3,0,0,1,1,5,0,0,2,3,2,0,1,1,1,0,2,0,0,0,0,2,0,0,0,0,0,0,1,0,1,1,0,0,0,0,0,0,2,2,0,3,0,0,0,0,0,0,0,0,0,0,0,0,0,0,0,0,0,0,1,0,0,0,0,0,0,1,0,0,0,0,1,0,0,0,0,0,0,0,0,0,0,0,0,0,0,0,0,0,0,0,0,0,0,0,0,1,0,0,0,0,0,0,0,0,0,0,0,0,0,0,0,0,2,0,0,0,0,0,0,0,0,0,0
MY,19,37,4,20,10,111,31,24,9,23,99,7,50,3,10,10,6,7,205,1,0,0,5,6,0,2,0,4,8,4,26,13,2,14,10,11,0,1,17,15,1,1,2,1,3,53,18,8,2,5,3,0,1,3,9,10,0,0,16,1,0,2,2,2,2,0,14,0,0,1,1,0,0,0,3,3,1,3,36,0,2,0,1,0,0,1,0,1,1,3,1,2,0,7,0,1,0,0,4,0,0,0,0,0,1,1,0,0,0,0,0,1,0,0,0,0,0,1,0,0,0,0,0,0,0,0,0,0,0,0,0,0,0,0,0,0,0,0,1,0,0,0,0,0,1,0,0,0,0,0,0,0,0,0,0,0,0,0,0,0,1,0,0,0,0,0,0,0,0,0,0,0,0,0,0
NA,0,0,0,0,0,0,1,0,0,0,0,0,0,0,0,1,0,0,0,0,0,0,0,0,0,0,0,0,0,0,1,0,0,0,0,0,0,0,0,0,0,0,0,0,0,0,0,0,0,0,0,0,0,0,0,0,0,0,0,0,0,0,0,0,0,0,0,0,0,0,0,0,0,0,0,0,0,0,0,0,0,0,0,0,0,0,0,0,0,0,0,0,0,0,0,0,0,0,0,0,0,0,0,0,0,0,0,0,0,0,0,0,0,0,0,0,0,0,0,0,0,0,0,0,0,0,0,0,0,0,0,0,0,0,0,0,0,0,0,0,0,0,0,0,0,0,0,0,0,0,0,0,0,0,0,0,0,0,0,0,0,0,0,0,0,0,0,0,0,0,0,0,0,0,0
NG,0,11,2,12,1,20,12,5,2,4,39,1,7,22,3,2,1,6,100,3,0,1,0,4,1,0,0,2,2,0,3,1,0,0,1,18,0,0,1,6,0,0,0,1,1,3,11,2,0,1,2,0,3,1,7,0,0,0,3,8,0,0,0,0,3,1,1,0,0,0,0,0,0,0,0,0,0,0,0,0,0,0,0,0,0,0,0,1,0,0,1,1,0,0,0,0,1,0,0,0,0,0,0,0,0,0,0,0,0,0,0,0,0,0,0,0,0,0,0,1,0,0,0,1,0,1,0,0,0,0,0,0,0,0,0,0,0,0,0,0,0,0,0,0,0,0,0,0,0,0,0,0,0,0,0,0,0,0,0,0,0,0,0,0,0,0,0,0,0,0,0,0,0,0,0
NL,94,188,51,280,142,128,499,163,94,246,919,40,196,3,53,22,33,97,1818,5,0,5,5,143,2,12,2,30,95,4,67,27,7,34,82,21,4,4,58,28,0,20,2,3,13,19,817,21,1,4,30,0,5,3,6,38,0,3,19,35,0,6,7,1,2,0,23,0,2,8,1,0,1,0,7,1,1,9,20,0,5,2,3,0,0,2,0,2,3,9,7,4,3,0,0,0,2,1,3,0,0,0,0,0,3,0,1,0,0,2,4,0,0,0,0,1,1,0,1,2,0,0,0,0,0,0,0,0,0,1,0,0,0,0,0,0,0,0,2,1,0,0,0,0,0,0,0,0,0,0,0,0,0,1,1,0,0,0,0,0,0,0,0,0,0,0,0,1,0,0,0,0,0,0,0
NO,12,31,4,43,22,19,47,19,12,21,137,10,29,1,46,8,5,20,251,0,0,0,0,10,0,2,1,8,16,0,13,3,5,1,14,1,1,0,8,5,0,0,0,1,2,1,30,3,0,0,3,0,0,1,0,2,0,0,1,6,0,0,0,0,1,0,1,0,0,1,0,0,0,0,2,0,0,1,0,0,0,0,0,0,0,2,0,0,2,1,1,0,0,1,0,0,0,0,0,0,0,0,0,0,0,0,0,0,0,1,0,0,0,0,0,0,0,0,0,1,0,0,0,0,0,0,0,0,0,0,0,0,0,0,0,0,0,0,0,0,0,0,0,0,0,0,0,0,0,0,0,0,0,0,0,0,0,0,0,0,0,0,0,0,0,0,0,0,0,0,0,0,0,0,0
NP,0,0,0,2,1,2,5,0,0,0,0,0,1,0,0,0,1,0,4,0,0,0,0,1,0,0,0,0,0,0,0,1,0,0,0,0,0,0,0,0,0,0,0,0,0,0,0,0,0,0,0,0,0,0,0,0,0,0,0,0,0,0,0,0,0,0,0,0,0,0,0,0,0,0,0,0,0,0,0,0,0,0,0,0,0,0,0,0,0,0,0,0,0,0,0,0,0,0,0,0,0,0,0,0,0,0,0,0,0,0,0,0,0,0,0,0,0,0,0,0,0,0,0,0,0,0,0,0,0,0,0,0,0,0,0,0,0,0,0,0,0,0,0,0,0,0,0,0,0,0,0,0,0,0,0,0,0,0,0,0,0,0,0,0,0,0,0,0,0,0,0,0,0,0,0
NZ,1,16,1,20,8,2,19,5,3,10,66,2,13,0,1,6,0,2,104,0,0,0,0,1,1,1,0,0,3,0,7,3,0,0,3,0,0,0,4,1,0,1,0,0,2,1,12,27,0,1,1,0,0,0,1,1,0,0,1,0,0,0,1,0,0,0,2,0,0,0,0,0,0,0,2,0,0,0,0,0,0,0,0,0,0,0,0,0,0,2,0,0,0,0,0,0,0,0,1,0,0,0,0,0,0,0,0,0,0,0,0,0,0,0,0,0,0,2,0,0,0,0,0,0,0,0,0,0,0,0,0,0,0,0,0,0,0,0,0,0,0,0,0,0,0,0,0,0,0,0,0,0,0,0,0,0,0,0,0,0,0,0,0,0,0,0,0,0,0,0,0,0,0,0,0
OM,0,0,0,0,0,0,0,0,0,0,1,0,0,0,0,0,0,0,3,1,0,0,0,0,0,0,0,0,0,0,0,0,0,0,0,0,0,0,0,0,0,0,0,0,0,0,1,0,0,0,0,0,0,0,0,0,0,0,0,0,0,0,0,0,0,0,0,0,0,0,0,0,0,0,0,0,0,0,0,0,0,0,1,0,0,0,0,0,0,0,0,0,0,0,0,0,0,0,0,0,0,0,0,0,0,0,0,0,0,0,0,0,0,0,0,0,0,0,0,0,0,0,0,0,0,0,0,0,0,0,0,0,0,0,0,0,0,0,0,0,0,0,0,0,0,0,0,0,0,0,0,0,0,0,0,0,0,0,0,0,0,0,0,0,0,0,0,0,0,0,0,0,0,0,0
PE,2,5,1,3,2,11,12,1,0,4,6,7,4,0,2,0,0,0,23,0,0,0,0,0,0,0,0,0,0,0,10,0,0,0,0,1,0,1,2,0,1,0,0,0,0,0,1,0,0,1,0,0,0,0,0,0,0,1,1,0,0,1,0,0,0,0,2,0,0,0,0,0,0,0,0,0,0,0,0,0,0,0,0,0,0,0,0,0,4,0,0,0,0,0,0,0,0,0,1,0,0,0,0,0,0,0,0,0,0,0,0,0,0,0,0,0,0,0,0,0,0,0,0,0,0,0,0,0,0,0,0,0,0,0,0,0,0,0,0,0,0,0,0,0,0,0,0,0,0,0,0,0,0,0,0,0,0,0,0,0,0,0,0,0,0,0,0,0,0,0,0,0,0,0,0
PH,0,5,0,8,3,4,9,2,1,8,10,3,2,0,0,1,0,0,59,1,0,0,0,3,0,0,0,0,4,1,1,2,0,1,2,5,0,0,1,2,0,0,0,0,0,0,6,1,5,0,0,0,0,0,0,1,0,0,1,0,0,0,0,0,0,0,2,0,0,0,0,0,0,0,0,0,0,0,0,0,1,0,0,0,0,0,0,0,0,1,0,0,0,0,0,0,0,0,0,0,0,0,0,0,0,0,0,0,0,0,0,0,0,0,0,0,0,0,0,0,0,0,0,0,0,0,0,0,0,0,0,0,0,0,0,0,0,0,0,0,0,0,0,0,0,0,0,0,0,0,0,0,0,0,0,0,0,0,0,0,0,0,0,0,0,0,0,0,0,0,0,0,0,0,0
PK,5,11,4,3,6,14,21,7,2,7,29,0,10,0,1,4,0,1,49,1,1,1,2,0,0,0,0,2,3,1,1,2,0,2,5,5,0,1,8,5,0,0,1,0,0,0,4,1,1,17,3,0,1,1,2,0,0,0,0,4,1,0,1,0,0,0,1,0,0,0,0,0,0,0,0,2,1,0,2,1,0,0,0,0,0,0,0,0,0,0,0,0,0,1,0,0,0,0,2,0,0,0,0,0,0,0,0,0,0,0,1,0,0,0,0,0,0,0,0,0,0,0,0,0,0,0,0,0,0,0,0,0,0,0,0,0,0,0,0,0,0,0,0,0,0,0,0,0,0,0,1,0,0,0,0,0,0,0,0,0,1,0,0,0,0,0,0,0,0,0,0,0,0,0,0
PL,17,44,8,48,22,41,109,29,14,46,150,17,62,0,8,4,4,17,317,3,0,1,4,36,0,1,1,5,15,2,13,12,6,1,5,13,1,0,9,6,0,2,1,0,5,4,53,7,0,2,151,0,1,3,1,2,0,0,5,3,0,0,4,0,0,0,10,0,2,1,0,0,0,0,2,0,0,2,1,0,2,0,0,0,0,0,0,1,0,1,0,2,0,0,0,0,1,0,0,0,0,0,0,0,1,0,1,0,0,0,0,0,0,0,0,0,0,0,0,0,0,0,0,0,0,0,0,0,0,0,0,0,0,0,1,0,0,0,0,0,0,0,0,0,0,0,0,0,0,0,0,0,0,0,0,0,0,0,0,0,0,0,0,0,0,0,0,0,0,0,0,0,0,0,0
PR,0,1,0,0,0,1,2,0,0,2,4,1,0,0,1,0,1,2,21,0,0,0,0,1,0,0,0,1,0,0,0,1,0,0,0,0,0,0,0,0,0,0,0,0,1,0,1,0,0,0,0,0,0,0,0,0,0,0,0,0,0,0,0,0,0,0,0,0,0,0,0,0,0,0,0,0,0,0,0,0,0,0,0,0,0,0,0,0,0,0,0,0,0,0,0,0,0,0,0,0,0,0,0,0,0,0,0,0,0,0,0,0,0,0,0,0,0,0,0,0,0,0,0,0,0,0,0,0,0,0,0,0,0,0,0,0,0,0,0,0,0,0,0,0,0,0,0,0,0,0,0,0,0,0,0,0,0,0,0,0,0,0,0,0,0,0,0,0,0,0,0,0,0,0,0
PS,0,0,0,1,1,1,0,2,2,1,4,1,6,0,0,1,4,0,8,0,0,0,0,0,0,0,0,0,0,0,5,0,0,0,1,0,0,0,0,2,0,0,1,0,0,1,4,0,0,0,0,0,0,0,1,0,0,0,2,1,0,0,0,0,0,0,0,0,0,0,0,0,0,0,0,0,0,0,0,0,0,0,0,0,0,0,0,0,0,0,0,0,0,1,0,0,0,0,1,0,0,0,0,0,0,0,0,0,0,0,0,0,0,0,0,0,0,0,0,0,0,0,0,0,0,0,0,0,0,0,0,0,0,0,0,0,0,0,0,0,0,0,0,0,0,0,0,0,0,0,0,0,0,0,0,0,0,0,0,0,0,0,0,0,0,0,0,0,0,0,0,0,0,0,0
PT,4,27,28,29,18,20,53,39,14,37,133,8,49,0,10,106,2,23,196,0,0,1,1,16,0,7,0,5,11,2,20,3,4,1,15,4,1,0,7,2,1,2,1,1,3,1,28,15,1,3,4,0,2,4,4,3,0,0,2,4,0,1,5,0,1,0,7,0,0,3,0,0,0,2,2,0,1,2,2,0,0,1,2,0,0,0,0,0,1,5,3,1,1,0,0,0,1,0,0,0,0,0,0,1,0,0,0,0,0,0,0,0,0,0,0,0,0,0,0,0,0,1,0,0,0,0,0,0,0,0,0,2,0,0,0,0,0,0,0,0,0,0,0,0,1,0,0,0,0,0,0,0,0,0,0,0,0,0,0,0,0,0,0,0,0,0,0,0,0,0,0,0,0,0,0
QA,1,12,2,8,4,6,10,8,0,5,18,6,11,0,1,0,0,0,62,1,0,0,0,7,0,0,0,0,1,3,5,1,0,2,2,4,0,0,2,2,2,0,1,0,4,4,10,2,0,0,0,0,12,0,3,2,0,0,1,0,0,0,0,0,0,0,4,0,0,0,0,0,0,0,0,0,0,0,2,0,0,0,0,0,0,0,0,0,0,0,0,0,0,0,0,0,0,0,0,0,0,0,0,0,0,1,0,0,0,0,0,0,0,0,0,0,0,0,0,0,0,0,0,0,0,0,0,0,0,0,0,0,0,0,0,0,0,0,0,0,0,0,0,0,1,0,0,0,0,0,0,0,0,0,0,0,0,0,0,0,0,0,0,0,0,0,0,0,0,0,0,0,0,0,0
RE,1,4,1,6,1,0,7,1,1,5,21,1,3,0,0,0,0,1,87,0,0,0,0,2,0,0,0,1,1,0,0,0,0,0,0,0,0,0,0,0,0,0,0,0,0,0,5,0,0,0,0,0,1,1,0,0,0,0,0,0,0,0,0,0,0,0,1,0,0,0,0,0,0,0,0,0,0,0,0,0,0,0,0,0,0,0,0,0,0,0,0,0,0,0,0,0,0,0,0,0,0,0,0,0,0,0,0,0,0,0,1,0,0,0,0,0,0,0,0,1,0,0,0,0,0,0,0,0,0,0,0,0,0,0,0,0,0,0,0,0,0,0,0,0,0,0,0,0,0,0,0,0,0,1,0,0,0,0,0,0,0,0,0,0,0,0,0,0,0,0,0,0,0,0,0
RO,5,17,4,8,7,7,28,11,7,16,40,1,32,0,2,4,4,5,79,0,0,1,0,5,0,0,1,13,2,0,12,1,1,0,2,0,0,0,2,3,0,0,0,1,3,2,14,0,1,0,3,0,0,21,0,0,1,0,2,2,0,0,7,0,1,0,1,0,1,2,0,0,0,0,1,0,0,1,0,0,0,0,0,0,0,0,0,0,0,3,0,0,0,0,0,0,1,0,1,0,0,0,0,0,0,1,0,0,0,1,0,0,0,0,0,1,0,0,0,0,0,0,0,0,0,0,0,0,0,0,0,0,0,0,0,0,0,0,0,0,0,0,0,0,0,0,0,0,0,0,0,0,0,0,0,0,0,0,0,0,0,0,0,0,0,0,0,0,1,0,0,0,0,0,0
RS,2,2,1,5,2,5,10,4,0,5,14,1,8,1,1,0,0,2,42,0,0,0,0,1,0,0,0,1,2,0,1,1,0,0,1,0,0,0,4,0,0,0,0,0,0,0,7,0,1,0,0,0,0,1,0,0,0,0,0,2,0,0,1,0,13,0,1,0,0,0,0,0,0,0,0,0,0,3,1,0,0,0,0,0,0,0,0,0,0,5,0,0,0,0,0,0,0,0,0,0,0,0,0,0,0,0,0,0,0,0,0,0,0,0,0,0,0,0,0,0,0,0,0,0,0,0,0,0,0,0,0,0,0,0,0,0,0,0,0,0,0,0,0,0,0,0,0,0,0,0,0,0,0,1,0,0,0,0,0,0,0,0,0,0,0,0,0,0,0,0,0,0,0,0,0
RU,14,39,11,55,19,58,94,36,17,43,159,15,22,0,11,6,189,22,298,2,0,1,0,20,0,3,0,11,15,3,8,7,7,7,13,21,0,1,9,7,0,1,0,1,2,8,44,3,2,0,14,0,1,3,2,6,5,0,5,3,0,1,3,0,1,0,7,0,0,3,0,0,0,0,1,0,0,2,35,0,1,0,0,0,0,0,0,0,0,5,2,2,0,3,2,1,0,0,2,0,0,0,0,0,0,1,0,0,0,0,1,0,0,0,2,0,0,0,0,0,0,0,0,0,0,0,0,0,0,0,0,0,0,0,0,0,0,0,0,0,0,0,0,0,0,0,0,0,0,0,0,0,0,0,0,0,0,0,0,0,0,0,0,0,0,0,1,0,0,0,0,0,0,0,0
RW,0,1,0,2,0,37,2,3,0,0,5,0,1,0,0,0,0,0,9,0,0,0,0,1,0,0,0,0,0,0,3,0,0,0,0,2,0,0,2,0,0,0,0,0,0,0,1,1,0,0,1,0,0,0,0,0,0,0,1,0,0,0,0,0,0,0,0,0,0,0,0,0,0,0,1,0,0,0,0,0,0,0,1,0,0,0,0,0,0,0,0,0,0,0,0,0,0,0,1,0,0,0,0,0,0,0,0,0,0,0,0,0,0,0,0,0,0,0,0,0,0,0,0,0,0,0,0,0,0,0,0,0,0,0,0,0,0,0,0,0,0,0,0,0,0,0,0,0,0,0,0,0,0,0,0,0,0,0,0,0,0,0,0,0,0,0,0,0,0,0,0,0,0,0,0
SA,7,12,5,15,7,13,36,14,0,10,43,14,33,0,4,4,6,5,125,1,0,2,1,1,0,1,0,2,9,3,8,2,0,8,3,6,0,1,12,4,1,0,0,0,1,1,8,2,0,1,2,1,2,0,12,1,0,0,1,1,0,0,0,0,2,0,3,0,1,2,0,0,1,0,0,1,0,0,1,0,0,0,0,0,0,0,0,3,0,0,2,1,1,1,0,0,1,0,0,0,0,0,1,0,1,0,0,1,0,0,0,0,0,0,0,0,1,0,0,0,0,0,0,0,0,0,0,1,0,0,0,0,0,0,0,0,0,0,1,0,0,0,0,0,0,1,1,0,0,0,0,0,0,0,0,0,0,0,0,0,0,0,0,0,0,0,0,0,0,1,0,0,0,0,0
SE,33,59,8,60,27,19,113,42,49,37,272,13,45,1,37,5,9,162,402,0,0,1,3,16,0,3,1,10,29,1,23,7,2,0,21,9,4,1,19,4,0,0,0,0,8,0,66,6,1,1,3,0,0,1,0,5,0,2,4,3,0,1,1,0,1,0,10,0,0,1,0,0,0,0,0,1,1,3,1,0,0,0,0,0,0,1,0,0,0,5,2,0,0,0,0,0,0,0,0,0,0,0,0,0,0,1,0,0,0,1,2,0,0,0,0,0,0,1,0,0,0,0,0,0,0,0,0,0,0,0,0,0,0,0,0,0,0,0,0,0,0,0,0,0,0,0,0,0,0,0,0,0,0,0,0,0,0,0,0,0,0,0,0,0,0,0,0,0,0,0,0,0,0,0,0
SG,10,28,4,27,2,25,46,6,7,16,88,4,16,2,2,8,2,6,187,0,0,0,0,5,0,1,0,2,9,0,7,2,2,5,5,2,1,0,5,8,0,0,1,1,3,3,20,1,1,0,0,0,0,0,0,61,0,0,7,5,0,1,0,1,0,0,3,0,1,0,0,0,0,0,1,0,0,0,4,1,1,0,0,0,0,0,0,0,0,0,2,0,0,0,0,0,0,0,3,0,0,0,0,0,0,0,0,0,0,0,0,0,0,0,0,0,0,0,0,0,0,0,0,0,0,0,0,0,0,0,0,0,0,0,0,0,0,0,0,0,0,1,0,0,0,0,0,0,0,0,0,0,1,0,0,0,0,0,0,0,0,0,0,0,0,0,0,0,0,0,0,0,0,0,0
SI,3,13,7,22,18,15,35,13,9,13,53,3,18,1,6,10,0,10,108,5,0,1,2,10,0,2,0,13,7,2,8,3,9,1,6,3,2,0,7,2,0,0,0,2,1,4,50,0,0,0,6,0,1,1,2,1,0,0,2,3,0,0,1,0,1,0,2,0,1,2,0,0,0,0,0,2,0,10,3,0,2,2,0,0,0,0,0,0,2,42,6,1,0,0,0,0,0,0,0,0,0,0,0,0,0,0,1,0,0,1,0,1,0,0,0,0,0,0,0,0,0,0,0,0,0,0,0,0,0,1,0,0,0,0,0,0,0,0,0,0,0,0,0,0,0,0,0,0,0,0,0,0,0,0,0,0,0,0,0,0,0,0,0,0,0,0,0,0,0,0,0,0,0,0,0
SK,5,0,1,2,8,13,8,9,1,2,10,2,10,0,0,2,0,2,25,0,0,1,0,2,0,0,0,10,0,0,7,0,1,0,0,1,0,0,0,1,0,0,0,0,0,0,4,1,0,0,1,0,0,1,0,0,0,0,2,0,0,0,0,0,0,0,1,0,0,0,0,0,0,0,0,0,0,1,1,0,0,0,0,0,0,0,0,0,0,2,2,0,0,0,0,0,0,0,1,0,0,0,0,0,0,0,0,0,0,0,0,0,0,0,0,0,0,0,0,0,0,0,0,0,0,0,0,0,0,0,0,0,0,0,0,0,0,0,0,0,0,0,0,0,0,0,0,0,0,0,0,0,0,0,0,0,0,0,0,0,0,0,0,0,0,0,0,0,0,0,0,0,0,0,0
SM,2,0,0,1,0,0,0,0,1,0,4,0,8,0,0,0,0,0,3,0,0,0,0,1,0,0,0,0,2,0,1,0,0,0,1,0,0,0,0,0,0,0,0,0,0,0,2,1,0,0,0,0,0,0,0,0,0,0,0,0,0,0,0,0,0,0,0,0,0,0,0,0,0,0,1,0,0,0,0,0,0,0,0,0,0,0,0,0,0,0,0,0,0,0,0,0,0,0,0,0,0,0,0,0,0,0,0,0,0,0,0,0,0,0,0,0,0,0,0,0,0,0,0,0,0,0,0,0,0,0,0,0,0,0,0,0,0,0,0,0,0,0,0,0,0,0,0,0,0,0,0,0,0,0,0,0,0,0,0,0,0,0,0,0,0,0,0,0,0,0,0,0,0,0,0
SO,0,0,0,0,0,0,0,3,0,0,2,0,3,0,0,0,0,0,4,0,0,0,0,1,0,0,0,0,0,0,0,0,0,0,0,0,0,0,0,0,0,0,0,0,0,0,0,0,0,0,0,0,0,0,0,0,0,0,0,1,0,0,0,1,0,0,0,0,0,0,0,0,0,0,0,0,0,0,0,0,0,0,0,0,0,0,0,0,0,0,0,0,0,0,0,0,0,0,0,0,0,0,0,0,0,0,0,0,0,0,0,2,0,0,0,0,0,0,0,0,0,0,0,0,0,0,0,0,0,0,0,0,0,0,0,0,0,0,0,0,0,0,0,0,0,0,0,0,0,0,0,0,0,0,0,0,0,0,0,0,0,0,0,0,0,0,0,0,0,0,0,0,0,0,0
SS,0,0,0,0,0,0,0,1,0,0,4,0,0,0,0,0,0,0,3,1,0,0,0,0,0,0,0,0,0,0,0,0,0,0,0,0,0,0,1,0,0,0,0,0,0,0,0,0,0,0,0,0,0,0,0,0,0,0,0,0,0,0,0,0,0,0,0,0,0,0,0,0,0,0,0,0,0,0,1,0,0,0,0,0,0,0,0,0,0,0,0,0,0,0,0,0,0,0,0,0,0,0,0,0,0,0,0,0,0,0,1,0,0,0,0,0,0,0,0,0,0,0,0,0,0,0,0,0,0,0,0,0,0,0,0,0,0,0,0,0,0,0,0,0,0,0,0,0,0,0,0,0,0,0,0,0,0,0,0,0,0,0,0,0,0,0,0,0,0,0,0,0,0,0,0
TH,1,14,6,18,7,34,20,10,4,16,76,8,19,0,4,3,0,5,128,1,0,1,1,4,0,2,1,2,9,1,7,6,1,3,4,7,0,0,9,6,1,0,2,0,0,2,17,8,0,0,0,0,1,3,2,4,0,0,11,6,0,0,1,2,2,0,1,0,1,0,0,0,0,0,3,0,2,1,2,0,2,0,0,0,0,0,0,0,0,2,0,0,0,1,0,0,0,0,18,0,0,0,0,0,0,0,0,0,0,1,0,0,0,0,0,0,0,0,0,0,0,0,0,0,0,0,0,0,0,0,0,0,0,0,0,0,0,0,0,0,0,0,0,0,0,0,0,0,0,0,0,0,0,0,0,0,0,0,0,0,1,0,0,0,0,0,0,0,0,0,0,0,0,0,0
TN,0,4,0,4,6,2,5,2,1,18,6,0,7,0,0,0,0,0,26,2,0,0,0,1,2,1,0,2,0,1,0,0,0,0,0,0,0,1,3,0,0,0,0,0,0,2,4,0,1,0,1,0,1,0,5,1,0,11,0,0,0,0,0,0,0,0,0,0,0,0,0,0,0,0,0,0,0,0,0,0,0,0,0,0,0,0,0,0,0,0,0,0,0,0,0,0,0,0,0,0,0,0,0,0,0,0,0,0,0,0,0,0,0,0,0,0,0,0,0,0,0,0,0,0,0,0,0,0,0,0,0,0,0,0,0,0,0,0,0,0,0,0,0,0,0,0,0,0,0,0,0,0,0,0,0,0,0,0,0,0,0,0,0,0,0,0,0,0,0,0,0,0,0,0,0
TR,12,19,8,29,24,34,55,35,5,23,109,13,102,0,6,18,1,7,212,5,0,2,2,18,0,1,1,4,10,7,22,6,2,3,10,10,0,3,5,11,2,2,0,2,5,7,25,6,0,4,12,1,6,2,8,4,0,1,4,5,0,0,0,0,1,0,135,0,1,0,0,0,0,0,5,1,0,3,12,2,2,0,5,0,0,0,0,0,1,2,2,1,0,1,0,0,0,0,3,0,0,0,0,0,0,2,0,1,0,1,0,0,0,0,0,0,0,0,0,0,0,0,0,0,0,0,0,0,0,0,0,0,0,0,0,0,0,0,0,0,0,0,0,0,0,0,0,0,0,0,0,0,0,0,0,0,0,0,0,0,0,0,0,0,0,0,0,0,1,0,0,0,0,0,0
TW,18,37,3,34,14,110,61,37,9,41,144,12,45,0,8,10,8,15,323,5,0,0,0,11,0,5,1,6,8,1,20,23,3,4,15,11,0,0,31,11,1,1,5,2,1,11,34,19,1,4,4,0,1,7,5,10,0,1,172,7,0,0,0,0,1,0,17,0,0,1,0,0,0,0,3,0,2,3,76,1,0,0,1,0,0,0,1,0,0,0,0,2,0,12,1,2,0,0,1,0,0,0,0,0,0,1,0,0,0,0,0,0,0,1,0,0,0,0,0,0,0,0,0,0,0,0,0,0,0,0,0,0,0,0,0,0,0,0,2,0,0,0,0,0,0,0,0,0,0,0,0,0,0,0,0,0,0,0,0,0,0,0,0,0,0,0,0,0,0,0,0,0,0,0,0
TZ,0,0,0,1,0,2,0,1,0,0,3,0,0,0,1,0,0,1,8,0,0,0,0,1,0,0,0,0,0,0,0,1,1,0,0,1,0,1,2,1,0,0,0,0,0,0,1,0,0,1,0,0,0,0,0,0,0,0,0,0,0,0,0,0,0,0,0,0,0,0,0,0,0,0,0,0,0,0,0,0,0,0,0,0,0,0,0,0,0,0,0,0,0,0,0,0,0,0,0,0,0,0,1,0,0,0,0,0,0,0,0,0,0,0,0,0,0,0,0,3,0,0,0,0,0,0,0,0,0,0,0,0,0,0,0,0,0,0,0,0,0,0,0,0,0,0,0,0,0,0,0,0,0,0,0,0,0,0,0,0,1,0,0,0,0,0,0,0,0,0,1,0,0,0,0
UA,9,17,4,15,6,32,14,12,5,15,45,9,11,1,4,9,4,14,81,0,0,0,1,4,1,0,0,2,6,3,6,3,0,2,3,10,0,0,0,4,0,0,0,0,1,1,6,0,1,1,7,0,0,3,1,5,0,0,3,3,1,0,2,1,1,0,5,0,1,6,0,0,0,0,0,0,1,0,2,0,1,1,2,0,0,0,0,0,0,1,1,57,0,2,0,0,0,0,0,0,0,0,0,2,0,0,0,0,0,0,0,0,0,0,1,0,0,1,0,0,0,0,0,0,0,0,0,0,0,0,0,0,0,0,0,0,0,0,2,0,0,0,0,0,0,0,0,0,0,0,0,0,0,0,0,0,0,0,0,0,0,0,0,0,0,0,0,0,0,0,0,0,0,0,0
US,194,636,99,1000,283,485,1077,307,187,547,2527,182,530,12,116,63,85,217,8888,21,0,17,12,223,1,44,17,65,136,20,172,88,38,30,201,142,11,14,217,118,4,16,4,4,58,30,564,124,7,24,74,0,8,16,17,98,2,5,79,78,3,6,20,12,3,0,63,1,1,7,0,3,0,1,29,4,11,7,27,2,10,5,8,0,1,2,1,5,18,30,24,3,3,8,4,2,6,1,23,3,1,0,0,0,1,3,0,1,0,9,11,2,0,1,3,1,0,8,0,7,1,0,0,2,0,0,0,3,0,0,0,0,0,0,0,3,0,0,3,0,0,0,0,0,0,0,0,2,1,1,4,0,0,1,0,0,1,0,0,0,1,0,1,0,2,0,0,0,2,0,0,1,2,1,1
UZ,0,0,0,0,0,0,0,0,0,0,1,0,0,0,0,1,0,0,3,1,0,0,0,0,0,0,0,0,0,0,0,0,0,0,0,5,0,0,0,0,0,0,0,0,0,0,0,0,0,0,0,0,0,0,0,0,0,0,0,0,0,0,0,0,0,0,0,0,0,0,0,0,0,0,0,0,0,0,0,0,0,0,0,0,0,0,0,0,0,0,0,0,0,0,0,0,0,0,0,0,2,0,0,0,0,0,0,0,0,0,0,0,0,0,0,0,0,0,0,0,0,0,0,0,0,0,0,0,0,0,0,0,0,0,0,0,0,0,0,0,0,0,0,0,0,0,0,0,0,0,0,0,0,0,0,0,0,0,0,0,0,0,0,0,0,0,0,0,0,0,0,0,0,0,0
VE,1,1,0,0,0,0,1,7,0,1,3,0,1,0,0,0,0,1,5,1,0,1,0,0,0,0,1,0,2,0,0,0,0,1,0,1,0,0,0,0,0,0,0,0,0,1,2,0,0,0,0,0,0,0,0,0,0,0,0,0,0,0,0,0,0,0,0,0,0,0,0,0,0,0,0,0,0,0,0,0,0,0,0,0,0,0,0,0,0,0,0,0,0,0,0,0,0,0,0,0,0,0,0,0,0,0,0,0,0,0,0,1,0,0,0,0,0,0,0,0,0,0,0,0,0,0,0,0,0,0,0,0,0,0,0,0,0,0,0,0,0,0,0,0,0,0,0,0,0,0,0,0,0,0,0,0,0,0,0,0,0,0,0,0,0,0,0,0,0,0,0,0,0,0,0
VN,3,9,2,4,3,92,10,6,4,9,24,0,8,1,2,15,6,3,65,0,0,0,0,2,0,3,0,2,0,1,0,5,0,0,4,1,0,2,7,8,0,0,0,0,0,2,9,0,0,1,0,0,0,4,5,3,0,0,2,0,0,0,1,0,0,0,11,0,0,0,0,0,0,0,0,0,0,0,196,0,0,0,0,0,0,0,0,1,1,0,0,0,0,17,0,2,0,0,0,0,0,0,0,0,0,1,0,0,0,1,0,0,0,0,0,0,0,0,0,0,0,0,0,0,0,0,0,0,0,0,0,0,0,0,0,1,0,0,2,0,0,0,0,0,0,0,0,0,0,0,0,0,0,0,0,0,0,0,0,0,0,0,0,0,0,0,0,0,0,0,0,0,0,0,0
XK,1,0,0,0,0,2,1,1,3,1,12,0,2,0,0,0,0,1,9,0,0,0,0,1,0,0,0,1,2,0,1,0,0,0,0,0,0,0,0,0,0,0,0,0,0,0,1,2,0,0,0,0,0,0,0,0,0,0,0,0,0,0,0,0,0,0,1,0,3,0,0,0,0,0,1,0,0,2,0,0,0,0,0,0,0,0,0,0,0,0,0,0,0,0,0,0,0,0,0,0,0,0,0,0,0,0,0,0,0,0,0,0,0,0,0,0,0,0,0,0,0,0,0,0,0,0,0,0,0,0,0,0,0,0,0,0,0,1,0,0,0,0,0,0,0,0,0,0,0,0,0,0,0,0,0,0,0,0,0,0,0,0,0,0,0,0,0,0,0,0,0,0,0,0,0
ZA,4,10,4,11,10,20,47,18,2,16,46,1,53,5,2,4,2,5,120,0,0,0,3,5,2,1,0,4,3,1,21,1,2,2,4,5,0,2,8,7,1,1,0,0,0,6,9,4,0,1,6,0,0,3,3,6,0,0,4,21,0,0,2,1,1,0,3,0,0,0,0,0,0,0,3,0,0,0,2,0,0,0,0,0,1,0,0,0,1,0,0,0,0,0,0,0,0,0,0,0,1,0,0,0,0,0,0,0,0,0,0,2,0,0,0,0,0,0,0,0,0,0,0,0,0,0,0,0,0,0,0,0,0,0,0,0,0,0,0,0,0,0,0,0,0,0,0,0,0,0,0,0,0,0,0,0,0,0,0,0,0,0,0,0,0,0,0,0,0,0,0,0,0,0,0
ZW,0,0,0,1,0,0,1,0,0,0,0,0,0,1,0,0,0,0,2,0,0,0,0,0,0,0,0,0,0,0,0,0,0,0,0,0,0,0,0,0,0,0,0,0,0,0,1,0,0,0,0,0,0,0,0,0,0,0,0,0,0,0,0,0,0,0,0,0,0,0,0,0,0,0,0,0,0,0,0,0,0,0,0,0,0,0,0,0,0,0,0,0,0,0,0,0,0,0,0,0,0,0,0,0,0,0,0,0,0,0,0,0,0,0,0,0,0,0,0,0,0,0,0,0,0,0,0,0,0,0,0,0,0,0,0,0,0,0,0,0,0,0,0,0,0,0,0,0,0,0,0,0,0,0,0,0,0,0,0,0,0,0,0,0,0,0,0,0,0,0,0,0,0,0,0
