citing_country,AT,AU,CA,DE,DK,FR,GB,GR,IT,RU,US,BE,CH,ES,FI,NL,BR,CN,CZ,EE,IE,IL,IN,KW,LB,LU,MX,MY,PK,PL,PT,SA,SE,SG,ZA
AT,7,1,4,15,1,1,4,1,1,3,3,0,0,0,0,0,0,0,0,0,0,0,0,0,0,0,0,0,0,0,0,0,0,0,0
BE,0,0,1,0,0,0,1,0,0,0,0,0,0,0,0,0,0,0,0,0,0,0,0,0,0,0,0,0,0,0,0,0,0,0,0
CH,1,0,1,7,0,2,5,2,0,0,4,1,2,2,1,2,0,0,0,0,0,0,0,0,0,0,0,0,0,0,0,0,0,0,0
DE,9,9,15,117,4,11,34,3,9,8,94,6,4,8,4,12,2,4,1,1,1,2,2,1,1,2,3,1,1,14,1,1,6,1,3
ES,0,0,0,0,1,1,0,0,0,0,0,0,0,3,0,0,0,0,0,0,0,0,0,0,0,0,0,0,0,0,0,0,0,0,0
LU,0,0,0,1,0,0,0,0,0,0,1,0,0,0,0,0,0,0,0,0,0,0,0,0,0,1,0,0,0,0,0,0,0,0,0
NL,1,0,0,1,0,0,0,0,1,0,0,0,0,0,0,0,0,0,0,0,0,0,0,0,0,0,0,0,0,0,0,0,0,0,0
NO,0,0,1,0,0,0,0,0,0,0,0,0,0,0,0,0,0,0,0,0,0,0,0,0,0,0,0,0,0,0,0,0,0,0,0
RU,0,0,0,5,0,0,0,0,0,6,1,0,0,0,0,0,0,0,0,0,0,0,0,0,0,0,0,0,0,0,0,0,0,0,0
