citing_country,citing_year,n_citations,scr_any,scr_majority
AE,2019,3,0,0
AR,2014,3,0,0
AR,2016,2,0,0
AR,2017,7,0.5714285714285714,0.2857142857142857
AR,2018,5,0.8,0
AR,2019,1,1,0
AR,2022,2,0,0
AT,2012,10,0.4,0.1
AT,2013,2,0,0
AT,2014,14,0.2857142857142857,0.07142857142857142
AT,2016,2,1,0.5
AT,2017,26,0.38461538461538464,0.038461538461538464
AT,2018,18,0.5555555555555556,0.1111111111111111
AT,2019,29,0.5862068965517241,0.3793103448275862
AT,2020,10,0.4,0.2
AT,2022,18,0.3888888888888889,0.1111111111111111
AU,2007,2,0,0
AU,2008,3,0,0
AU,2009,6,0,0
AU,2010,1,0,0
AU,2011,4,1,0.5
AU,2012,2,0.5,0.5
AU,2013,25,0.12,0.08
AU,2014,13,0.46153846153846156,0.15384615384615385
AU,2015,20,0.4,0.15
AU,2016,3,0.6666666666666666,0.3333333333333333
AU,2017,6,0.5,0.16666666666666666
AU,2018,4,0,0
AU,2019,10,0.2,0
BD,2013,2,0.5,0.5
BE,2008,3,0.3333333333333333,0
BE,2012,9,0.2222222222222222,0.1111111111111111
BE,2013,17,0.29411764705882354,0
BE,2014,20,0.25,0.05
BE,2015,3,0.3333333333333333,0.3333333333333333
BE,2016,2,0,0
BE,2017,13,0.5384615384615384,0.15384615384615385
BE,2018,4,0,0
BE,2019,2,1,0
BE,2022,12,0.3333333333333333,0
BR,2014,1,1,0
BR,2017,7,0,0
CA,2007,3,0.6666666666666666,0.3333333333333333
CA,2008,29,0.10344827586206896,0.10344827586206896
CA,2009,10,0.1,0.1
CA,2010,12,0.3333333333333333,0.25
CA,2011,41,0.3902439024390244,0.12195121951219512
CA,2012,36,0.3611111111111111,0.1388888888888889
CA,2013,73,0.3561643835616438,0.1917808219178082
CA,2014,73,0.2876712328767123,0.0547945205479452
CA,2015,20,0.2,0.1
CA,2016,11,0.36363636363636365,0.2727272727272727
CA,2017,78,0.3717948717948718,0.15384615384615385
CA,2018,12,0.6666666666666666,0.08333333333333333
CA,2019,30,0.5,0.2
CA,2022,26,0.3076923076923077,0.2692307692307692
CH,2012,10,0.7,0.7
CH,2013,15,0.06666666666666667,0.06666666666666667
CH,2014,47,0.3617021276595745,0.2127659574468085
CH,2015,8,0.125,0
CH,2016,10,0.5,0.4
CH,2017,51,0.17647058823529413,0.0784313725490196
CH,2018,4,0,0
CH,2019,29,0.3448275862068966,0
CH,2020,4,0.75,0.25
CH,2022,11,0.2727272727272727,0.09090909090909091
CN,2013,4,0.75,0
CN,2015,1,0,0
CN,2016,1,1,1
CN,2019,1,1,1
CO,2018,1,0,0
CY,2018,3,0.6666666666666666,0
CZ,2017,3,0,0
CZ,2019,10,0.1,0
CZ,2022,1,1,0
DE,2008,7,0.42857142857142855,0.42857142857142855
DE,2010,6,0.5,0.3333333333333333
DE,2011,21,0.47619047619047616,0.19047619047619047
DE,2012,90,0.3333333333333333,0.25555555555555554
DE,2013,25,0.48,0.16
DE,2014,106,0.39622641509433965,0.25471698113207547
DE,2015,9,0.4444444444444444,0.1111111111111111
DE,2016,48,0.2708333333333333,0.1875
DE,2017,200,0.325,0.26
DE,2018,109,0.3853211009174312,0.26605504587155965
DE,2019,176,0.4602272727272727,0.3409090909090909
DE,2020,82,0.45121951219512196,0.3902439024390244
DE,2022,133,0.5263157894736842,0.45112781954887216
DK,2009,1,1,1
DK,2012,3,0.6666666666666666,0
DK,2017,3,0,0
DK,2022,2,0,0
ES,2008,1,0,0
ES,2012,4,0.25,0.25
ES,2014,16,0.3125,0.0625
ES,2016,6,0,0
ES,2017,10,0.5,0.2
ES,2018,26,0.7307692307692307,0.2692307692307692
ES,2019,4,0.75,0
ES,2022,2,1,1
FI,2007,1,0,0
FI,2008,2,0,0
FI,2011,2,0,0
FI,2012,1,0,0
FI,2013,2,0.5,0
FI,2015,1,0,0
FI,2016,5,0.4,0.4
FI,2017,13,0.5384615384615384,0.07692307692307693
FI,2019,13,0.38461538461538464,0.38461538461538464
FI,2022,6,0.5,0.3333333333333333
FR,2007,4,0.75,0.5
FR,2012,16,0.4375,0.4375
FR,2013,14,0.7857142857142857,0.42857142857142855
FR,2014,28,0.42857142857142855,0.25
FR,2015,3,0,0
FR,2016,18,0.3888888888888889,0.2222222222222222
FR,2017,39,0.3333333333333333,0.15384615384615385
FR,2018,13,0.8461538461538461,0.38461538461538464
FR,2019,37,0.21621621621621623,0.13513513513513514
FR,2022,23,0.5652173913043478,0.5217391304347826
GB,2007,14,0.42857142857142855,0.21428571428571427
GB,2008,22,0.5,0.45454545454545453
GB,2009,21,0.19047619047619047,0.19047619047619047
GB,2010,7,0.2857142857142857,0.14285714285714285
GB,2011,48,0.4791666666666667,0.22916666666666666
GB,2012,65,0.5076923076923077,0.24615384615384617
GB,2013,63,0.5238095238095238,0.2222222222222222
GB,2014,97,0.4536082474226804,0.31958762886597936
GB,2015,15,0.26666666666666666,0.26666666666666666
GB,2016,8,0.625,0.625
GB,2017,76,0.5263157894736842,0.32894736842105265
GB,2018,26,0.5384615384615384,0.19230769230769232
GB,2019,35,0.45714285714285713,0.08571428571428572
GB,2022,19,0.6842105263157895,0.3157894736842105
GH,2018,5,0.8,0
GR,2017,1,1,0
GR,2018,1,0,0
HR,2016,1,0,0
HR,2019,3,0.6666666666666666,0
HR,2022,1,1,0
HU,2010,2,1,0.5
HU,2012,4,0.75,0.25
HU,2014,3,0,0
IE,2008,4,0.25,0
IE,2009,11,0.18181818181818182,0.18181818181818182
IE,2010,1,0,0
IE,2012,4,0.5,0
IE,2013,14,0.6428571428571429,0
IE,2014,17,0.11764705882352941,0
IE,2015,4,0.75,0.25
IE,2016,3,0,0
IE,2017,15,0.06666666666666667,0.06666666666666667
IE,2018,5,0.2,0.2
IE,2019,16,0.4375,0.0625
IE,2022,3,0.6666666666666666,0
IL,2011,2,0.5,0.5
IL,2012,3,0.6666666666666666,0
IL,2013,4,0.5,0
IL,2014,9,0.2222222222222222,0.2222222222222222
IL,2018,1,1,0
IL,2019,2,1,0.5
IL,2022,14,0.07142857142857142,0
IN,2016,2,0,0
IN,2017,6,0.16666666666666666,0
IN,2022,3,0.3333333333333333,0.3333333333333333
IR,2016,1,0,0
IR,2019,3,0.6666666666666666,0
IT,2007,2,0.5,0
IT,2008,4,0.5,0.25
IT,2010,1,0,0
IT,2012,7,0.2857142857142857,0
IT,2013,17,0.7058823529411765,0.17647058823529413
IT,2014,42,0.35714285714285715,0.2619047619047619
IT,2015,5,0.2,0
IT,2016,41,0.2926829268292683,0.21951219512195122
IT,2017,4,0.25,0.25
IT,2018,14,0.42857142857142855,0.14285714285714285
IT,2019,42,0.5476190476190477,0.30952380952380953
IT,2022,18,0.1111111111111111,0.05555555555555555
JP,2007,7,0,0
JP,2008,3,0,0
JP,2009,12,0.08333333333333333,0.08333333333333333
JP,2010,2,0.5,0.5
JP,2011,15,0.2,0.2
JP,2012,7,0.14285714285714285,0.14285714285714285
JP,2013,6,0.3333333333333333,0.3333333333333333
JP,2014,18,0.16666666666666666,0.16666666666666666
JP,2015,1,0,0
JP,2016,10,0.5,0
JP,2017,5,0.8,0.6
JP,2018,2,0,0
JP,2019,15,0.13333333333333333,0.06666666666666667
JP,2022,10,0.2,0.2
KR,2011,3,0.3333333333333333,0.3333333333333333
LB,2013,1,0,0
LB,2016,1,0,0
LT,2015,11,0.45454545454545453,0
LU,2012,2,0,0
LU,2014,8,0,0
LU,2016,7,0,0
LU,2017,20,0.1,0.1
LU,2018,3,1,0
LU,2019,4,0.75,0
LV,2008,3,0,0
LV,2012,4,0,0
MN,2018,2,0,0
MX,2010,1,0,0
MX,2011,5,0,0
MX,2012,2,0,0
MX,2014,1,1,0
MX,2016,1,0,0
MX,2017,4,0,0
MX,2018,4,0.25,0.25
MX,2019,1,1,0
NL,2008,5,0.2,0.2
NL,2009,3,0.3333333333333333,0.3333333333333333
NL,2011,5,0.6,0.6
NL,2012,55,0.38181818181818183,0.2
NL,2013,29,0.5862068965517241,0.3448275862068966
NL,2014,47,0.5106382978723404,0.3404255319148936
NL,2015,9,0.5555555555555556,0.2222222222222222
NL,2016,26,0.34615384615384615,0.15384615384615385
NL,2017,29,0.4482758620689655,0.20689655172413793
NL,2018,13,0.6923076923076923,0
NL,2019,45,0.4222222222222222,0.13333333333333333
NL,2020,1,1,0
NL,2022,40,0.425,0.25
NO,2007,1,0,0
NO,2008,2,0,0
NO,2009,4,0,0
NO,2010,5,0.2,0.2
NO,2011,2,0,0
NO,2012,6,0.6666666666666666,0.16666666666666666
NO,2013,10,0.7,0
NO,2014,2,1,0
NO,2018,1,1,1
NO,2019,1,0,0
NZ,2012,4,0,0
NZ,2013,2,0,0
PL,2009,6,0,0
PL,2011,27,0.14814814814814814,0.14814814814814814
PL,2012,20,0.15,0.05
PL,2013,25,0.36,0.04
PL,2014,9,0.2222222222222222,0.1111111111111111
PL,2015,2,1,1
PL,2016,6,0,0
PL,2017,21,0.38095238095238093,0.38095238095238093
PL,2018,2,0,0
PL,2019,12,0,0
PL,2022,14,0.35714285714285715,0.21428571428571427
PT,2014,4,0.25,0
PT,2017,12,0.3333333333333333,0.16666666666666666
PT,2018,4,0.25,0
RO,2018,3,0.3333333333333333,0
RS,2011,6,0,0
RS,2012,6,0.3333333333333333,0
RS,2022,1,1,0
RU,2008,4,0,0
RU,2009,1,0,0
RU,2012,4,0,0
RU,2016,1,0,0
RU,2017,15,0.4,0.06666666666666667
RU,2018,3,1,0.3333333333333333
RU,2019,3,0.6666666666666666,0.6666666666666666
RU,2020,3,1,1
RU,2022,2,0.5,0
SE,2010,2,1,0.5
SE,2012,6,0.5,0.16666666666666666
SE,2013,7,0.5714285714285714,0.5714285714285714
SE,2014,6,1,0
SE,2015,3,0.3333333333333333,0
SE,2017,2,0,0
SI,2009,1,0,0
TH,2011,2,1,0.5
TN,2019,2,0,0
TR,2012,8,0.5,0
TR,2017,4,0.25,0.25
TW,2011,1,0,0
TW,2012,7,0.5714285714285714,0
TW,2013,4,0.25,0.25
TW,2014,12,0.08333333333333333,0.08333333333333333
TW,2015,1,0,0
TW,2016,1,1,1
TW,2017,17,0.23529411764705882,0.17647058823529413
TW,2018,1,0,0
TW,2019,5,0.2,0.2
TW,2022,4,0.25,0
US,2007,33,0.7272727272727273,0.696969696969697
US,2008,35,0.8,0.8
US,2009,60,0.6666666666666666,0.6666666666666666
US,2010,18,0.5555555555555556,0.5
US,2011,67,0.7164179104477612,0.5522388059701493
US,2012,120,0.5833333333333334,0.4
US,2013,238,0.6554621848739496,0.5252100840336135
US,2014,213,0.647887323943662,0.48826291079812206
US,2015,22,0.45454545454545453,0.09090909090909091
US,2016,51,0.6274509803921569,0.35294117647058826
US,2017,216,0.6666666666666666,0.5555555555555556
US,2018,77,0.6363636363636364,0.37662337662337664
US,2019,30,0.8333333333333334,0.23333333333333334
US,2022,38,0.6052631578947368,0.47368421052631576
UY,2008,1,0,0
ZA,2017,1,0,0
