citing_country,citing_year,n_citations,scr_any,scr_majority,expected_scr,excess_scr_any
AE,2015,73,0.1643835616438356,0.1232876712328767,0.0021278043409682745,0.16225575730286734
AE,2017,2,0,0,0.0021278043409682745,-0.0021278043409682745
AE,2020,13,0.3076923076923077,0,0.0021278043409682745,0.30556450335133944
AE,2021,8,0.125,0.125,0.0021278043409682745,0.12287219565903172
AE,2023,7,0.42857142857142855,0,0.0021278043409682745,0.4264436242304603
AE,2024,106,0.42452830188679247,0.02830188679245283,0.0021278043409682745,0.4224004975458242
AE,2025,72,0.4722222222222222,0.05555555555555555,0.0021278043409682745,0.47009441788125395
AR,2016,5,0,0,0.0016762644662860536,-0.0016762644662860536
AR,2017,4,0,0,0.0016762644662860536,-0.0016762644662860536
AR,2018,5,0,0,0.0016762644662860536,-0.0016762644662860536
AR,2020,1,0,0,0.0016762644662860536,-0.0016762644662860536
AR,2021,14,0,0,0.0016762644662860536,-0.0016762644662860536
AR,2022,35,0.2571428571428571,0,0.0016762644662860536,0.25546659267657107
AR,2023,6,0.3333333333333333,0.3333333333333333,0.0016762644662860536,0.33165706886704727
AR,2024,5,0.2,0.2,0.0016762644662860536,0.19832373553371396
AR,2025,46,0.6086956521739131,0.08695652173913043,0.0016762644662860536,0.607019387707627
AT,2007,6,0.3333333333333333,0,0.010026659409039457,0.32330667392429385
AT,2008,52,0.28846153846153844,0.038461538461538464,0.010026659409039457,0.278434879052499
AT,2009,60,0.6666666666666666,0.1,0.010026659409039457,0.6566400072576272
AT,2011,34,0.058823529411764705,0.058823529411764705,0.010026659409039457,0.04879687000272525
AT,2012,2,0,0,0.010026659409039457,-0.010026659409039457
AT,2013,29,0.13793103448275862,0.13793103448275862,0.010026659409039457,0.12790437507371916
AT,2014,61,0.13114754098360656,0.09836065573770492,0.010026659409039457,0.1211208815745671
AT,2015,3,0.6666666666666666,0.3333333333333333,0.010026659409039457,0.6566400072576272
AT,2016,87,0.21839080459770116,0.09195402298850575,0.010026659409039457,0.2083641451886617
AT,2017,123,0.2601626016260163,0.024390243902439025,0.010026659409039457,0.2501359422169768
AT,2018,139,0.2446043165467626,0.18705035971223022,0.010026659409039457,0.23457765713772313
AT,2019,85,0.3764705882352941,0.07058823529411765,0.010026659409039457,0.36644392882625465
AT,2020,105,0.4857142857142857,0.12380952380952381,0.010026659409039457,0.47568762630524625
AT,2021,142,0.22535211267605634,0.04929577464788732,0.010026659409039457,0.21532545326701688
AT,2022,71,0.22535211267605634,0.14084507042253522,0.010026659409039457,0.21532545326701688
AT,2023,61,0.19672131147540983,0.06557377049180328,0.010026659409039457,0.18669465206637037
AT,2024,141,0.28368794326241137,0.04964539007092199,0.010026659409039457,0.2736612838533719
AT,2025,187,0.2887700534759358,0.0427807486631016,0.010026659409039457,0.27874339406689636
AU,2007,8,0,0,0.031477896195312646,-0.031477896195312646
AU,2009,54,0.5925925925925926,0,0.031477896195312646,0.56111469639728
AU,2010,11,0.18181818181818182,0.18181818181818182,0.031477896195312646,0.15034028562286916
AU,2011,49,0.12244897959183673,0.12244897959183673,0.031477896195312646,0.09097108339652409
AU,2012,38,0.6842105263157895,0.10526315789473684,0.031477896195312646,0.6527326301204769
AU,2013,70,0.22857142857142856,0.2,0.031477896195312646,0.19709353237611593
AU,2014,60,0.23333333333333334,0.16666666666666666,0.031477896195312646,0.20185543713802068
AU,2015,24,0.041666666666666664,0.041666666666666664,0.031477896195312646,0.010188770471354018
AU,2016,70,0.5,0.14285714285714285,0.031477896195312646,0.46852210380468734
AU,2017,86,0.18604651162790697,0.03488372093023256,0.031477896195312646,0.15456861543259431
AU,2018,202,0.2376237623762376,0.024752475247524754,0.031477896195312646,0.20614586618092495
AU,2019,114,0.23684210526315788,0.08771929824561403,0.031477896195312646,0.20536420906784525
AU,2020,100,0.39,0.03,0.031477896195312646,0.35852210380468735
AU,2021,156,0.47435897435897434,0.14102564102564102,0.031477896195312646,0.4428810781636617
AU,2022,182,0.25274725274725274,0.08241758241758242,0.031477896195312646,0.22126935655194008
AU,2023,205,0.2048780487804878,0.07804878048780488,0.031477896195312646,0.17340015258517516
AU,2024,114,0.3333333333333333,0.15789473684210525,0.031477896195312646,0.30185543713802065
AU,2025,195,0.18461538461538463,0.06666666666666667,0.031477896195312646,0.15313748842007197
BE,2008,14,0.21428571428571427,0.21428571428571427,0.01138127903308612,0.20290443525262816
BE,2010,47,0.10638297872340426,0.10638297872340426,0.01138127903308612,0.09500169969031813
BE,2011,18,0.7777777777777778,0.2777777777777778,0.01138127903308612,0.7663964987446916
BE,2012,7,0.14285714285714285,0,0.01138127903308612,0.13147586382405674
BE,2013,106,0.1509433962264151,0.10377358490566038,0.01138127903308612,0.13956211719332898
BE,2014,45,0.28888888888888886,0.15555555555555556,0.01138127903308612,0.27750760985580275
BE,2015,82,0.13414634146341464,0.07317073170731707,0.01138127903308612,0.12276506243032852
BE,2016,61,0.18032786885245902,0.18032786885245902,0.01138127903308612,0.1689465898193729
BE,2017,100,0.14,0.09,0.01138127903308612,0.1286187209669139
BE,2018,60,0.3,0.15,0.01138127903308612,0.2886187209669139
BE,2019,75,0.3466666666666667,0.06666666666666667,0.01138127903308612,0.33528538763358057
BE,2020,91,0.1978021978021978,0.04395604395604396,0.01138127903308612,0.18642091876911168
BE,2021,248,0.20967741935483872,0.056451612903225805,0.01138127903308612,0.1982961403217526
BE,2022,103,0.2524271844660194,0.04854368932038835,0.01138127903308612,0.2410459054329333
BE,2023,231,0.19913419913419914,0.05194805194805195,0.01138127903308612,0.18775292010111302
BE,2024,69,0.37681159420289856,0.028985507246376812,0.01138127903308612,0.36543031516981245
BE,2025,84,0.34523809523809523,0.08333333333333333,0.01138127903308612,0.3338568162050091
BG,2011,4,0,0,0.0010144183486011542,-0.0010144183486011542
BG,2013,2,0,0,0.0010144183486011542,-0.0010144183486011542
BG,2015,1,0,0,0.0010144183486011542,-0.0010144183486011542
BG,2018,2,0.5,0.5,0.0010144183486011542,0.49898558165139884
BG,2020,30,0.9666666666666667,0,0.0010144183486011542,0.9656522483180655
BG,2023,19,0.3157894736842105,0.3157894736842105,0.0010144183486011542,0.31477505533560934
BG,2024,1,0,0,0.0010144183486011542,-0.0010144183486011542
BG,2025,56,0.017857142857142856,0,0.0010144183486011542,0.0168427245085417
BR,2012,1,0,0,0.007335976594152249,-0.007335976594152249
BR,2014,8,0.5,0,0.007335976594152249,0.49266402340584775
BR,2016,24,0.5833333333333334,0.08333333333333333,0.007335976594152249,0.5759973567391812
BR,2017,6,0.16666666666666666,0,0.007335976594152249,0.1593306900725144
BR,2018,60,0.08333333333333333,0.08333333333333333,0.007335976594152249,0.07599735673918108
BR,2019,29,0.06896551724137931,0.034482758620689655,0.007335976594152249,0.06162954064722706
BR,2020,32,0.40625,0.40625,0.007335976594152249,0.39891402340584775
BR,2021,76,0.17105263157894737,0.07894736842105263,0.007335976594152249,0.16371665498479512
BR,2022,84,0.13095238095238096,0.11904761904761904,0.007335976594152249,0.12361640435822871
BR,2023,15,0,0,0.007335976594152249,-0.007335976594152249
BR,2024,59,0.2033898305084746,0.15254237288135594,0.007335976594152249,0.19605385391432234
BR,2025,85,0.29411764705882354,0.2,0.007335976594152249,0.2867816704646713
CA,2007,42,0.23809523809523808,0.23809523809523808,0.03827573622648745,0.19981950186875064
CA,2009,43,0.7906976744186046,0.023255813953488372,0.03827573622648745,0.7524219381921171
CA,2010,20,0.2,0.1,0.03827573622648745,0.16172426377351257
CA,2011,95,0.30526315789473685,0.07368421052631578,0.03827573622648745,0.2669874216682494
CA,2012,89,0.12359550561797752,0.0449438202247191,0.03827573622648745,0.08531976939149008
CA,2013,31,0.25806451612903225,0.1935483870967742,0.03827573622648745,0.2197887799025448
CA,2014,54,0.2037037037037037,0.037037037037037035,0.03827573622648745,0.16542796747721625
CA,2015,206,0.2669902912621359,0.1553398058252427,0.03827573622648745,0.22871455503564847
CA,2016,127,0.3937007874015748,0.16535433070866143,0.03827573622648745,0.3554250511750874
CA,2017,140,0.3357142857142857,0.07142857142857142,0.03827573622648745,0.29743854948779824
CA,2018,173,0.35260115606936415,0.08092485549132948,0.03827573622648745,0.3143254198428767
CA,2019,281,0.2206405693950178,0.16370106761565836,0.03827573622648745,0.18236483316853036
CA,2020,144,0.3333333333333333,0.10416666666666667,0.03827573622648745,0.29505759710684587
CA,2021,188,0.3776595744680851,0.18617021276595744,0.03827573622648745,0.3393838382415977
CA,2022,168,0.4166666666666667,0.14285714285714285,0.03827573622648745,0.37839093044017924
CA,2023,288,0.2013888888888889,0.11805555555555555,0.03827573622648745,0.16311315266240145
CA,2024,281,0.22419928825622776,0.09608540925266904,0.03827573622648745,0.1859235520297403
CA,2025,142,0.19718309859154928,0.1056338028169014,0.03827573622648745,0.15890736236506184
CH,2008,7,0.7142857142857143,0,0.016038943767821907,0.6982467705178924
CH,2010,38,0.13157894736842105,0.13157894736842105,0.016038943767821907,0.11554000360059914
CH,2011,3,0.6666666666666666,0.3333333333333333,0.016038943767821907,0.6506277228988447
CH,2012,5,0.4,0,0.016038943767821907,0.38396105623217813
CH,2013,44,0.11363636363636363,0.06818181818181818,0.016038943767821907,0.09759741986854173
CH,2014,53,0.3018867924528302,0.07547169811320754,0.016038943767821907,0.2858478486850083
CH,2015,93,0.13978494623655913,0.11827956989247312,0.016038943767821907,0.12374600246873722
CH,2016,176,0.25,0.10227272727272728,0.016038943767821907,0.23396105623217808
CH,2017,230,0.14347826086956522,0.10434782608695652,0.016038943767821907,0.1274393171017433
CH,2018,154,0.14285714285714285,0.11038961038961038,0.016038943767821907,0.12681819908932093
CH,2019,246,0.2845528455284553,0.052845528455284556,0.016038943767821907,0.2685139017606334
CH,2020,215,0.16744186046511628,0.11162790697674418,0.016038943767821907,0.15140291669729436
CH,2021,168,0.25,0.10714285714285714,0.016038943767821907,0.23396105623217808
CH,2022,207,0.2608695652173913,0.06763285024154589,0.016038943767821907,0.24483062144956938
CH,2023,281,0.10320284697508897,0.060498220640569395,0.016038943767821907,0.08716390320726707
CH,2024,274,0.24817518248175183,0.11313868613138686,0.016038943767821907,0.2321362387139299
CH,2025,279,0.4265232974910394,0.043010752688172046,0.016038943767821907,0.4104843537232175
CL,2016,43,0.023255813953488372,0.023255813953488372,0.0019793528753193255,0.021276461078169048
CL,2018,3,0.6666666666666666,0,0.0019793528753193255,0.6646873137913473
CL,2021,6,0.3333333333333333,0.16666666666666666,0.0019793528753193255,0.331353980458014
CL,2023,6,0,0,0.0019793528753193255,-0.0019793528753193255
CL,2024,49,0.12244897959183673,0.04081632653061224,0.0019793528753193255,0.12046962671651741
CL,2025,5,0,0,0.0019793528753193255,-0.0019793528753193255
CN,2007,17,0.17647058823529413,0,0.04003859738106873,0.13643199085422542
CN,2008,8,0.25,0.25,0.04003859738106873,0.20996140261893126
CN,2010,6,0.3333333333333333,0,0.04003859738106873,0.2932947359522646
CN,2011,17,0.47058823529411764,0.4117647058823529,0.04003859738106873,0.4305496379130489
CN,2012,34,0.2647058823529412,0.058823529411764705,0.04003859738106873,0.22466728497187244
CN,2013,5,0.2,0.2,0.04003859738106873,0.15996140261893127
CN,2014,36,0.08333333333333333,0.08333333333333333,0.04003859738106873,0.0432947359522646
CN,2015,50,0.14,0.08,0.04003859738106873,0.09996140261893129
CN,2016,33,0.18181818181818182,0.12121212121212122,0.04003859738106873,0.14177958443711308
CN,2017,115,0.25217391304347825,0.09565217391304348,0.04003859738106873,0.2121353156624095
CN,2018,105,0.18095238095238095,0.06666666666666667,0.04003859738106873,0.14091378357131223
CN,2019,365,0.2465753424657534,0.11232876712328767,0.04003859738106873,0.20653674508468467
CN,2020,297,0.31986531986531985,0.15488215488215487,0.04003859738106873,0.2798267224842511
CN,2021,555,0.33513513513513515,0.11891891891891893,0.04003859738106873,0.2950965377540664
CN,2022,622,0.26366559485530544,0.21221864951768488,0.04003859738106873,0.2236269974742367
CN,2023,684,0.25146198830409355,0.16812865497076024,0.04003859738106873,0.2114233909230248
CN,2024,1457,0.304735758407687,0.17776252573781742,0.04003859738106873,0.2646971610266183
CN,2025,1827,0.337712096332786,0.18609742747673783,0.04003859738106873,0.29767349895171724
CY,2014,19,0,0,0.001707191854962918,-0.001707191854962918
CY,2015,54,0.14814814814814814,0.14814814814814814,0.001707191854962918,0.1464409562931852
CY,2019,72,0.18055555555555555,0.041666666666666664,0.001707191854962918,0.17884836370059262
CY,2020,17,0,0,0.001707191854962918,-0.001707191854962918
CY,2021,17,0.29411764705882354,0,0.001707191854962918,0.2924104552038606
CY,2022,11,0.2727272727272727,0,0.001707191854962918,0.2710200808723098
CY,2023,34,0.11764705882352941,0.029411764705882353,0.001707191854962918,0.1159398669685665
CY,2024,82,0.1951219512195122,0.06097560975609756,0.001707191854962918,0.19341475936454927
CY,2025,83,0.0963855421686747,0.04819277108433735,0.001707191854962918,0.09467835031371179
CZ,2014,4,1,0,0.004447358491733109,0.99555264150826694
CZ,2015,43,0.11627906976744186,0,0.004447358491733109,0.11183171127570875
CZ,2017,3,0.6666666666666666,0,0.004447358491733109,0.6622193081749336
CZ,2018,17,1,0,0.004447358491733109,0.99555264150826694
CZ,2019,28,0.17857142857142858,0,0.004447358491733109,0.17412407007969546
CZ,2020,20,0.4,0.05,0.004447358491733109,0.3955526415082669
CZ,2021,59,0.2542372881355932,0.05084745762711865,0.004447358491733109,0.2497899296438601
CZ,2022,11,0.2727272727272727,0.2727272727272727,0.004447358491733109,0.2682799142355396
CZ,2023,14,0.21428571428571427,0.21428571428571427,0.004447358491733109,0.20983835579398116
CZ,2024,61,0.06557377049180328,0.04918032786885246,0.004447358491733109,0.06112641200007017
CZ,2025,82,0.18292682926829268,0.024390243902439025,0.004447358491733109,0.17847947077655957
DE,2007,38,0.7631578947368421,0.13157894736842105,0.060098101676883016,0.7030597930599591
DE,2008,97,0.32989690721649484,0.030927835051546393,0.060098101676883016,0.26979880553961183
DE,2009,23,0.30434782608695654,0.30434782608695654,0.060098101676883016,0.24424972441007353
DE,2010,5,0.8,0,0.060098101676883016,0.739901898323117
DE,2011,11,0.2727272727272727,0.18181818181818182,0.060098101676883016,0.2126291710503897
DE,2012,149,0.26174496644295303,0.1476510067114094,0.060098101676883016,0.20164686476607002
DE,2013,144,0.3680555555555556,0.14583333333333334,0.060098101676883016,0.30795745387867257
DE,2014,302,0.3079470198675497,0.19205298013245034,0.060098101676883016,0.24784891819066668
DE,2015,352,0.2727272727272727,0.14488636363636365,0.060098101676883016,0.2126291710503897
DE,2016,252,0.17857142857142858,0.07936507936507936,0.060098101676883016,0.11847332689454557
DE,2017,270,0.3037037037037037,0.12222222222222222,0.060098101676883016,0.2436056020268207
DE,2018,447,0.2505592841163311,0.19686800894854586,0.060098101676883016,0.1904611824394481
DE,2019,306,0.31699346405228757,0.11764705882352941,0.060098101676883016,0.25689536237540456
DE,2020,406,0.3522167487684729,0.16748768472906403,0.060098101676883016,0.2921186470915899
DE,2021,605,0.31735537190082647,0.08429752066115702,0.060098101676883016,0.25725727022394346
DE,2022,721,0.3606102635228849,0.1650485436893204,0.060098101676883016,0.3005121618460019
DE,2023,714,0.35154061624649857,0.16666666666666666,0.060098101676883016,0.29144251456961556
DE,2024,663,0.33031674208144796,0.1085972850678733,0.060098101676883016,0.27021864040456495
DE,2025,589,0.3073005093378608,0.11884550084889643,0.060098101676883016,0.24720240766097779
DK,2007,7,0.14285714285714285,0,0.009556563101151118,0.13330057975599174
DK,2008,5,0.2,0,0.009556563101151118,0.1904434368988489
DK,2009,9,0.5555555555555556,0.1111111111111111,0.009556563101151118,0.5459989924544044
DK,2011,2,1,1,0.009556563101151118,0.9904434368988488
DK,2013,8,0.25,0.25,0.009556563101151118,0.2404434368988489
DK,2014,26,0.07692307692307693,0.07692307692307693,0.009556563101151118,0.06736651382192581
DK,2015,28,0.10714285714285714,0.10714285714285714,0.009556563101151118,0.09758629404170602
DK,2016,17,0.4117647058823529,0,0.009556563101151118,0.4022081427812018
DK,2017,3,0.3333333333333333,0,0.009556563101151118,0.3237767702321822
DK,2018,44,0.2727272727272727,0.022727272727272728,0.009556563101151118,0.2631707096261216
DK,2019,41,0.04878048780487805,0.024390243902439025,0.009556563101151118,0.03922392470372693
DK,2020,123,0.17886178861788618,0.024390243902439025,0.009556563101151118,0.16930522551673508
DK,2021,186,0.3602150537634409,0.08602150537634409,0.009556563101151118,0.35065849066228977
DK,2022,82,0.17073170731707318,0.012195121951219513,0.009556563101151118,0.16117514421592208
DK,2023,97,0.26804123711340205,0.07216494845360824,0.009556563101151118,0.25848467401225095
DK,2024,151,0.5033112582781457,0.06622516556291391,0.009556563101151118,0.4937546951769946
DK,2025,22,0.13636363636363635,0.09090909090909091,0.009556563101151118,0.12680707326248525
DZ,2012,5,0,0,6.185477735372891e-4,-6.185477735372891e-4
DZ,2017,25,0.12,0,6.185477735372891e-4,0.11938145222646271
DZ,2019,1,0,0,6.185477735372891e-4,-6.185477735372891e-4
DZ,2020,9,0.7777777777777778,0,6.185477735372891e-4,0.7771592300042405
DZ,2021,20,0.2,0.2,6.185477735372891e-4,0.19938145222646272
DZ,2022,44,0.022727272727272728,0.022727272727272728,6.185477735372891e-4,0.022108724953735438
DZ,2023,7,0.2857142857142857,0.2857142857142857,6.185477735372891e-4,0.2850957379407484
DZ,2025,49,0.24489795918367346,0.20408163265306123,6.185477735372891e-4,0.24427941141013618
EE,2013,9,0.4444444444444444,0,0.001311321279899053,0.44313312316454534
EE,2016,18,0.6111111111111112,0.05555555555555555,0.001311321279899053,0.6097997898312121
EE,2018,1,0,0,0.001311321279899053,-0.001311321279899053
EE,2020,3,0,0,0.001311321279899053,-0.001311321279899053
EE,2021,34,0,0,0.001311321279899053,-0.001311321279899053
EE,2022,12,0.25,0,0.001311321279899053,0.24868867872010095
EE,2023,14,0,0,0.001311321279899053,-0.001311321279899053
EE,2024,23,0.17391304347826086,0.17391304347826086,0.001311321279899053,0.1726017221983618
EE,2025,1,0,0,0.001311321279899053,-0.001311321279899053
EG,2009,23,0.043478260869565216,0.043478260869565216,0.0016082242111969517,0.04187003665836826
EG,2020,122,0.09016393442622951,0.00819672131147541,0.0016082242111969517,0.08855571021503256
EG,2023,17,0.058823529411764705,0.058823529411764705,0.0016082242111969517,0.05721530520056775
EG,2024,24,0,0,0.0016082242111969517,-0.0016082242111969517
EG,2025,16,0.1875,0,0.0016082242111969517,0.18589177578880306
ES,2007,1,1,0,0.028855253635514538,0.9711447463644854
ES,2008,36,0.3611111111111111,0.05555555555555555,0.028855253635514538,0.33225585747559655
ES,2009,2,0,0,0.028855253635514538,-0.028855253635514538
ES,2010,1,0,0,0.028855253635514538,-0.028855253635514538
ES,2011,33,0.5151515151515151,0,0.028855253635514538,0.4862962615160006
ES,2012,28,0.32142857142857145,0.14285714285714285,0.028855253635514538,0.2925733177930569
ES,2013,55,0.2727272727272727,0.07272727272727272,0.028855253635514538,0.24387201909175818
ES,2014,28,0.07142857142857142,0.07142857142857142,0.028855253635514538,0.042573317793056883
ES,2015,61,0.3114754098360656,0.26229508196721313,0.028855253635514538,0.28262015620055103
ES,2016,105,0.44761904761904764,0.3142857142857143,0.028855253635514538,0.4187637939835331
ES,2017,256,0.26953125,0.1875,0.028855253635514538,0.24067599636448547
ES,2018,142,0.20422535211267606,0.09859154929577464,0.028855253635514538,0.17537009847716153
ES,2019,218,0.21559633027522937,0.07339449541284404,0.028855253635514538,0.18674107663971484
ES,2020,348,0.20402298850574713,0.10057471264367816,0.028855253635514538,0.1751677348702326
ES,2021,377,0.30238726790450926,0.16445623342175067,0.028855253635514538,0.2735320142689947
ES,2022,227,0.3436123348017621,0.08370044052863436,0.028855253635514538,0.31475708116624757
ES,2023,297,0.32996632996632996,0.1111111111111111,0.028855253635514538,0.3011110763308154
ES,2024,369,0.3170731707317073,0.11382113821138211,0.028855253635514538,0.28821791709619277
ES,2025,521,0.29750479846449135,0.1324376199616123,0.028855253635514538,0.2686495448289768
FI,2007,21,0.047619047619047616,0,0.009872022465655135,0.03774702515339248
FI,2009,9,0.1111111111111111,0.1111111111111111,0.009872022465655135,0.10123908864545597
FI,2010,6,0.5,0,0.009872022465655135,0.49012797753434484
FI,2011,16,0,0,0.009872022465655135,-0.009872022465655135
FI,2012,7,0,0,0.009872022465655135,-0.009872022465655135
FI,2013,15,0.3333333333333333,0.3333333333333333,0.009872022465655135,0.32346131086767815
FI,2014,31,0.4838709677419355,0,0.009872022465655135,0.47399894527628034
FI,2015,34,0.2647058823529412,0.08823529411764706,0.009872022465655135,0.254833859887286
FI,2016,26,0.5,0.23076923076923078,0.009872022465655135,0.49012797753434484
FI,2017,26,0.38461538461538464,0.23076923076923078,0.009872022465655135,0.3747433621497295
FI,2018,82,0.24390243902439024,0.17073170731707318,0.009872022465655135,0.2340304165587351
FI,2019,136,0.20588235294117646,0.09558823529411764,0.009872022465655135,0.19601033047552133
FI,2020,154,0.33766233766233766,0.2597402597402597,0.009872022465655135,0.3277903151966825
FI,2021,253,0.3438735177865613,0.1383399209486166,0.009872022465655135,0.3340014953209061
FI,2022,125,0.496,0.296,0.009872022465655135,0.48612797753434484
FI,2023,164,0.3597560975609756,0.17073170731707318,0.009872022465655135,0.34988407509532043
FI,2024,198,0.1919191919191919,0.15656565656565657,0.009872022465655135,0.18204716945353677
FI,2025,164,0.32926829268292684,0.09146341463414634,0.009872022465655135,0.3193962702172717
FR,2007,23,0.43478260869565216,0.13043478260869565,0.03328405569404153,0.40149855300161064
FR,2008,9,0.2222222222222222,0.1111111111111111,0.03328405569404153,0.18893816652818068
FR,2009,2,0,0,0.03328405569404153,-0.03328405569404153
FR,2010,22,0.09090909090909091,0.09090909090909091,0.03328405569404153,0.05762503521504938
FR,2011,53,0.37735849056603776,0,0.03328405569404153,0.34407443487199624
FR,2012,15,0.4666666666666667,0.06666666666666667,0.03328405569404153,0.43338261097262515
FR,2013,39,0.358974358974359,0.3076923076923077,0.03328405569404153,0.32569030328031745
FR,2014,134,0.17164179104477612,0.05223880597014925,0.03328405569404153,0.1383577353507346
FR,2015,166,0.22289156626506024,0.1566265060240964,0.03328405569404153,0.1896075105710187
FR,2016,108,0.3333333333333333,0.08333333333333333,0.03328405569404153,0.3000492776392918
FR,2017,127,0.2677165354330709,0.11023622047244094,0.03328405569404153,0.23443247973902936
FR,2018,133,0.14285714285714285,0.03759398496240601,0.03328405569404153,0.10957308716310132
FR,2019,364,0.38461538461538464,0.11813186813186813,0.03328405569404153,0.3513313289213431
FR,2020,248,0.4959677419354839,0.13709677419354838,0.03328405569404153,0.46268368624144235
FR,2021,401,0.44389027431421446,0.22194513715710723,0.03328405569404153,0.41060621862017294
FR,2022,482,0.3070539419087137,0.15352697095435686,0.03328405569404153,0.2737698862146722
FR,2023,452,0.3915929203539823,0.17920353982300885,0.03328405569404153,0.3583088646599408
FR,2024,270,0.4,0.362962962962963,0.03328405569404153,0.3667159443059585
FR,2025,199,0.38190954773869346,0.06532663316582915,0.03328405569404153,0.34862549204465193
GB,2007,71,0.5774647887323944,0.2112676056338028,0.11530349046508608,0.4621612982673083
GB,2008,138,0.34782608695652173,0.21014492753623187,0.11530349046508608,0.23252259649143564
GB,2009,89,0.651685393258427,0.21348314606741572,0.11530349046508608,0.536381902793341
GB,2010,25,0.36,0.2,0.11530349046508608,0.2446965095349139
GB,2011,82,0.45121951219512196,0.2926829268292683,0.11530349046508608,0.3359160217300359
GB,2012,175,0.3314285714285714,0.1657142857142857,0.11530349046508608,0.21612508096348532
GB,2013,137,0.29927007299270075,0.2773722627737226,0.11530349046508608,0.18396658252761466
GB,2014,222,0.33783783783783783,0.13063063063063063,0.11530349046508608,0.22253434737275174
GB,2015,272,0.40808823529411764,0.2536764705882353,0.11530349046508608,0.29278474482903155
GB,2016,376,0.43882978723404253,0.21010638297872342,0.11530349046508608,0.32352629676895645
GB,2017,476,0.37184873949579833,0.22058823529411764,0.11530349046508608,0.25654524903071224
GB,2018,502,0.4163346613545817,0.16135458167330677,0.11530349046508608,0.3010311708894956
GB,2019,733,0.39154160982264663,0.23465211459754434,0.11530349046508608,0.27623811935756054
GB,2020,765,0.37516339869281046,0.21045751633986928,0.11530349046508608,0.25985990822772437
GB,2021,788,0.37944162436548223,0.1548223350253807,0.11530349046508608,0.26413813390039614
GB,2022,935,0.3229946524064171,0.15401069518716579,0.11530349046508608,0.20769116194133103
GB,2023,938,0.373134328358209,0.17164179104477612,0.11530349046508608,0.2578308378931229
GB,2024,618,0.3964401294498382,0.16019417475728157,0.11530349046508608,0.2811366389847521
GB,2025,510,0.40588235294117647,0.13137254901960785,0.11530349046508608,0.2905788624760904
GR,2007,11,0.45454545454545453,0,0.009488522846062015,0.44505693169939253
GR,2008,35,0.34285714285714286,0.02857142857142857,0.009488522846062015,0.33336862001108086
GR,2010,54,0.07407407407407407,0.07407407407407407,0.009488522846062015,0.06458555122801206
GR,2011,38,0.07894736842105263,0.07894736842105263,0.009488522846062015,0.06945884557499062
GR,2012,96,0.3125,0.08333333333333333,0.009488522846062015,0.303011477153938
GR,2013,83,0.1686746987951807,0.1686746987951807,0.009488522846062015,0.15918617594911869
GR,2014,39,0.28205128205128205,0.1282051282051282,0.009488522846062015,0.27256275920522005
GR,2015,40,0.1,0.025,0.009488522846062015,0.090511477153938
GR,2016,28,0.32142857142857145,0.14285714285714285,0.009488522846062015,0.31194004858250945
GR,2017,76,0.23684210526315788,0.039473684210526314,0.009488522846062015,0.22735358241709586
GR,2018,106,0.16037735849056603,0.12264150943396226,0.009488522846062015,0.150888835644504
GR,2019,175,0.22857142857142856,0.19428571428571428,0.009488522846062015,0.21908290572536654
GR,2020,199,0.2663316582914573,0.08040201005025126,0.009488522846062015,0.2568431354453953
GR,2021,158,0.35443037974683544,0.25316455696202533,0.009488522846062015,0.34494185690077345
GR,2022,342,0.17543859649122806,0.12573099415204678,0.009488522846062015,0.16595007364516604
GR,2023,121,0.21487603305785125,0.19834710743801653,0.009488522846062015,0.20538751021178922
GR,2024,211,0.16587677725118483,0.15165876777251186,0.009488522846062015,0.1563882544051228
GR,2025,240,0.225,0.20833333333333334,0.009488522846062015,0.21551147715393798
HK,2013,13,0,0,0.007812258379775962,-0.007812258379775962
HK,2014,39,0.1282051282051282,0.07692307692307693,0.007812258379775962,0.12039286982535223
HK,2015,5,0,0,0.007812258379775962,-0.007812258379775962
HK,2016,25,0.12,0.04,0.007812258379775962,0.11218774162022403
HK,2017,18,0.3333333333333333,0,0.007812258379775962,0.32552107495355737
HK,2018,8,0.25,0.25,0.007812258379775962,0.24218774162022405
HK,2019,38,0.39473684210526316,0.07894736842105263,0.007812258379775962,0.3869245837254872
HK,2020,60,0.06666666666666667,0.05,0.007812258379775962,0.0588544082868907
HK,2021,51,0.19607843137254902,0.0392156862745098,0.007812258379775962,0.18826617299277307
HK,2022,61,0.18032786885245902,0.14754098360655737,0.007812258379775962,0.17251561047268307
HK,2023,73,0.1643835616438356,0.1643835616438356,0.007812258379775962,0.15657130326405966
HK,2024,347,0.3112391930835735,0.05187319884726225,0.007812258379775962,0.30342693470379756
HK,2025,111,0.34234234234234234,0.036036036036036036,0.007812258379775962,0.3345300839625664
HR,2013,1,0,0,0.0011257569478378662,-0.0011257569478378662
HR,2014,1,1,0,0.0011257569478378662,0.9988742430521621
HR,2016,10,0.1,0,0.0011257569478378662,0.09887424305216214
HR,2018,9,0,0,0.0011257569478378662,-0.0011257569478378662
HR,2019,6,0.8333333333333334,0,0.0011257569478378662,0.8322075763854955
HR,2021,10,0.3,0.3,0.0011257569478378662,0.29887424305216215
HR,2022,39,0.20512820512820512,0.02564102564102564,0.0011257569478378662,0.20400244818036725
HR,2023,27,0.18518518518518517,0,0.0011257569478378662,0.1840594282373473
HR,2024,34,0.058823529411764705,0,0.0011257569478378662,0.057697772463926836
HR,2025,26,0,0,0.0011257569478378662,-0.0011257569478378662
HU,2010,1,0,0,0.002350481539441699,-0.002350481539441699
HU,2011,1,1,0,0.002350481539441699,0.9976495184605583
HU,2014,6,0,0,0.002350481539441699,-0.002350481539441699
HU,2015,25,0.04,0.04,0.002350481539441699,0.0376495184605583
HU,2016,23,0,0,0.002350481539441699,-0.002350481539441699
HU,2017,6,0.5,0,0.002350481539441699,0.4976495184605583
HU,2018,13,0,0,0.002350481539441699,-0.002350481539441699
HU,2019,23,0.2608695652173913,0.08695652173913043,0.002350481539441699,0.2585190836779496
HU,2020,6,0.3333333333333333,0.3333333333333333,0.002350481539441699,0.33098285179389164
HU,2021,11,0.36363636363636365,0,0.002350481539441699,0.361285882096922
HU,2022,1,1,1,0.002350481539441699,0.9976495184605583
HU,2023,31,0.3548387096774194,0.03225806451612903,0.002350481539441699,0.3524882281379777
HU,2024,48,0.375,0.020833333333333332,0.002350481539441699,0.3726495184605583
HU,2025,1,1,0,0.002350481539441699,0.9976495184605583
ID,2016,2,0,0,0.002350481539441699,-0.002350481539441699
ID,2017,25,0.12,0,0.002350481539441699,0.1176495184605583
ID,2019,1,0,0,0.002350481539441699,-0.002350481539441699
ID,2020,6,0,0,0.002350481539441699,-0.002350481539441699
ID,2021,34,0.08823529411764706,0.058823529411764705,0.002350481539441699,0.08588481257820536
ID,2022,37,0,0,0.002350481539441699,-0.002350481539441699
ID,2023,144,0.25,0.20833333333333334,0.002350481539441699,0.2476495184605583
ID,2024,56,0.19642857142857142,0.16071428571428573,0.002350481539441699,0.19407808988912972
ID,2025,142,0.14084507042253522,0.04929577464788732,0.002350481539441699,0.13849458888309352
IE,2007,1,0,0,0.008511217363873098,-0.008511217363873098
IE,2010,4,0,0,0.008511217363873098,-0.008511217363873098
IE,2011,1,0,0,0.008511217363873098,-0.008511217363873098
IE,2012,3,0.3333333333333333,0.3333333333333333,0.008511217363873098,0.3248221159694602
IE,2013,18,0.7222222222222222,0.16666666666666666,0.008511217363873098,0.7137110048583492
IE,2014,51,0.0784313725490196,0.0784313725490196,0.008511217363873098,0.06992015518514651
IE,2015,29,0.3448275862068966,0.06896551724137931,0.008511217363873098,0.33631636884302346
IE,2016,3,0,0,0.008511217363873098,-0.008511217363873098
IE,2017,10,0,0,0.008511217363873098,-0.008511217363873098
IE,2018,72,0.16666666666666666,0.027777777777777776,0.008511217363873098,0.15815544930279357
IE,2019,68,0.1323529411764706,0.058823529411764705,0.008511217363873098,0.12384172381259749
IE,2020,96,0.1875,0.10416666666666667,0.008511217363873098,0.17898878263612691
IE,2021,173,0.1329479768786127,0.06936416184971098,0.008511217363873098,0.1244367595147396
IE,2022,207,0.3333333333333333,0.07246376811594203,0.008511217363873098,0.3248221159694602
IE,2023,11,0.36363636363636365,0.2727272727272727,0.008511217363873098,0.35512514627249053
IE,2024,65,0.5538461538461539,0.1076923076923077,0.008511217363873098,0.5453349364822808
IE,2025,18,0.3888888888888889,0.1111111111111111,0.008511217363873098,0.3803776715250158
IL,2007,31,0.25806451612903225,0.25806451612903225,0.01114623087914195,0.2469182852498903
IL,2011,36,0.1388888888888889,0.1388888888888889,0.01114623087914195,0.12774265800974693
IL,2013,94,0.23404255319148937,0.13829787234042554,0.01114623087914195,0.2228963223123474
IL,2014,51,0.3137254901960784,0.0196078431372549,0.01114623087914195,0.30257925931693647
IL,2016,107,0.2336448598130841,0.19626168224299065,0.01114623087914195,0.22249862893394215
IL,2017,14,0.21428571428571427,0.21428571428571427,0.01114623087914195,0.2031394834065723
IL,2018,12,0,0,0.01114623087914195,-0.01114623087914195
IL,2019,113,0.1415929203539823,0.05309734513274336,0.01114623087914195,0.13044668947484034
IL,2020,57,0.17543859649122806,0.17543859649122806,0.01114623087914195,0.1642923656120861
IL,2021,115,0.06086956521739131,0.034782608695652174,0.01114623087914195,0.04972333433824935
IL,2022,251,0.22310756972111553,0.08366533864541832,0.01114623087914195,0.21196133884197357
IL,2023,239,0.3389121338912134,0.18828451882845187,0.01114623087914195,0.3277659030120714
IL,2024,26,0.4230769230769231,0.11538461538461539,0.01114623087914195,0.4119306921977811
IL,2025,109,0.42201834862385323,0.1834862385321101,0.01114623087914195,0.4108721177447113
IN,2007,4,0,0,0.014276082613240634,-0.014276082613240634
IN,2008,5,0,0,0.014276082613240634,-0.014276082613240634
IN,2011,21,0.23809523809523808,0.23809523809523808,0.014276082613240634,0.22381915548199743
IN,2014,8,0,0,0.014276082613240634,-0.014276082613240634
IN,2015,1,0,0,0.014276082613240634,-0.014276082613240634
IN,2016,2,0,0,0.014276082613240634,-0.014276082613240634
IN,2017,24,0.375,0.08333333333333333,0.014276082613240634,0.36072391738675935
IN,2018,99,0.12121212121212122,0.1111111111111111,0.014276082613240634,0.10693603859888058
IN,2019,36,0.08333333333333333,0.08333333333333333,0.014276082613240634,0.0690572507200927
IN,2020,18,0.05555555555555555,0,0.014276082613240634,0.04127947294231492
IN,2021,16,0.125,0.0625,0.014276082613240634,0.11072391738675937
IN,2022,184,0.059782608695652176,0.005434782608695652,0.014276082613240634,0.04550652608241154
IN,2023,206,0.1407766990291262,0.09223300970873786,0.014276082613240634,0.12650061641588556
IN,2024,145,0.1724137931034483,0.13793103448275862,0.014276082613240634,0.15813771049020764
IN,2025,187,0.28342245989304815,0.09090909090909091,0.014276082613240634,0.2691463772798075
IR,2013,24,0.125,0.125,0.0036679882970761246,0.12133201170292388
IR,2014,110,0.22727272727272727,0.22727272727272727,0.0036679882970761246,0.22360473897565114
IR,2015,33,0.06060606060606061,0.06060606060606061,0.0036679882970761246,0.05693807230898448
IR,2016,28,0.42857142857142855,0.42857142857142855,0.0036679882970761246,0.42490344027435245
IR,2017,37,0.08108108108108109,0.08108108108108109,0.0036679882970761246,0.07741309278400496
IR,2018,66,0.25757575757575757,0.22727272727272727,0.0036679882970761246,0.2539077692786814
IR,2019,151,0.48344370860927155,0.11258278145695365,0.0036679882970761246,0.4797757203121954
IR,2020,160,0.625,0.075,0.0036679882970761246,0.6213320117029238
IR,2021,17,0.17647058823529413,0.17647058823529413,0.0036679882970761246,0.172802599938218
IR,2022,81,0.13580246913580246,0.13580246913580246,0.0036679882970761246,0.13213448083872634
IR,2023,52,0.19230769230769232,0.038461538461538464,0.0036679882970761246,0.1886397040106162
IR,2024,45,0.044444444444444446,0.044444444444444446,0.0036679882970761246,0.04077645614736832
IR,2025,44,0.11363636363636363,0.06818181818181818,0.0036679882970761246,0.10996837533928751
IT,2007,26,0.11538461538461539,0.07692307692307693,0.040935491652697796,0.07444912373191759
IT,2008,46,0.2608695652173913,0.2391304347826087,0.040935491652697796,0.2199340735646935
IT,2009,9,0.5555555555555556,0.1111111111111111,0.040935491652697796,0.5146200639028577
IT,2010,55,0.32727272727272727,0.05454545454545454,0.040935491652697796,0.2863372356200295
IT,2011,133,0.6165413533834586,0.09022556390977443,0.040935491652697796,0.5756058617307608
IT,2012,95,0.25263157894736843,0.25263157894736843,0.040935491652697796,0.21169608729467063
IT,2013,61,0.47540983606557374,0.21311475409836064,0.040935491652697796,0.43447434441287597
IT,2014,126,0.3492063492063492,0.3333333333333333,0.040935491652697796,0.3082708575536514
IT,2015,460,0.30869565217391304,0.1673913043478261,0.040935491652697796,0.26776016052121526
IT,2016,228,0.17105263157894737,0.14912280701754385,0.040935491652697796,0.13011713992624957
IT,2017,450,0.3488888888888889,0.22666666666666666,0.040935491652697796,0.30795339723619114
IT,2018,531,0.2278719397363465,0.10357815442561205,0.040935491652697796,0.1869364480836487
IT,2019,207,0.2463768115942029,0.10144927536231885,0.040935491652697796,0.2054413199415051
IT,2020,476,0.24579831932773108,0.10504201680672269,0.040935491652697796,0.20486282767503328
IT,2021,576,0.2569444444444444,0.1440972222222222,0.040935491652697796,0.21600895279174662
IT,2022,606,0.36468646864686466,0.14356435643564355,0.040935491652697796,0.3237509769941669
IT,2023,593,0.28836424957841483,0.16526138279932545,0.040935491652697796,0.24742875792571703
IT,2024,708,0.3898305084745763,0.21610169491525424,0.040935491652697796,0.3488950168218785
IT,2025,483,0.2753623188405797,0.10559006211180125,0.040935491652697796,0.2344268271878819
JP,2007,30,0.4,0.13333333333333333,0.017535829379782146,0.38246417062021787
JP,2008,15,0.4666666666666667,0.06666666666666667,0.017535829379782146,0.4491308372868845
JP,2009,11,0.09090909090909091,0.09090909090909091,0.017535829379782146,0.07337326152930876
JP,2010,3,0,0,0.017535829379782146,-0.017535829379782146
JP,2011,2,0,0,0.017535829379782146,-0.017535829379782146
JP,2012,26,0.07692307692307693,0.07692307692307693,0.017535829379782146,0.05938724754329478
JP,2013,1,0,0,0.017535829379782146,-0.017535829379782146
JP,2014,2,0,0,0.017535829379782146,-0.017535829379782146
JP,2015,81,0.2222222222222222,0.20987654320987653,0.017535829379782146,0.20468639284244006
JP,2016,2,0,0,0.017535829379782146,-0.017535829379782146
JP,2017,19,0.3157894736842105,0.3157894736842105,0.017535829379782146,0.29825364430442836
JP,2018,47,0.1276595744680851,0.06382978723404255,0.017535829379782146,0.11012374508830294
JP,2019,46,0.08695652173913043,0.08695652173913043,0.017535829379782146,0.06942069235934828
JP,2020,75,0.24,0.06666666666666667,0.017535829379782146,0.22246417062021784
JP,2021,90,0.2111111111111111,0.044444444444444446,0.017535829379782146,0.19357528173132896
JP,2022,140,0.17142857142857143,0.07857142857142857,0.017535829379782146,0.15389274204878928
JP,2023,99,0.15151515151515152,0.04040404040404041,0.017535829379782146,0.13397932213536937
JP,2024,84,0.09523809523809523,0.05952380952380952,0.017535829379782146,0.07770226585831308
JP,2025,148,0.20945945945945946,0.04054054054054054,0.017535829379782146,0.1919236300796773
KR,2007,5,0,0,0.008486475452931607,-0.008486475452931607
KR,2014,52,0.4230769230769231,0,0.008486475452931607,0.41459044762399144
KR,2016,17,0.058823529411764705,0.058823529411764705,0.008486475452931607,0.050337053958833096
KR,2017,24,0.4166666666666667,0,0.008486475452931607,0.40818019121373506
KR,2018,62,0.016129032258064516,0.016129032258064516,0.008486475452931607,0.007642556805132908
KR,2019,104,0.125,0.09615384615384616,0.008486475452931607,0.1165135245470684
KR,2020,111,0.3783783783783784,0.06306306306306306,0.008486475452931607,0.36989190292544677
KR,2021,101,0.19801980198019803,0.019801980198019802,0.008486475452931607,0.18953332652726643
KR,2022,99,0.20202020202020202,0.16161616161616163,0.008486475452931607,0.19353372656727041
KR,2023,142,0.24647887323943662,0.056338028169014086,0.008486475452931607,0.23799239778650502
KR,2024,52,0.40384615384615385,0.34615384615384615,0.008486475452931607,0.3953596783932222
KR,2025,204,0.13725490196078433,0.0196078431372549,0.008486475452931607,0.12876842650785272
KZ,2024,94,0.0851063829787234,0.010638297872340425,1.7319337659044097e-4,0.08493318960213296
KZ,2025,25,0.04,0.04,1.7319337659044097e-4,0.03982680662340956
LU,2015,6,0,0,0.0010206038263365271,-0.0010206038263365271
LU,2019,85,0.16470588235294117,0,0.0010206038263365271,0.16368527852660464
LU,2020,55,0.12727272727272726,0.05454545454545454,0.0010206038263365271,0.12625212344639072
LU,2021,167,0.15568862275449102,0.011976047904191617,0.0010206038263365271,0.1546680189281545
LU,2022,234,0.06837606837606838,0.05982905982905983,0.0010206038263365271,0.06735546454973186
LU,2023,95,0.09473684210526316,0.06315789473684211,0.0010206038263365271,0.09371623827892664
LU,2024,8,0.25,0,0.0010206038263365271,0.24897939617366346
MA,2008,22,0.09090909090909091,0.09090909090909091,8.226685388045946e-4,0.09008642237028631
MA,2017,15,0.13333333333333333,0.13333333333333333,8.226685388045946e-4,0.13251066479452875
MA,2018,73,0.0273972602739726,0.0136986301369863,8.226685388045946e-4,0.026574591735168008
MA,2022,27,0.07407407407407407,0.07407407407407407,8.226685388045946e-4,0.07325140553526947
MA,2023,2,0,0,8.226685388045946e-4,-8.226685388045946e-4
MA,2024,2,0.5,0,8.226685388045946e-4,0.4991773314611954
MO,2016,4,0,0,8.041121055984759e-4,-8.041121055984759e-4
MO,2021,6,0,0,8.041121055984759e-4,-8.041121055984759e-4
MO,2022,12,0,0,8.041121055984759e-4,-8.041121055984759e-4
MO,2024,33,0.21212121212121213,0,8.041121055984759e-4,0.21131710001561366
MO,2025,63,0.15873015873015872,0,8.041121055984759e-4,0.15792604662456025
MX,2011,2,0.5,0,0.0035133513536918025,0.4964866486463082
MX,2012,2,0,0,0.0035133513536918025,-0.0035133513536918025
MX,2014,1,0,0,0.0035133513536918025,-0.0035133513536918025
MX,2015,10,0,0,0.0035133513536918025,-0.0035133513536918025
MX,2016,33,0.12121212121212122,0.09090909090909091,0.0035133513536918025,0.11769876985842942
MX,2017,4,0,0,0.0035133513536918025,-0.0035133513536918025
MX,2019,105,0.18095238095238095,0.0380952380952381,0.0035133513536918025,0.17743902959868915
MX,2020,53,0.07547169811320754,0.018867924528301886,0.0035133513536918025,0.07195834675951575
MX,2021,11,0.5454545454545454,0.2727272727272727,0.0035133513536918025,0.5419411941008536
MX,2022,34,0.029411764705882353,0.029411764705882353,0.0035133513536918025,0.02589841335219055
MX,2023,32,0.59375,0.0625,0.0035133513536918025,0.5902366486463082
MX,2024,41,0,0,0.0035133513536918025,-0.0035133513536918025
MX,2025,26,0.2692307692307692,0.038461538461538464,0.0035133513536918025,0.2657174178770774
MY,2014,62,0.08064516129032258,0.016129032258064516,0.004348390847967142,0.07629677044235543
MY,2015,51,0.09803921568627451,0.0392156862745098,0.004348390847967142,0.09369082483830736
MY,2016,4,0.25,0.25,0.004348390847967142,0.24565160915203285
MY,2017,7,0,0,0.004348390847967142,-0.004348390847967142
MY,2018,36,0.05555555555555555,0.05555555555555555,0.004348390847967142,0.05120716470758841
MY,2021,77,0.22077922077922077,0.03896103896103896,0.004348390847967142,0.21643082993125362
MY,2022,49,0.04081632653061224,0,0.004348390847967142,0.0364679356826451
MY,2023,14,0,0,0.004348390847967142,-0.004348390847967142
MY,2024,135,0.13333333333333333,0.08888888888888889,0.004348390847967142,0.12898494248536618
MY,2025,229,0.2794759825327511,0.03056768558951965,0.004348390847967142,0.27512759168478396
NG,2019,45,0.06666666666666667,0.06666666666666667,0.002059764085879173,0.0646069025807875
NG,2020,16,0.3125,0.0625,0.002059764085879173,0.31044023591412084
NG,2021,4,0,0,0.002059764085879173,-0.002059764085879173
NG,2022,1,0,0,0.002059764085879173,-0.002059764085879173
NG,2023,31,0.16129032258064516,0.16129032258064516,0.002059764085879173,0.15923055849476597
NG,2024,2,0,0,0.002059764085879173,-0.002059764085879173
NG,2025,9,0.1111111111111111,0.1111111111111111,0.002059764085879173,0.10905134702523193
NL,2007,5,0.2,0.2,0.03509640067050579,0.16490359932949422
NL,2008,45,0.6888888888888889,0.06666666666666667,0.03509640067050579,0.6537924882183831
NL,2009,13,0.3076923076923077,0.3076923076923077,0.03509640067050579,0.2725959070218019
NL,2010,16,0.375,0.1875,0.03509640067050579,0.3399035993294942
NL,2012,48,0.1875,0.10416666666666667,0.03509640067050579,0.1524035993294942
NL,2013,31,0.5161290322580645,0.12903225806451613,0.03509640067050579,0.4810326315875587
NL,2014,105,0.21904761904761905,0.13333333333333333,0.03509640067050579,0.18395121837711326
NL,2015,280,0.19285714285714287,0.1357142857142857,0.03509640067050579,0.15776074218663708
NL,2016,75,0.25333333333333335,0.18666666666666668,0.03509640067050579,0.21823693266282757
NL,2017,246,0.35772357723577236,0.07317073170731707,0.03509640067050579,0.32262717656526657
NL,2018,136,0.47058823529411764,0.11029411764705882,0.03509640067050579,0.43549183462361185
NL,2019,342,0.19883040935672514,0.07602339181286549,0.03509640067050579,0.16373400868621935
NL,2020,224,0.4732142857142857,0.049107142857142856,0.03509640067050579,0.4381178850437799
NL,2021,438,0.2420091324200913,0.08904109589041095,0.03509640067050579,0.20691273174958552
NL,2022,321,0.2616822429906542,0.13395638629283488,0.03509640067050579,0.2265858423201484
NL,2023,278,0.32014388489208634,0.09712230215827339,0.03509640067050579,0.28504748422158055
NL,2024,341,0.2932551319648094,0.0967741935483871,0.03509640067050579,0.2581587312943036
NL,2025,170,0.34705882352941175,0.058823529411764705,0.03509640067050579,0.31196242285890596
NO,2007,2,0,0,0.007954524367689538,-0.007954524367689538
NO,2008,6,0.3333333333333333,0,0.007954524367689538,0.32537880896564375
NO,2009,10,0.3,0.3,0.007954524367689538,0.2920454756323104
NO,2011,5,0.2,0.2,0.007954524367689538,0.19204547563231048
NO,2013,3,0.3333333333333333,0.3333333333333333,0.007954524367689538,0.32537880896564375
NO,2015,5,0.6,0.4,0.007954524367689538,0.5920454756323105
NO,2016,9,0.1111111111111111,0.1111111111111111,0.007954524367689538,0.10315658674342157
NO,2017,34,0.08823529411764706,0.029411764705882353,0.007954524367689538,0.08028076974995753
NO,2018,24,0.625,0.08333333333333333,0.007954524367689538,0.6170454756323105
NO,2019,8,0.25,0.25,0.007954524367689538,0.24204547563231046
NO,2020,64,0.171875,0.015625,0.007954524367689538,0.16392047563231046
NO,2021,55,0.23636363636363636,0.01818181818181818,0.007954524367689538,0.22840911199594682
NO,2022,5,0,0,0.007954524367689538,-0.007954524367689538
NO,2023,57,0.15789473684210525,0.03508771929824561,0.007954524367689538,0.14994021247441572
NO,2024,91,0.46153846153846156,0.02197802197802198,0.007954524367689538,0.453583937170772
NZ,2008,2,0,0,0.006179292257637518,-0.006179292257637518
NZ,2013,4,0,0,0.006179292257637518,-0.006179292257637518
NZ,2015,26,0.3076923076923077,0,0.006179292257637518,0.3015130154346702
NZ,2016,8,0,0,0.006179292257637518,-0.006179292257637518
NZ,2017,2,0,0,0.006179292257637518,-0.006179292257637518
NZ,2018,8,0.125,0,0.006179292257637518,0.11882070774236247
NZ,2019,3,0,0,0.006179292257637518,-0.006179292257637518
NZ,2020,21,0.09523809523809523,0.09523809523809523,0.006179292257637518,0.08905880298045771
NZ,2021,9,0.3333333333333333,0.3333333333333333,0.006179292257637518,0.3271540410756958
NZ,2022,41,0.04878048780487805,0.04878048780487805,0.006179292257637518,0.04260119554724053
NZ,2024,62,0.12903225806451613,0.12903225806451613,0.006179292257637518,0.1228529658068786
PK,2007,4,0,0,0.0030494405235388356,-0.0030494405235388356
PK,2015,17,0.17647058823529413,0,0.0030494405235388356,0.1734211477117553
PK,2019,15,0.4,0,0.0030494405235388356,0.3969505594764612
PK,2021,41,0.14634146341463414,0,0.0030494405235388356,0.1432920228910953
PK,2023,56,0.125,0.125,0.0030494405235388356,0.12195055947646116
PK,2025,15,0.2,0,0.0030494405235388356,0.19695055947646117
PL,2011,7,0,0,0.004997866010181296,-0.004997866010181296
PL,2012,12,0.16666666666666666,0.16666666666666666,0.004997866010181296,0.16166880065648537
PL,2013,47,0.14893617021276595,0.14893617021276595,0.004997866010181296,0.14393830420258466
PL,2014,40,0.225,0.125,0.004997866010181296,0.22000213398981872
PL,2015,53,0.1320754716981132,0.1320754716981132,0.004997866010181296,0.12707760568793192
PL,2016,6,0.16666666666666666,0.16666666666666666,0.004997866010181296,0.16166880065648537
PL,2017,34,0,0,0.004997866010181296,-0.004997866010181296
PL,2018,50,0.32,0.12,0.004997866010181296,0.3150021339898187
PL,2019,25,0.24,0.12,0.004997866010181296,0.2350021339898187
PL,2020,56,0.125,0.125,0.004997866010181296,0.12000213398981871
PL,2021,86,0.12790697674418605,0.03488372093023256,0.004997866010181296,0.12290911073400476
PL,2022,40,0.225,0.05,0.004997866010181296,0.22000213398981872
PL,2023,50,0.02,0.02,0.004997866010181296,0.015002133989818704
PL,2024,77,0.22077922077922077,0.11688311688311688,0.004997866010181296,0.21578135476903948
PL,2025,129,0.20155038759689922,0.10852713178294573,0.004997866010181296,0.19655252158671793
PT,2009,14,0.5714285714285714,0.14285714285714285,0.006303001812344977,0.5651255696162264
PT,2014,22,0.13636363636363635,0.13636363636363635,0.006303001812344977,0.13006063455129138
PT,2016,1,0,0,0.006303001812344977,-0.006303001812344977
PT,2017,19,0.15789473684210525,0,0.006303001812344977,0.15159173502976028
PT,2018,51,0.43137254901960786,0.058823529411764705,0.006303001812344977,0.42506954720726287
PT,2019,10,0.1,0,0.006303001812344977,0.09369699818765503
PT,2020,31,0.16129032258064516,0.06451612903225806,0.006303001812344977,0.15498732076830019
PT,2021,10,0.4,0.3,0.006303001812344977,0.393696998187655
PT,2022,69,0.08695652173913043,0.08695652173913043,0.006303001812344977,0.08065351992678546
PT,2023,117,0.1794871794871795,0.1282051282051282,0.006303001812344977,0.17318417767483452
PT,2024,88,0.1590909090909091,0.056818181818181816,0.006303001812344977,0.15278790727856412
PT,2025,53,0.32075471698113206,0.07547169811320754,0.006303001812344977,0.31445171516878706
QA,2017,25,0.12,0,0.0016020387334615789,0.11839796126653841
QA,2020,74,0.24324324324324326,0,0.0016020387334615789,0.2416412045097817
QA,2022,8,0,0,0.0016020387334615789,-0.0016020387334615789
QA,2024,37,0.05405405405405406,0,0.0016020387334615789,0.05245201532059248
QA,2025,25,0.12,0,0.0016020387334615789,0.11839796126653841
RO,2015,14,0.6428571428571429,0.14285714285714285,0.002121618863232902,0.64073552399391
RO,2016,4,0,0,0.002121618863232902,-0.002121618863232902
RO,2017,1,1,0,0.002121618863232902,0.9978783811367671
RO,2018,4,0,0,0.002121618863232902,-0.002121618863232902
RO,2020,17,0.29411764705882354,0.11764705882352941,0.002121618863232902,0.2919960281955906
RO,2021,42,0.19047619047619047,0.19047619047619047,0.002121618863232902,0.18835457161295757
RO,2022,25,0.56,0.56,0.002121618863232902,0.5578783811367671
RO,2023,50,0.18,0,0.002121618863232902,0.1778783811367671
RO,2024,24,0.20833333333333334,0.125,0.002121618863232902,0.20621171447010045
RO,2025,26,0.23076923076923078,0.038461538461538464,0.002121618863232902,0.2286476119059979
RS,2015,8,0,0,0.0010700876482195101,-0.0010700876482195101
RS,2016,56,0.10714285714285714,0.10714285714285714,0.0010700876482195101,0.10607276949463762
RS,2017,17,0.29411764705882354,0.11764705882352941,0.0010700876482195101,0.293047559410604
RS,2018,30,0.3333333333333333,0.13333333333333333,0.0010700876482195101,0.3322632456851138
RS,2019,18,0.05555555555555555,0.05555555555555555,0.0010700876482195101,0.05448546790733604
RS,2020,4,0.5,0.5,0.0010700876482195101,0.49892991235178047
RS,2021,66,0.5454545454545454,0.3333333333333333,0.0010700876482195101,0.5443844578063259
RS,2022,13,0.38461538461538464,0.38461538461538464,0.0010700876482195101,0.3835452969671651
RS,2023,57,0.2982456140350877,0.24561403508771928,0.0010700876482195101,0.29717552638686817
RS,2024,18,0.3888888888888889,0,0.0010700876482195101,0.38781880124066936
RU,2008,1,0,0,0.004886527410944585,-0.004886527410944585
RU,2009,2,0,0,0.004886527410944585,-0.004886527410944585
RU,2013,2,0.5,0,0.004886527410944585,0.4951134725890554
RU,2014,3,0,0,0.004886527410944585,-0.004886527410944585
RU,2016,16,0.0625,0.0625,0.004886527410944585,0.057613472589055414
RU,2017,4,0.5,0,0.004886527410944585,0.4951134725890554
RU,2018,42,0.21428571428571427,0,0.004886527410944585,0.2093991868747697
RU,2019,64,0.625,0.015625,0.004886527410944585,0.6201134725890555
RU,2020,120,0.4083333333333333,0.075,0.004886527410944585,0.40344680592238874
RU,2021,81,0.12345679012345678,0.024691358024691357,0.004886527410944585,0.1185702627125122
RU,2022,75,0.13333333333333333,0.10666666666666667,0.004886527410944585,0.12844680592238875
RU,2023,87,0.16091954022988506,0.16091954022988506,0.004886527410944585,0.15603301281894047
RU,2024,74,0.0945945945945946,0.02702702702702703,0.004886527410944585,0.08970806718365001
RU,2025,19,0.2631578947368421,0.21052631578947367,0.004886527410944585,0.2582713673258975
SA,2014,1,0,0,0.002690682814887208,-0.002690682814887208
SA,2017,55,0.3090909090909091,0.07272727272727272,0.002690682814887208,0.30640022627602187
SA,2020,45,0.1111111111111111,0,0.002690682814887208,0.10842042829622389
SA,2021,8,0.5,0,0.002690682814887208,0.4973093171851128
SA,2022,93,0.1827956989247312,0,0.002690682814887208,0.18010501610984397
SA,2023,3,0.3333333333333333,0.3333333333333333,0.002690682814887208,0.3306426505184461
SA,2024,6,0,0,0.002690682814887208,-0.002690682814887208
SA,2025,20,0.15,0.05,0.002690682814887208,0.14730931718511278
SE,2007,13,0.23076923076923078,0,0.014362679301535853,0.21640655146769494
SE,2010,1,0,0,0.014362679301535853,-0.014362679301535853
SE,2011,3,0,0,0.014362679301535853,-0.014362679301535853
SE,2012,13,0,0,0.014362679301535853,-0.014362679301535853
SE,2013,2,0,0,0.014362679301535853,-0.014362679301535853
SE,2014,31,0.4838709677419355,0.03225806451612903,0.014362679301535853,0.46950828844039966
SE,2015,10,0.1,0,0.014362679301535853,0.08563732069846415
SE,2016,12,0.75,0.16666666666666666,0.014362679301535853,0.7356373206984641
SE,2017,79,0.12658227848101267,0.012658227848101266,0.014362679301535853,0.11221959917947681
SE,2018,31,0.12903225806451613,0.12903225806451613,0.014362679301535853,0.11466957876298027
SE,2019,40,0.25,0.175,0.014362679301535853,0.23563732069846416
SE,2020,34,0.11764705882352941,0,0.014362679301535853,0.10328437952199356
SE,2021,287,0.3554006968641115,0.03832752613240418,0.014362679301535853,0.3410380175625757
SE,2022,48,0.20833333333333334,0.0625,0.014362679301535853,0.1939706540317975
SE,2023,77,0.35064935064935066,0.06493506493506493,0.014362679301535853,0.3362866713478148
SE,2024,29,0.4482758620689655,0.06896551724137931,0.014362679301535853,0.4339131827674297
SE,2025,14,0.21428571428571427,0.14285714285714285,0.014362679301535853,0.19992303498417843
SG,2007,13,0.15384615384615385,0,0.007682363347333131,0.14616379049882072
SG,2012,20,0.4,0,0.007682363347333131,0.3923176366526669
SG,2013,5,0.6,0,0.007682363347333131,0.5923176366526669
SG,2014,59,0.0847457627118644,0.01694915254237288,0.007682363347333131,0.07706339936453127
SG,2015,18,0.16666666666666666,0,0.007682363347333131,0.15898430331933353
SG,2016,2,0,0,0.007682363347333131,-0.007682363347333131
SG,2017,8,0,0,0.007682363347333131,-0.007682363347333131
SG,2018,16,0.1875,0.1875,0.007682363347333131,0.17981763665266687
SG,2020,12,0.08333333333333333,0.08333333333333333,0.007682363347333131,0.0756509699860002
SG,2021,1,0,0,0.007682363347333131,-0.007682363347333131
SG,2022,26,0.07692307692307693,0.07692307692307693,0.007682363347333131,0.0692407135757438
SG,2023,4,0,0,0.007682363347333131,-0.007682363347333131
SG,2024,37,0.4594594594594595,0,0.007682363347333131,0.45177709611212635
SG,2025,16,0.25,0.1875,0.007682363347333131,0.24231763665266687
SI,2007,6,0,0,0.0019546109643778335,-0.0019546109643778335
SI,2014,4,0,0,0.0019546109643778335,-0.0019546109643778335
SI,2016,4,0,0,0.0019546109643778335,-0.0019546109643778335
SI,2018,15,0,0,0.0019546109643778335,-0.0019546109643778335
SI,2019,4,0,0,0.0019546109643778335,-0.0019546109643778335
SI,2020,3,0.3333333333333333,0,0.0019546109643778335,0.3313787223689555
SI,2021,2,0,0,0.0019546109643778335,-0.0019546109643778335
SI,2022,58,0.15517241379310345,0.06896551724137931,0.0019546109643778335,0.15321780282872563
SI,2023,1,1,0,0.0019546109643778335,0.9980453890356221
SI,2024,60,0.05,0.016666666666666666,0.0019546109643778335,0.048045389035622166
SI,2025,28,0.42857142857142855,0.07142857142857142,0.0019546109643778335,0.4266168176070507
SK,2015,43,0.11627906976744186,0,9.340071380413066e-4,0.11534506262940056
SK,2017,1,0,0,9.340071380413066e-4,-9.340071380413066e-4
SK,2019,28,0.17857142857142858,0,9.340071380413066e-4,0.17763742143338726
SK,2023,7,0,0,9.340071380413066e-4,-9.340071380413066e-4
SK,2025,29,0,0,9.340071380413066e-4,-9.340071380413066e-4
TH,2007,13,0,0,0.0013979179681942735,-0.0013979179681942735
TH,2014,37,0.02702702702702703,0.02702702702702703,0.0013979179681942735,0.025629109058832755
TH,2017,7,0.2857142857142857,0,0.0013979179681942735,0.2843163677460914
TH,2019,3,0,0,0.0013979179681942735,-0.0013979179681942735
TH,2022,38,0.02631578947368421,0,0.0013979179681942735,0.024917871505489936
TH,2023,39,0.20512820512820512,0,0.0013979179681942735,0.20373028716001085
TH,2024,3,0,0,0.0013979179681942735,-0.0013979179681942735
TH,2025,136,0.14705882352941177,0.022058823529411766,0.0013979179681942735,0.1456609055612175
TR,2009,20,0.4,0.4,0.005127761042624127,0.3948722389573759
TR,2015,51,0.23529411764705882,0,0.005127761042624127,0.23016635660443469
TR,2016,7,0.2857142857142857,0.2857142857142857,0.005127761042624127,0.28058652467166156
TR,2019,49,0.14285714285714285,0.02040816326530612,0.005127761042624127,0.13772938181451871
TR,2020,17,0.11764705882352941,0.058823529411764705,0.005127761042624127,0.11251929778090529
TR,2021,74,0.10810810810810811,0.013513513513513514,0.005127761042624127,0.102980347065484
TR,2022,204,0.22549019607843138,0.22549019607843138,0.005127761042624127,0.22036243503580724
TR,2023,74,0.20270270270270271,0.20270270270270271,0.005127761042624127,0.19757494166007858
TR,2024,75,0.32,0.30666666666666664,0.005127761042624127,0.31487223895737587
TR,2025,114,0.2807017543859649,0.14912280701754385,0.005127761042624127,0.27557399334334076
TW,2007,4,0,0,0.00639578397837557,-0.00639578397837557
TW,2008,4,0,0,0.00639578397837557,-0.00639578397837557
TW,2012,2,0,0,0.00639578397837557,-0.00639578397837557
TW,2013,22,0.045454545454545456,0.045454545454545456,0.00639578397837557,0.039058761476169886
TW,2014,38,0.15789473684210525,0.15789473684210525,0.00639578397837557,0.1514989528637297
TW,2017,37,0.16216216216216217,0.02702702702702703,0.00639578397837557,0.1557663781837866
TW,2018,210,0.2523809523809524,0.22857142857142856,0.00639578397837557,0.2459851684025768
TW,2019,18,0.1111111111111111,0.1111111111111111,0.00639578397837557,0.10471532713273554
TW,2020,59,0.6610169491525424,0.11864406779661017,0.00639578397837557,0.6546211651741668
TW,2021,73,0.2191780821917808,0.0547945205479452,0.00639578397837557,0.21278229821340525
TW,2022,41,0.07317073170731707,0.04878048780487805,0.00639578397837557,0.06677494772894149
TW,2023,130,0.24615384615384617,0.11538461538461539,0.00639578397837557,0.2397580621754706
TW,2024,56,0.17857142857142858,0.125,0.00639578397837557,0.172175644593053
TW,2025,104,0.17307692307692307,0.028846153846153848,0.00639578397837557,0.1666811390985475
UA,2018,1,0,0,8.350394942753404e-4,-8.350394942753404e-4
UA,2019,12,0.16666666666666666,0,8.350394942753404e-4,0.1658316271723913
UA,2020,2,0,0,8.350394942753404e-4,-8.350394942753404e-4
UA,2021,9,0,0,8.350394942753404e-4,-8.350394942753404e-4
UA,2022,37,0.10810810810810811,0.10810810810810811,8.350394942753404e-4,0.10727306861383278
UA,2023,32,0.15625,0.15625,8.350394942753404e-4,0.15541496050572465
UA,2024,2,0,0,8.350394942753404e-4,-8.350394942753404e-4
UA,2025,17,0.4117647058823529,0,8.350394942753404e-4,0.4109296663880776
US,2007,149,0.7315436241610739,0.44966442953020136,0.2902473572546376,0.4412962669064363
US,2008,124,0.6612903225806451,0.3064516129032258,0.2902473572546376,0.37104296532600756
US,2009,139,0.7338129496402878,0.2446043165467626,0.2902473572546376,0.4435655923856502
US,2010,95,0.6421052631578947,0.4,0.2902473572546376,0.35185790590325716
US,2011,155,0.7096774193548387,0.27741935483870966,0.2902473572546376,0.4194300621002012
US,2012,206,0.7135922330097088,0.5242718446601942,0.2902473572546376,0.4233448757550712
US,2013,260,0.6384615384615384,0.5384615384615384,0.2902473572546376,0.34821418120690084
US,2014,267,0.6254681647940075,0.43820224719101125,0.2902473572546376,0.3352208075393699
US,2015,511,0.6516634050880626,0.4911937377690802,0.2902473572546376,0.36141604783342507
US,2016,376,0.6090425531914894,0.3723404255319149,0.2902473572546376,0.3187951959368518
US,2017,560,0.6160714285714286,0.4303571428571429,0.2902473572546376,0.32582407131679103
US,2018,687,0.5895196506550219,0.48326055312954874,0.2902473572546376,0.2992722934003843
US,2019,948,0.6213080168776371,0.4873417721518987,0.2902473572546376,0.3310606596229996
US,2020,654,0.6605504587155964,0.3547400611620795,0.2902473572546376,0.3703031014609588
US,2021,805,0.6236024844720497,0.3590062111801242,0.2902473572546376,0.3333551272174121
US,2022,786,0.4860050890585242,0.21628498727735368,0.2902473572546376,0.19575773180388661
US,2023,1002,0.5369261477045908,0.37924151696606784,0.2902473572546376,0.24667879044995322
US,2024,612,0.5620915032679739,0.21895424836601307,0.2902473572546376,0.2718441460133363
US,2025,907,0.538037486218302,0.3230429988974642,0.2902473572546376,0.24779012896366448
VN,2007,7,0.2857142857142857,0,0.0013546196240466634,0.28435966609023905
VN,2017,3,0.6666666666666666,0,0.0013546196240466634,0.6653120470426199
VN,2019,77,0.5324675324675324,0,0.0013546196240466634,0.5311129128434857
VN,2020,105,0.8952380952380953,0.05714285714285714,0.0013546196240466634,0.8938834756140486
VN,2021,77,0.24675324675324675,0.012987012987012988,0.0013546196240466634,0.24539862712920008
VN,2022,12,0.16666666666666666,0.16666666666666666,0.0013546196240466634,0.16531204704261998
VN,2024,72,0.2361111111111111,0,0.0013546196240466634,0.23475649148706443
VN,2025,34,0.4117647058823529,0,0.0013546196240466634,0.4104100862583063
ZA,2011,2,0.5,0,0.005300954419214568,0.4946990455807854
ZA,2013,14,0,0,0.005300954419214568,-0.005300954419214568
ZA,2018,150,0.25333333333333335,0,0.005300954419214568,0.24803237891411878
ZA,2019,27,0.14814814814814814,0.037037037037037035,0.005300954419214568,0.14284719372893356
ZA,2020,29,0.3448275862068966,0.034482758620689655,0.005300954419214568,0.339526631787682
ZA,2021,5,0,0,0.005300954419214568,-0.005300954419214568
ZA,2022,12,0,0,0.005300954419214568,-0.005300954419214568
ZA,2023,41,0.0975609756097561,0,0.005300954419214568,0.09226002119054154
ZA,2024,12,0.75,0,0.005300954419214568,0.7446990455807855
