author_id,n_citations_total,n_works,n_countries_cited,shannon_entropy,hhi,top_country,top_country_share,self_cite_rate,author_name,author_countries
https://openalex.org/A5054595225,193,3,47,3.3164953310523724,0.053451099358372035,US,0.12435233160621761,0.11724137931034483,Mohd Kamal Othman,MY
https://openalex.org/A5068973323,193,3,47,3.3164953310523724,0.053451099358372035,US,0.12435233160621761,0.11724137931034483,Nurfarahani Norman Anuar,MY
https://openalex.org/A5021496270,233,3,46,3.1529353600653027,0.06286724750870343,GR,0.11587982832618025,0.3401360544217687,Alessandro Adamou,IT
https://openalex.org/A5065358832,206,7,45,3.1337477872232,0.06932792911678763,US,0.1407766990291262,0.15492957746478872,Emad Mohamed,BD;GB
https://openalex.org/A5058352961,391,5,53,3.1314697691150615,0.0773869872646045,IT,0.1815856777493606,0.26181818181818184,Roberto Pierdicca,IT
https://openalex.org/A5023823294,217,3,41,3.0792771968545902,0.06674594916010108,GR,0.12442396313364056,0.27586206896551724,Yumeng Hou,CH
https://openalex.org/A5025020025,198,3,40,3.062821390288495,0.06667686970717274,GR,0.13131313131313133,0.26119402985074625,Davide Picca,CH
https://openalex.org/A5047835586,152,3,42,3.024741315690278,0.08067867036011081,IT,0.16447368421052633,0.32,Laura Corchia,IT
https://openalex.org/A5055882886,152,3,42,3.024741315690278,0.08067867036011081,IT,0.16447368421052633,0.32,Lucio Tommaso De Paolis,IT
https://openalex.org/A5015201403,62,3,27,3.009959438897937,0.06711758584807492,US,0.1774193548387097,0.0975609756097561,Saeedeh Momtazi,IR
https://openalex.org/A5028298939,267,6,40,3.009315850985772,0.07455568180224158,US,0.17228464419475656,0.19072164948453607,Sarah Kenderdine,CH
https://openalex.org/A5072253563,93,4,29,3.0060873688817042,0.06463174933518326,IT,0.13978494623655913,0.1323529411764706,Imanol Muñoz-Pandiella,ES
https://openalex.org/A5005993906,190,7,38,2.994148699161092,0.07722991689750693,US,0.1736842105263158,0.5980392156862745,David Joseph Wrisley,AE
https://openalex.org/A5108768608,170,5,35,2.9503886444733043,0.07515570934256055,US,0.13529411764705881,0.2018348623853211,Raheem Sarwar,GB
https://openalex.org/A5063609310,130,3,30,2.9397916648633093,0.07562130177514793,GB,0.15384615384615385,0.660377358490566,Joseph Nockels,GB
https://openalex.org/A5018711853,129,3,28,2.938101529274742,0.07120966288083648,GB,0.15503875968992248,0.7872340425531915,Achim Rabus,DE
https://openalex.org/A5100413180,424,13,54,2.936904651577573,0.10174884300462798,US,0.21462264150943397,0.2276923076923077,Haitao Liu,CN
https://openalex.org/A5091524866,241,5,40,2.9273675258109595,0.09178560975189821,IT,0.2157676348547718,0.1945945945945946,George Caridakis,GR
https://openalex.org/A5065291002,140,4,28,2.9257710424836954,0.07142857142857142,GB,0.15,0.7843137254901961,Christel Annemieke Romein,AT;CH;NL
https://openalex.org/A5011458000,136,4,30,2.8982670100226815,0.07980103806228374,GB,0.16176470588235295,0.43037974683544306,Moshe Lavee,IL
https://openalex.org/A5023816166,125,4,31,2.8773917740590234,0.08224000000000001,US,0.168,0.2054794520547945,Andrea Bellandi,IT
https://openalex.org/A5076394591,120,3,30,2.877374172841691,0.08652777777777777,CN,0.175,0.26881720430107525,Kanglong Liu,HK
https://openalex.org/A5025494105,94,3,27,2.8464835737050165,0.0819375282933454,FR,0.19148936170212766,0.33962264150943394,Marie Puren,FR
https://openalex.org/A5029360913,170,3,36,2.8276886826700185,0.09778546712802769,GB,0.21764705882352942,0.29838709677419356,Charlie Hargood,GB
https://openalex.org/A5015850691,116,3,32,2.8271200140190427,0.09453032104637336,IT,0.20689655172413793,0.3333333333333333,Ramona Quattrini,IT
https://openalex.org/A5011248342,162,3,32,2.826235821009283,0.08847736625514403,US,0.16666666666666666,0.3211009174311927,Nikolaos Partarakis,FR
https://openalex.org/A5014712120,162,3,32,2.826235821009283,0.08847736625514403,US,0.16666666666666666,0.3211009174311927,Ilia Adami,FR
https://openalex.org/A5089987396,162,3,32,2.826235821009283,0.08847736625514403,US,0.16666666666666666,0.3211009174311927,Xenophon Zabulis,GR
https://openalex.org/A5005815493,162,3,28,2.8237511193884663,0.08588629782045419,ES,0.16049382716049382,0.45652173913043476,Gustavo Candela,ES
https://openalex.org/A5076012918,78,5,26,2.8197974449712007,0.0811965811965812,FR,0.15384615384615385,0.2692307692307692,Thibault Clérice,FR
https://openalex.org/A5064638062,214,5,36,2.8130956376393947,0.11284828369289893,US,0.2850467289719626,0.4166666666666667,Holly Rushmeier,US
https://openalex.org/A5051059391,95,3,27,2.808811126080251,0.09961218836565097,DE,0.25263157894736843,0.6944444444444444,Nanette Rißler-Pipka,DE
https://openalex.org/A5006766510,287,9,38,2.807241406890043,0.10517306268134856,US,0.24390243902439024,0.18009478672985782,Maayan Zhitomirsky‐Geffet,IL
https://openalex.org/A5068789709,228,9,32,2.804592450751491,0.09225915666358879,US,0.21052631578947367,0.27450980392156865,Mike Kestemont,BE
https://openalex.org/A5065862748,79,4,24,2.802747900279354,0.07835282807242429,CN,0.1518987341772152,0.20634920634920634,Tong Wei,CN
https://openalex.org/A5100611610,80,3,29,2.7854888817899104,0.0984375,CN,0.1875,0.12857142857142856,Wanwan Zheng,JP
https://openalex.org/A5033582512,603,24,51,2.7839890778262952,0.12555519802865167,US,0.24378109452736318,0.44522144522144524,Melissa Terras,GB
https://openalex.org/A5026268052,77,4,27,2.7826653325521087,0.09360769101028842,IT,0.2077922077922078,0.38095238095238093,Angelo Mario Del Grosso,IT
https://openalex.org/A5049722294,147,3,29,2.7676789175485683,0.09620991253644316,US,0.2108843537414966,0.17142857142857143,George Papagiannakis,GR
https://openalex.org/A5037026769,264,3,37,2.7651022244638925,0.11085284664830121,US,0.23863636363636365,0.30726256983240224,Xia Zheng,CN
https://openalex.org/A5052506636,190,7,29,2.757010231749973,0.09235457063711912,US,0.1736842105263158,0.4260869565217391,Daniele Metilli,IT
https://openalex.org/A5034136057,140,6,32,2.7528828138840913,0.1113265306122449,US,0.2642857142857143,0.18095238095238095,Seyed Mostafa Fakhrahmad,IR
https://openalex.org/A5051192482,174,5,33,2.7488210833030107,0.11362135024441802,US,0.27586206896551724,0.08088235294117647,Steven Verstockt,BE
https://openalex.org/A5083411784,169,6,27,2.744341700132739,0.0928889044501243,US,0.20710059171597633,0.125,Walter Daelemans,BE
https://openalex.org/A5039604862,82,3,24,2.743470274585325,0.09577632361689471,GB,0.2073170731707317,0.38181818181818183,Daniil Skorinkin,RU
https://openalex.org/A5008213712,153,3,31,2.7373277815179198,0.1102567388611218,US,0.24836601307189543,0.13559322033898305,Katerina El Raheb,GR
https://openalex.org/A5084844685,153,3,31,2.7373277815179198,0.1102567388611218,US,0.24836601307189543,0.13559322033898305,Marina Stergiou,GR
https://openalex.org/A5079118565,127,7,28,2.730324067558988,0.09219418438836877,US,0.1889763779527559,0.4155844155844156,Joris van Zundert,NL
https://openalex.org/A5042333468,85,3,24,2.7283825419659538,0.09204152249134949,US,0.17647058823529413,0.09230769230769231,Ioanna Lykourentzou,NL
https://openalex.org/A5029182918,68,3,20,2.726575867295731,0.078719723183391,GB,0.1323529411764706,0.24444444444444444,Amelie Dorn,AT
https://openalex.org/A5064778594,180,3,26,2.7262041956323864,0.09450617283950617,US,0.2222222222222222,0.171875,Yiorgos Chrysanthou,CY
https://openalex.org/A5037571749,160,5,31,2.723652674405641,0.109140625,US,0.2375,0.336283185840708,Stefan Jänicke,DE
https://openalex.org/A5029199212,121,6,29,2.7184904702885295,0.1139949457004303,DE,0.256198347107438,0.5689655172413793,José Calvo Tello,DE
https://openalex.org/A5046812287,58,3,24,2.718455349045408,0.09750297265160524,CN,0.1896551724137931,0.1346153846153846,Mingzhe Jin,JP
https://openalex.org/A5046117814,85,3,27,2.715717880121745,0.10948096885813151,FR,0.25882352941176473,0.43859649122807015,Carmen Brando,FR
https://openalex.org/A5069545386,160,7,28,2.7120991808706987,0.09609375,GB,0.15625,0.44554455445544555,Carlo Meghini,IT
https://openalex.org/A5004559117,232,8,29,2.71139897238423,0.0978745541022592,US,0.17672413793103448,0.36879432624113473,Valentina Bartalesi,IT
https://openalex.org/A5021351968,157,6,33,2.707944221341213,0.11590733904012333,GB,0.2611464968152866,0.2523364485981308,Tobias Blanke,GB
https://openalex.org/A5025599310,121,4,26,2.7054483360366017,0.09432415818591626,US,0.19008264462809918,0.3448275862068966,Simone Rebora,IT
https://openalex.org/A5021451115,44,3,20,2.701070169785515,0.09194214876033058,GB,0.18181818181818182,0.1111111111111111,Erik Champion,AU
https://openalex.org/A5083923050,117,4,24,2.6996679596742545,0.09445540214770984,IT,0.17094017094017094,0.31746031746031744,Nicolò Pratelli,IT
https://openalex.org/A5066740670,443,8,37,2.693028125413461,0.12538662617389132,US,0.30248306997742663,0.3343465045592705,Ruggero Pintus,US
https://openalex.org/A5000158514,94,9,24,2.69086905963294,0.10638297872340424,RS,0.2553191489361702,0.5740740740740741,Ranka Stanković,IT;RS
https://openalex.org/A5074951699,90,4,23,2.689534919243908,0.09358024691358025,IT,0.18888888888888888,0.12345679012345678,George Lepouras,GR
https://openalex.org/A5081287697,314,6,35,2.686270694891789,0.10481155422126658,US,0.17834394904458598,0.4639175257731959,Marilena Daquino,IT
https://openalex.org/A5033602352,214,3,31,2.6846894749406323,0.10533671062974931,US,0.19626168224299065,0.4189189189189189,Antonio Lieto,IT
https://openalex.org/A5007084743,176,3,30,2.6819732761802446,0.11079545454545456,IT,0.23863636363636365,0.3418803418803419,Bruno Sartini,IT
https://openalex.org/A5086267657,94,3,23,2.6819544692150457,0.09687641466727026,GB,0.18085106382978725,0.058823529411764705,Tuomo Hiippala,FI
https://openalex.org/A5110283930,76,3,26,2.674554471839036,0.11945983379501385,US,0.2894736842105263,0.1111111111111111,Mohammad Hadi Sadreddini,IR
https://openalex.org/A5004193068,294,6,36,2.6727215909026043,0.1183534638345134,US,0.21768707482993196,0.24890829694323144,Akrivi Katifori,GR
https://openalex.org/A5084870386,294,6,36,2.6727215909026043,0.1183534638345134,US,0.21768707482993196,0.24890829694323144,Yannis Ioannidis,GR
https://openalex.org/A5055598777,265,7,37,2.671260688819292,0.12532573869704522,US,0.27547169811320754,0.19387755102040816,Heshaam Faili,IR
https://openalex.org/A5059869608,48,3,20,2.6706783554849793,0.09461805555555557,US,0.20833333333333334,0.18421052631578946,Mats Dahllöf,SE
https://openalex.org/A5079764764,90,3,23,2.670046822686444,0.10148148148148149,US,0.2,0.3090909090909091,Myrsini Samaroudi,GB
https://openalex.org/A5022034150,163,3,30,2.6692062786877324,0.10911212315104069,US,0.22085889570552147,0.22764227642276422,Eugene Ch’ng,CN
https://openalex.org/A5016085121,44,4,20,2.6687167720440597,0.1012396694214876,US,0.25,0.3939393939393939,Alíz Horváth,AT
https://openalex.org/A5031461768,171,4,31,2.6685353733183352,0.11090591977018568,US,0.22807017543859648,0.3103448275862069,Silvio Peroni,IT
https://openalex.org/A5054033830,152,7,31,2.6665547282365707,0.12534626038781163,US,0.24342105263157895,0.21621621621621623,Julianne Nyhan,GB
https://openalex.org/A5030902070,144,3,29,2.665057212094436,0.11930941358024692,GB,0.2361111111111111,0.3786407766990291,Inna Kizhner,RU
https://openalex.org/A5009229122,520,10,38,2.6645810499694043,0.12499999999999999,US,0.2865384615384615,0.34908136482939633,Enrico Gobbetti,IT
https://openalex.org/A5054581185,257,4,33,2.663211856192719,0.10972157034928613,US,0.2140077821011673,0.3791208791208791,Rossana Damiano,IT
https://openalex.org/A5030028705,88,3,22,2.6629855544765606,0.09814049586776859,US,0.22727272727272727,0.26785714285714285,Laura Hernández‐Lorenzo,ES
https://openalex.org/A5021571150,146,3,27,2.6603701145442695,0.11568774629386376,US,0.2602739726027397,0.12121212121212122,Lars Wieneke,LU
https://openalex.org/A5005227218,166,4,31,2.6587967260769245,0.11329655973290753,US,0.22289156626506024,0.1557377049180328,Giovanni Colavizza,CH;GB;NL
https://openalex.org/A5030130884,123,3,24,2.6581121105819245,0.10331152092008725,DE,0.22764227642276422,0.4647887323943662,Matteo Valleriani,DE
https://openalex.org/A5014143084,182,3,26,2.6523298618116535,0.10113512860765608,GB,0.19230769230769232,0.48672566371681414,Enrico Daga,GB
https://openalex.org/A5071623753,167,5,29,2.6504773405752315,0.1091828319409086,US,0.2215568862275449,0.2857142857142857,J. Berenike Herrmann,CH
https://openalex.org/A5019559449,221,8,29,2.645880935523524,0.10067361438135992,IT,0.19004524886877827,0.4,Francesca Tomasi,IT
https://openalex.org/A5045392938,130,11,26,2.6434964932233758,0.10508875739644973,FR,0.2,0.4246575342465753,Laurent Romary,FR
https://openalex.org/A5018399500,56,3,21,2.6424887248667464,0.10905612244897958,US,0.26785714285714285,0.08888888888888889,Rachid Benslimane,MA
https://openalex.org/A5012871437,76,3,23,2.640818572067688,0.1038781163434903,ES,0.19736842105263158,0.38,Salvador Ros,ES
https://openalex.org/A5034071724,39,3,17,2.634217698056855,0.0861275476660092,US,0.1794871794871795,0.2,Ben Nagy,AU
https://openalex.org/A5073776277,139,4,25,2.6310296542381364,0.10677501164535998,US,0.2158273381294964,0.26666666666666666,Karina Rodríguez Echavarria,GB
https://openalex.org/A5101696469,88,3,23,2.6258421411233344,0.10666322314049587,GB,0.22727272727272727,0.01282051282051282,Changsoo Lee,KR
https://openalex.org/A5083489156,68,6,20,2.621779760364247,0.09342560553633218,ES,0.14705882352941177,0.3191489361702128,Helena Bermúdez Sabel,CH
https://openalex.org/A5055956397,67,3,24,2.6194300048477754,0.1298730229449766,DE,0.31343283582089554,0.6774193548387096,Stefan E. Funk,DK
https://openalex.org/A5035039786,39,3,19,2.616840924282466,0.10190664036817883,US,0.23076923076923078,0,Georg Vogeler,DE
https://openalex.org/A5044758497,89,3,26,2.6150662265869866,0.12485797247822245,US,0.29213483146067415,0.14705882352941177,Giovanni Moretti,IT
https://openalex.org/A5100733931,55,5,22,2.614693459112319,0.10942148760330578,GB,0.21818181818181817,0.20930232558139536,Defeng Li,MO
https://openalex.org/A5067301751,158,6,33,2.6109814142710146,0.12890562409870213,US,0.27848101265822783,0.211864406779661,Sara Tonelli,IT
https://openalex.org/A5007907503,178,5,29,2.608604666936726,0.12302739553086732,GB,0.25280898876404495,0.5238095238095238,Patricia Murrieta‐Flores,GB
https://openalex.org/A5078767816,66,3,21,2.6056452687336824,0.10101010101010102,US,0.21212121212121213,0.1276595744680851,Jean-Baptiste Camps,FR
https://openalex.org/A5064723143,240,5,33,2.602302841603093,0.13065972222222222,US,0.2708333333333333,0.33146067415730335,Fabio Marton,IT
https://openalex.org/A5049190332,85,4,23,2.595743697478388,0.11003460207612456,ES,0.21176470588235294,0.4,Elena González‐Blanco,ES
https://openalex.org/A5075022301,38,3,17,2.589037914106573,0.09141274238227146,FR,0.15789473684210525,0.6,NA,NA
https://openalex.org/A5047107122,157,9,24,2.5866130186380265,0.12191163941742059,US,0.2802547770700637,0.2231404958677686,Jan Rybicki,PL
https://openalex.org/A5090258074,91,5,23,2.5849938545054347,0.10904480135249367,FR,0.23076923076923078,0.39285714285714285,Ariane Pinche,FR
https://openalex.org/A5065705742,295,5,32,2.5831618383781922,0.11646078713013502,IT,0.2,0.4207920792079208,Aldo Gangemi,IT
https://openalex.org/A5004791611,234,5,31,2.5810927372542047,0.13025056614800207,US,0.2606837606837607,0.3684210526315789,Fabio Bettio,IT
https://openalex.org/A5089520663,210,5,30,2.5719094934100406,0.1163718820861678,US,0.18571428571428572,0.2727272727272727,Angeliki Antoniou,GR
https://openalex.org/A5029129300,92,3,26,2.5715600667954623,0.12689035916824198,GB,0.2391304347826087,0.3225806451612903,Fabio Vitali,IT
https://openalex.org/A5027019518,143,6,26,2.5631949105679235,0.12347792068071789,US,0.23076923076923078,0.32323232323232326,Jani Marjanen,FI
https://openalex.org/A5054455924,71,5,21,2.5543185815034684,0.110493949613172,GB,0.2112676056338028,0.5,Toby Burrows,AU
https://openalex.org/A5008517596,255,4,29,2.5530554642755208,0.11990772779700115,US,0.20784313725490197,0.4180790960451977,Luigi Asprino,IT
https://openalex.org/A5052449132,45,3,18,2.5503174703963447,0.1091358024691358,US,0.24444444444444444,0.17647058823529413,Christian Wolff,DE
https://openalex.org/A5070772234,111,3,23,2.533061892841846,0.12393474555636719,US,0.2702702702702703,0.2876712328767123,Dieter W. Fellner,AT;DE
https://openalex.org/A5003639622,49,3,18,2.5312599530842887,0.11120366513952519,US,0.24489795918367346,0.15151515151515152,Sorin Hermon,CY
https://openalex.org/A5046911214,51,3,19,2.5311430308064935,0.10803537101114957,FI,0.17647058823529413,0.2972972972972973,Ruben Ros,LU
https://openalex.org/A5027028450,162,3,27,2.523657099831984,0.14098460600518214,US,0.3148148148148148,0.15315315315315314,Alkım Almila Akdağ Salah,NL;TR
https://openalex.org/A5063975186,114,3,21,2.514312788163449,0.12096029547553093,US,0.2719298245614035,0.13253012048192772,Fabrizio Sebastiani,IT
https://openalex.org/A5048899939,58,4,17,2.512934633909357,0.10642092746730084,GB,0.22413793103448276,0.34146341463414637,Mark Hedges,GB
https://openalex.org/A5003986704,125,4,21,2.5079327166317387,0.115776,US,0.232,0.2268041237113402,P. Boot,NL
https://openalex.org/A5011622556,73,3,21,2.5073838391857026,0.14017639331957213,US,0.3287671232876712,0.03773584905660377,George Mikros,QA
https://openalex.org/A5109881851,164,4,22,2.50513940660338,0.11592801903628792,DE,0.23780487804878048,0.3445378151260504,Meinard Müller,DE
https://openalex.org/A5012248611,96,4,27,2.504018082847307,0.16427951388888887,US,0.3645833333333333,0.10810810810810811,Saeed Farzi,IR
https://openalex.org/A5002896120,191,8,25,2.5039139647216806,0.12135084016337272,GR,0.2198952879581152,0.4,Martin Doerr,GR
https://openalex.org/A5049231784,92,4,18,2.499401557729387,0.11129489603024575,US,0.2391304347826087,0.4074074074074074,Joanna Byszuk,PL
https://openalex.org/A5025327745,24,4,14,2.4961806749775355,0.09722222222222222,US,0.20833333333333334,0,Maksym Vakulenko,UA
https://openalex.org/A5069890970,124,3,25,2.4959950090817267,0.1352757544224766,US,0.29838709677419356,0.17582417582417584,Jianwei Yan,CN
https://openalex.org/A5016878682,256,6,32,2.4939195086396118,0.166961669921875,US,0.359375,0.45108695652173914,Tim Weyrich,GB
https://openalex.org/A5037450666,42,3,17,2.4902719027435145,0.1111111111111111,US,0.23809523809523808,0.25,Wouter Haverals,BE
https://openalex.org/A5025300307,41,3,15,2.48499346557156,0.09815585960737656,FI,0.17073170731707318,0.25,Emily Öhman,JP
https://openalex.org/A5013666222,119,7,23,2.4814752912914795,0.1243556246027823,FI,0.23529411764705882,0.38823529411764707,Heikki Rantala,FI
https://openalex.org/A5048937508,273,4,29,2.4688324751646222,0.1418374055736693,US,0.29304029304029305,0.21844660194174756,Chaya Liebeskind,IL
https://openalex.org/A5003413978,93,3,21,2.4612987042938808,0.13631633714880334,US,0.2903225806451613,0.39473684210526316,Thomas C. Messerli,CH
https://openalex.org/A5006297499,104,4,24,2.4595954734093652,0.13683431952662722,US,0.27884615384615385,0.24050632911392406,Simon Hengchen,FI
https://openalex.org/A5057739549,65,3,18,2.458149245515485,0.11763313609467457,US,0.2153846153846154,0.19607843137254902,Elisabet Comelles,ES
https://openalex.org/A5019001786,63,3,19,2.4555285961200473,0.11463844797178128,US,0.1746031746031746,0.2222222222222222,Jane Hunter,AU
https://openalex.org/A5049844809,48,3,16,2.4554608908739044,0.11458333333333333,US,0.25,0.22857142857142856,Martin Hilpert,CH
https://openalex.org/A5091320920,56,3,20,2.4497107972335646,0.14285714285714288,US,0.32142857142857145,0.0625,Vladimír Matlach,CZ
https://openalex.org/A5027177449,99,3,20,2.4467069286847742,0.13212937455361698,US,0.2828282828282828,0.2191780821917808,Marco Callieri,IT
https://openalex.org/A5002650357,78,3,18,2.4408078333028946,0.12294543063773833,GR,0.2692307692307692,0.38181818181818183,Athina Kritsotaki,GR
https://openalex.org/A5000312455,64,4,23,2.4345081319815005,0.17724609375,CN,0.390625,0.5,Pengpeng Cheng,CN
https://openalex.org/A5019080098,64,4,23,2.4345081319815005,0.17724609375,CN,0.390625,0.5,Daoling Chen,CN
https://openalex.org/A5038641951,168,5,26,2.42554421359398,0.1464002267573696,US,0.2976190476190476,0.288,Matteo Dellepiane,IT
https://openalex.org/A5000118472,17,3,12,2.425479708432719,0.09342560553633218,GB,0.11764705882352941,0.2727272727272727,Eid Mohamed,QA
https://openalex.org/A5049441601,179,5,29,2.425268971056166,0.16781623544833185,US,0.36312849162011174,0.25925925925925924,Paolo Cignoni,IT
https://openalex.org/A5012965551,155,4,20,2.407611184111525,0.13848074921956294,US,0.3032258064516129,0.17592592592592593,Daniel Gática-Pérez,CH
https://openalex.org/A5053358969,155,4,20,2.407611184111525,0.13848074921956294,US,0.3032258064516129,0.17592592592592593,Jean‐Marc Odobez,CH
https://openalex.org/A5079227238,63,5,15,2.402677316714865,0.10859158478206096,GB,0.1746031746031746,0.08163265306122448,Tara Lee Andrews,AT
https://openalex.org/A5013546425,251,8,30,2.4023714653704444,0.16109268106855446,US,0.33067729083665337,0.3473684210526316,Roberto Scopigno,IT
https://openalex.org/A5083285009,35,3,16,2.3999965487362878,0.13142857142857142,CN,0.2857142857142857,0.45454545454545453,Jiangfeng Liu,CN
https://openalex.org/A5086685353,215,18,29,2.391289651785582,0.15413737155219037,FI,0.31627906976744186,0.48717948717948717,Eero Hyvönen,FI
https://openalex.org/A5034892295,73,5,19,2.3873599045672056,0.13191968474385438,US,0.2191780821917808,0.21666666666666667,Patricia Martín-Rodilla,ES
https://openalex.org/A5003859694,22,3,13,2.3864102028340204,0.11157024793388429,US,0.22727272727272727,0.5,Nina Tahmasebi,SE
https://openalex.org/A5027223586,141,3,25,2.3778314983270707,0.14219606659624767,GB,0.2198581560283688,0.36936936936936937,Maria Vayanou,GR
https://openalex.org/A5100404067,139,3,26,2.374645063193872,0.16898711246829873,US,0.35251798561151076,0.17142857142857143,Qingquan Li,CN
https://openalex.org/A5070093927,157,3,28,2.3742380497003084,0.16491541238995497,US,0.29936305732484075,0.358974358974359,Qin Zou,CN
https://openalex.org/A5015103527,67,3,20,2.3721407002218076,0.16016930274003116,US,0.34328358208955223,0.034482758620689655,Giacomo Alliata,CH
https://openalex.org/A5055015531,79,3,19,2.371351301571701,0.14148373658067614,GR,0.27848101265822783,0.39285714285714285,Yannis Tzitzikas,GR
https://openalex.org/A5057560641,70,3,21,2.3691077766777147,0.1514285714285714,US,0.2857142857142857,0.65,Shih-Pei Chen,DE
https://openalex.org/A5089146605,82,3,22,2.3686538788926237,0.16151100535395602,US,0.34146341463414637,0.23728813559322035,Christof Schöch,DE
https://openalex.org/A5027377131,88,5,18,2.36812853105431,0.14617768595041322,US,0.3181818181818182,0.36065573770491804,Greta Franzini,DE
https://openalex.org/A5042269065,115,5,27,2.3620344353019997,0.19349716446124765,US,0.391304347826087,0.26262626262626265,Simon Mahony,GB
https://openalex.org/A5000083284,83,4,17,2.358895864426133,0.1241109014370736,US,0.21686746987951808,0.23529411764705882,Thierry Poibeau,FR
https://openalex.org/A5069887938,90,3,22,2.3561398727455636,0.16666666666666669,GB,0.32222222222222224,0.42857142857142855,David Kirk,GB
https://openalex.org/A5071610277,180,4,23,2.356092968088395,0.15419753086419755,US,0.3,0.2517482517482518,Jonathan Schler,IL
https://openalex.org/A5000811543,85,5,18,2.350039423671921,0.14740484429065745,US,0.3058823529411765,0.18181818181818182,Pablo Ruiz Fabo,FR
https://openalex.org/A5006779213,54,5,18,2.3466316580271127,0.1680384087791495,US,0.37037037037037035,0.5555555555555556,Ted Underwood,US
https://openalex.org/A5014360834,56,4,16,2.339285404900494,0.13073979591836735,FI,0.23214285714285715,0.30952380952380953,Kimmo Kettunen,FI
https://openalex.org/A5027315622,84,3,17,2.3366701976991693,0.147108843537415,US,0.32142857142857145,0.208955223880597,Xavier Granier,FR
https://openalex.org/A5075698724,67,4,18,2.3362942216192892,0.1427934952105146,NL,0.26865671641791045,0.4186046511627907,Martijn Wieling,NL
https://openalex.org/A5021291777,95,8,22,2.3253090785696893,0.15833795013850413,FI,0.3157894736842105,0.5373134328358209,Jouni Tuominen,FI
https://openalex.org/A5081359539,96,3,25,2.322442587013806,0.19856770833333334,US,0.40625,0.26582278481012656,Adam Gibson,GB
https://openalex.org/A5000357955,130,4,22,2.310173399606029,0.17171597633136093,US,0.34615384615384615,0.40816326530612246,Massimiliano Corsini,IT
https://openalex.org/A5010108427,75,3,14,2.305837900908591,0.14204444444444445,US,0.30666666666666664,0.38,Melina Jander,DE
https://openalex.org/A5037074903,75,3,14,2.305837900908591,0.14204444444444445,US,0.30666666666666664,0.38,Gabriela Rotari,DE
https://openalex.org/A5022095958,382,12,27,2.301591879809349,0.18209478906828214,US,0.3769633507853403,0.18691588785046728,Jacques Savoy,CH
https://openalex.org/A5065474822,36,4,16,2.2961789650993447,0.16666666666666666,US,0.3611111111111111,0.40625,Richard Furuta,US
https://openalex.org/A5018362446,127,6,24,2.291031577792983,0.21681443362886726,US,0.4409448818897638,0.20689655172413793,Kristoffer Laigaard Nielbo,DK
https://openalex.org/A5061887705,82,6,17,2.290029895223544,0.14693634741225464,US,0.2804878048780488,0.45161290322580644,Karina van Dalen-Oskam,NL
https://openalex.org/A5010723046,63,6,14,2.289439305248478,0.12320483749055176,US,0.20634920634920634,0.4772727272727273,Mikko Koho,FI
https://openalex.org/A5064977687,106,3,24,2.2885630700255244,0.18387326450694197,US,0.36792452830188677,0.26666666666666666,Federico Nanni,DE;IT
https://openalex.org/A5001336086,47,3,16,2.285320407678637,0.14712539610683567,GB,0.2765957446808511,0.25806451612903225,Hugh Craig,AU
https://openalex.org/A5053696616,66,3,19,2.2834855230231788,0.1937557392102847,US,0.4090909090909091,0.06666666666666667,Matthias Arnold,DE
https://openalex.org/A5040950818,71,7,18,2.2783563626685464,0.15969053759174767,US,0.323943661971831,0.41818181818181815,James O’Sullivan,IE
https://openalex.org/A5029303588,27,3,12,2.274742820856893,0.12208504801097393,US,0.2222222222222222,0.22727272727272727,Paul Eggert,US
https://openalex.org/A5080296686,134,8,23,2.2743409556525007,0.15760748496324348,US,0.2462686567164179,0.3786407766990291,Mikko Tolonen,FI
https://openalex.org/A5074002980,102,3,19,2.2699445866591876,0.17589388696655134,US,0.37254901960784315,0.1794871794871795,Patrick Reuter,FR
https://openalex.org/A5042206068,93,3,25,2.269089269040573,0.22580645161290322,US,0.45161290322580644,0.5675675675675675,Lior Shamir,US
https://openalex.org/A5074213110,39,4,13,2.263566076928511,0.1282051282051282,US,0.20512820512820512,0.29411764705882354,César González-Pérez,ES
https://openalex.org/A5009579756,104,4,19,2.2577782499756447,0.17474112426035504,US,0.3557692307692308,0.35802469135802467,Thorsten Ries,BE
https://openalex.org/A5010343514,64,5,15,2.254089688919433,0.1494140625,GB,0.25,0.06666666666666667,Gila Prebor,IL
https://openalex.org/A5006827595,78,3,17,2.2518552255066147,0.16633793556870477,GR,0.34615384615384615,0.4909090909090909,Pavlos Fafalios,GR
https://openalex.org/A5021702418,51,3,13,2.2510829891352064,0.12802768166089967,US,0.23529411764705882,0.5,Lynn Ransom,US
https://openalex.org/A5055529425,26,3,13,2.2450352741261774,0.14792899408284024,US,0.3076923076923077,0.4375,Wenyi Shang,US
https://openalex.org/A5007287346,93,6,18,2.2369895735838194,0.17007746560295992,US,0.34408602150537637,0.26666666666666666,Randa El Khatib,GB
https://openalex.org/A5032082399,81,3,17,2.235959383451265,0.16963877457704615,IL,0.345679012345679,0.5333333333333333,Shuly Wintner,IL
https://openalex.org/A5052407843,62,4,14,2.225593512459235,0.1550468262226847,US,0.3225806451612903,0.1875,Maciej Eder,PL
https://openalex.org/A5060774978,43,3,16,2.2240536119620335,0.1746890210924824,US,0.3488372093023256,0.13793103448275862,Jennifer Edmond,IE
https://openalex.org/A5074720526,52,3,17,2.2187588721715112,0.17233727810650887,US,0.34615384615384615,0.1794871794871795,Manuel Burghardt,DE
https://openalex.org/A5085060462,24,3,13,2.2174348734030462,0.1527777777777778,GB,0.2916666666666667,0.5333333333333333,Leif Isaksen,GB
https://openalex.org/A5019225012,181,3,31,2.2056559837186676,0.24874088092549068,CN,0.4696132596685083,0.5704697986577181,Kai Cui,CN
https://openalex.org/A5101788189,40,3,15,2.2028204056022815,0.165,CN,0.325,0.4642857142857143,Dongbo Wang,CN
https://openalex.org/A5101855592,67,3,17,2.2026622672665237,0.19536645132546224,US,0.40298507462686567,0.12280701754385964,Juan Luis Suárez,CA
https://openalex.org/A5002064856,37,3,13,2.201481926566869,0.14682249817384954,US,0.2702702702702703,0.35714285714285715,Sophia Yat Mei Lee,HK
https://openalex.org/A5024924150,37,3,13,2.201481926566869,0.14682249817384954,US,0.2702702702702703,0.35714285714285715,Chu‐Ren Huang,HK
https://openalex.org/A5075943427,84,3,24,2.1942312807953623,0.25538548752834467,US,0.4880952380952381,0.7068965517241379,Katherine Elkins,US
https://openalex.org/A5030771512,53,3,16,2.1941967064655183,0.17052331790672837,US,0.32075471698113206,0.5142857142857142,Richard Tzong‐Han Tsai,TW
https://openalex.org/A5006358945,89,3,20,2.1905679579389465,0.19429364979169297,US,0.34831460674157305,0.4307692307692308,Miriam Butt,DE
https://openalex.org/A5053739039,39,6,13,2.1902888131686535,0.1545036160420776,RS,0.3076923076923077,0.6153846153846154,Cvetana Krstev,RS
https://openalex.org/A5031562992,27,3,12,2.187795928847474,0.14677640603566527,US,0.25925925925925924,0.2608695652173913,Antal van den Bosch,IN;NL
https://openalex.org/A5079619886,139,3,20,2.187221037181161,0.191242689301796,US,0.381294964028777,0.6373626373626373,Thomas Funkhouser,US
https://openalex.org/A5045584156,40,3,14,2.1714480335182986,0.1725,US,0.35,0.17142857142857143,Takafumi Suzuki,JP
https://openalex.org/A5091887839,71,4,21,2.161566322970389,0.24062685975004958,US,0.4647887323943662,0.07692307692307693,Frédé́ric Kaplan,CH
https://openalex.org/A5058807988,263,12,27,2.1482372989802294,0.209038731223525,US,0.3193916349809886,0.4780701754385965,Claire Warwick,GB
https://openalex.org/A5007586603,27,3,12,2.1458803417391863,0.16323731138545952,DE,0.3333333333333333,0.5,Paul Molitor,DE
https://openalex.org/A5031643099,27,3,12,2.1458803417391863,0.16323731138545952,DE,0.3333333333333333,0.5,J. Ritter,DE
https://openalex.org/A5039993352,55,3,14,2.1282444543182324,0.17355371900826444,US,0.3090909090909091,0.34210526315789475,Nachum Dershowitz,IL
https://openalex.org/A5012058127,56,4,15,2.120788782204571,0.1836734693877551,GR,0.32142857142857145,0.3333333333333333,Kyriakos Sgarbas,GR
https://openalex.org/A5058881904,51,3,14,2.120315414550547,0.16647443291041908,US,0.29411764705882354,0.16216216216216217,Mirko Tavoni,IT
https://openalex.org/A5091818245,39,3,13,2.113412962022531,0.16239316239316237,US,0.2564102564102564,0.25,Melvin Wevers,NL
https://openalex.org/A5088769942,18,3,10,2.106170916206464,0.14814814814814814,US,0.2777777777777778,0.375,Peter Fornaro,CH
https://openalex.org/A5042788880,117,10,21,2.1014015553081795,0.23091533347943605,US,0.4444444444444444,0.5591397849462365,Patrick Juola,US
https://openalex.org/A5052638982,57,3,15,2.0943093222932267,0.185595567867036,US,0.3508771929824561,0.2,Rabea Kleymann,DE
https://openalex.org/A5033951837,34,3,12,2.088501619335465,0.17647058823529413,US,0.35294117647058826,0,Steven Coats,FI
https://openalex.org/A5015006173,26,4,11,2.0873137131368806,0.15976331360946747,CA,0.2692307692307692,0.38095238095238093,Susan Brown,CA
https://openalex.org/A5083792330,36,4,11,2.086043047337813,0.15123456790123457,GB,0.2222222222222222,0.3793103448275862,Øyvind Eide,DE
https://openalex.org/A5065920740,91,13,17,2.078755776548666,0.20130419031517935,NL,0.38461538461538464,0.4473684210526316,John Nerbonne,DE;NL
https://openalex.org/A5048483716,66,5,13,2.074851959305607,0.16161616161616163,US,0.25757575757575757,0.22807017543859648,Dirk Speelman,BE
https://openalex.org/A5077549322,85,7,22,2.0708225230183963,0.27501730103806227,US,0.5058823529411764,0.36764705882352944,Geoffrey Rockwell,CA
https://openalex.org/A5065304247,35,4,12,2.0644040716166137,0.17877551020408164,US,0.34285714285714286,0.21875,Nirmala Menon,IN
https://openalex.org/A5013934685,49,3,16,2.0637943986481457,0.23198667221990837,US,0.4489795918367347,0.55,Shlomo Argamon,US
https://openalex.org/A5066381309,60,3,16,2.0596389748694737,0.22388888888888892,US,0.43333333333333335,0.2857142857142857,Katrine Frøkjær Baunvig,DK
https://openalex.org/A5100383939,73,5,15,2.049017408423045,0.19497091386751736,US,0.3698630136986301,0.16393442622950818,John Lee,HK
https://openalex.org/A5055158857,25,3,10,2.0470505587205423,0.1648,US,0.32,0.3181818181818182,Susanna Allés Torrent,US
https://openalex.org/A5091515246,50,3,13,2.0435176791956504,0.18,NL,0.3,0.3953488372093023,Rik Hoekstra,NL
https://openalex.org/A5052468484,37,3,13,2.0194060254896256,0.20233747260774287,US,0.3783783783783784,0.20588235294117646,Tayebeh Mosavi Miangah,IR
https://openalex.org/A5009492089,91,12,10,2.0103228826202812,0.15855572998430142,US,0.27472527472527475,0.16216216216216217,Hartmut Ilsemann,DE
https://openalex.org/A5073358375,26,3,10,2.008545042253483,0.16568047337278108,US,0.2692307692307692,0.6428571428571429,Yair Neuman,IL
https://openalex.org/A5036940398,48,4,14,2.007894045761331,0.20572916666666666,FI,0.375,0.5454545454545454,Petri Leskinen,FI
https://openalex.org/A5010298238,82,5,17,2.0056877475473978,0.23170731707317072,US,0.4268292682926829,0.6909090909090909,Glenn Roe,AU;FR
https://openalex.org/A5078258583,48,3,14,1.9926270765765222,0.21961805555555558,US,0.4166666666666667,0.24324324324324326,Anna Foka,SE
https://openalex.org/A5007152557,24,4,9,1.9892700410931459,0.16319444444444445,US,0.2916666666666667,0.15,Desmond Schmidt,AU
https://openalex.org/A5089038869,18,3,8,1.9850531879046152,0.14814814814814814,US,0.2222222222222222,0.1875,Gimena del Río Riande,AR
https://openalex.org/A5106235159,74,3,14,1.9842263507756075,0.19905040175310446,IT,0.3108108108108108,0.43333333333333335,Marco Callieri,IT
https://openalex.org/A5072892826,31,5,12,1.9837309244940606,0.2174817898022893,RS,0.41935483870967744,0.6666666666666666,Mihailo Škorić,RS
https://openalex.org/A5067054454,59,3,14,1.9776228296371603,0.19735708129847743,US,0.3220338983050847,0.28,Marijn Koolen,NL
https://openalex.org/A5033553615,28,3,13,1.9741161932421967,0.24489795918367346,US,0.4642857142857143,0.5833333333333334,Laura Estill,CA
https://openalex.org/A5082727309,27,3,12,1.9695282762238673,0.21810699588477364,US,0.4074074074074074,0.25,Paul Gooding,GB
https://openalex.org/A5084258695,146,7,19,1.9400767870845297,0.2604616250703697,US,0.4726027397260274,0.373015873015873,Ray Siemens,GB
https://openalex.org/A5002272253,44,4,12,1.9389580514328637,0.2086776859504132,GR,0.3409090909090909,0.3488372093023256,Panagiotis Gakis,GR
https://openalex.org/A5110214161,44,4,12,1.9389580514328637,0.2086776859504132,GR,0.3409090909090909,0.3488372093023256,NA,NA
https://openalex.org/A5066176620,38,3,10,1.9339017035139392,0.1786703601108033,US,0.2631578947368421,0.28125,Dirk Geeraerts,BE
https://openalex.org/A5063529058,39,5,11,1.9335006044371355,0.2044707429322814,GB,0.358974358974359,0.47058823529411764,Arianna Ciula,GB
https://openalex.org/A5082796790,72,4,15,1.930564815320943,0.22839506172839508,US,0.4166666666666667,0.2777777777777778,Uta Hinrichs,GB
https://openalex.org/A5066842476,31,3,9,1.9204537278070406,0.17793964620187305,GB,0.2903225806451613,0.2692307692307692,Teemu Roos,FI
https://openalex.org/A5111880566,55,3,11,1.9092691491846137,0.20132231404958678,US,0.36363636363636365,0.20454545454545456,Yin Hei Kong,HK
https://openalex.org/A5024398674,47,4,13,1.9075248421392188,0.23585332729741965,IR,0.425531914893617,0.4878048780487805,Ali Abbasalizadeh,IR
https://openalex.org/A5026144330,55,3,13,1.9014107234040274,0.22247933884297524,US,0.4,0.38,Aatu Liimatta,FI
https://openalex.org/A5062184048,67,6,15,1.9010538174441833,0.2621964802851414,US,0.47761194029850745,0.5517241379310345,Lauren Tilton,US
https://openalex.org/A5065806480,34,3,12,1.8932345033278106,0.2231833910034602,GB,0.3235294117647059,0.39285714285714285,Andrew Hardie,GB
https://openalex.org/A5088097841,47,7,11,1.8924887099277656,0.20054323223177908,GB,0.3191489361702128,0.2857142857142857,Peter Robinson,CA
https://openalex.org/A5026521498,10,3,7,1.8866967846580784,0.16000000000000003,GB,0.2,0,Mats Fridlund,SE
https://openalex.org/A5061259426,48,3,12,1.8859563543335693,0.21788194444444445,US,0.375,0.5384615384615384,Anne Welsh,GB
https://openalex.org/A5072356600,62,7,11,1.880950061088115,0.20187304890738814,AU,0.3225806451612903,0.28,David L. Hoover,US
https://openalex.org/A5044532377,69,6,13,1.873205277328958,0.21571098508716655,GB,0.36231884057971014,0.3220338983050847,Christopher J. Howe,GB
https://openalex.org/A5049383736,74,5,16,1.8590203265235508,0.26406135865595326,US,0.4594594594594595,0.582089552238806,Susan Schreibman,NL
https://openalex.org/A5026122018,62,3,13,1.8443161714931309,0.24089490114464102,GB,0.41935483870967744,0.49056603773584906,Kieran O’Halloran,GB
https://openalex.org/A5048013031,41,3,12,1.8419707197927055,0.2444973230220107,US,0.4146341463414634,0.3125,Nils Reiter,DE
https://openalex.org/A5058785189,52,6,13,1.8400690803027724,0.2514792899408284,GB,0.4423076923076923,0.5217391304347826,Paul Rayson,GB
https://openalex.org/A5072394336,70,6,10,1.8336611459070593,0.20163265306122446,CA,0.2857142857142857,0.3389830508474576,Bárbara Bordalejo,BE
https://openalex.org/A5009885745,101,3,19,1.8333381056452027,0.28046269973532006,US,0.48514851485148514,0.18518518518518517,Robert Hogenraad,BE
https://openalex.org/A5049835651,42,4,12,1.8257665963528509,0.2800453514739229,US,0.5,0.8148148148148148,Rebecca Sutton Koeser,US
https://openalex.org/A5001301383,28,6,9,1.805711519829778,0.22193877551020408,NL,0.39285714285714285,0.4,William A. Kretzschmar,US
https://openalex.org/A5091329964,32,5,9,1.803719377768875,0.20703125,FI,0.3125,0.5,Eetu Mäkelä,FI
https://openalex.org/A5052850851,20,3,9,1.7990370595847087,0.24500000000000002,US,0.45,0.11764705882352941,Fotis Jannidis,DE
https://openalex.org/A5001653924,12,3,7,1.791759469228055,0.19444444444444442,SE,0.3333333333333333,0.4,Dana Dannélls,SE
https://openalex.org/A5082648063,12,3,7,1.791759469228055,0.19444444444444442,FI,0.3333333333333333,0.4,Leo Lahti,FI
https://openalex.org/A5038583917,30,3,9,1.782517193417579,0.2555555555555556,US,0.4666666666666667,0.7777777777777778,Benjamin Charles Germain Lee,US
https://openalex.org/A5063116902,55,4,12,1.781651917530117,0.23768595041322313,US,0.34545454545454546,0.3333333333333333,Terttu Nevalainen,FI
https://openalex.org/A5064230075,53,4,13,1.7716328126020642,0.3065147739409042,US,0.5283018867924528,0.6904761904761905,James E. Dobson,US
https://openalex.org/A5007926767,35,3,10,1.771387542484141,0.23755102040816328,GR,0.37142857142857144,0.38235294117647056,Christos Panagiotakopoulos,GR
https://openalex.org/A5027763845,92,7,16,1.7677253353965148,0.26299621928166356,US,0.42391304347826086,0.775,Stan Ruecker,US
https://openalex.org/A5102164664,17,3,8,1.756536739908486,0.23183391003460208,US,0.4117647058823529,0.4666666666666667,Sarah L. Jacobson,US
https://openalex.org/A5058967954,33,3,9,1.7538118981577668,0.25436179981634527,US,0.45454545454545453,0.16666666666666666,M. Eder,PL
https://openalex.org/A5000404764,58,4,12,1.7431850775122766,0.23959571938168847,US,0.3448275862068966,0.37254901960784315,Tanja Säily,FI
https://openalex.org/A5054581569,20,3,8,1.7297223415287142,0.25,FR,0.45,0.6470588235294118,Cyril Labbé,FR
https://openalex.org/A5037356570,31,3,9,1.7252142925524794,0.2570239334027055,US,0.45161290322580644,0.5833333333333334,Ana Jofré,US
https://openalex.org/A5067105930,31,3,9,1.7252142925524794,0.2570239334027055,US,0.45161290322580644,0.5833333333333334,Josh Cole,CA
https://openalex.org/A5086385685,29,3,8,1.7206206590333881,0.21759809750297265,GB,0.3103448275862069,0.32,Fazlı Can,US
https://openalex.org/A5108723775,29,3,8,1.7206206590333881,0.21759809750297265,GB,0.3103448275862069,0.32,Jon Patton,US
https://openalex.org/A5007426493,26,3,10,1.709026789844581,0.28994082840236685,US,0.5,0.19047619047619047,Richard Evans,GB
https://openalex.org/A5014351252,20,4,8,1.7078211625602204,0.235,US,0.35,0.3333333333333333,Hajime Murai,JP
https://openalex.org/A5033068052,15,4,8,1.7075391741350712,0.26222222222222225,US,0.4666666666666667,0.5833333333333334,Quinn Dombrowski,US
https://openalex.org/A5047504661,42,5,11,1.705883631414023,0.2675736961451247,US,0.42857142857142855,0.32432432432432434,Wilbert Heeringa,NL
https://openalex.org/A5013726665,34,4,10,1.7015532252983885,0.2750865051903114,US,0.47058823529411764,0.2413793103448276,Charlotte Gooskens,AU;NL
https://openalex.org/A5035847124,23,3,10,1.6957239262134831,0.3043478260869565,US,0.5217391304347826,0.6842105263157895,Clayton McCarl,US
https://openalex.org/A5088047776,51,4,9,1.6918873463507589,0.24490580545943866,US,0.39215686274509803,0.45454545454545453,Graeme Hirst,CA
https://openalex.org/A5042827302,46,4,15,1.6890527159367628,0.36389413988657854,US,0.5869565217391305,0.7297297297297297,Trevor Owens,US
https://openalex.org/A5006529599,12,3,6,1.6762349391347307,0.20833333333333331,US,0.3333333333333333,0.2222222222222222,Elena Spadini,IT;NL
https://openalex.org/A5060605626,18,3,7,1.6715308017791348,0.2345679012345679,US,0.3888888888888889,0.2857142857142857,Chikara Hashimoto,JP
https://openalex.org/A5024695613,30,3,9,1.6713787824732877,0.2888888888888889,US,0.5,0.23076923076923078,Jedrzej Rybicki,PL
https://openalex.org/A5027417114,25,3,7,1.6568354814586204,0.23840000000000003,US,0.4,0.2631578947368421,Andrew Piper,CA
https://openalex.org/A5026514658,45,4,11,1.6560998790189896,0.2938271604938271,US,0.4888888888888889,0.8292682926829268,Teresa Dobson,CA
https://openalex.org/A5045067400,67,5,11,1.6150978882995997,0.3080864335041212,US,0.5074626865671642,0.5573770491803278,Matthew L. Jockers,US
https://openalex.org/A5064159344,75,3,13,1.6140270887485793,0.3386666666666666,US,0.5466666666666666,0.7681159420289855,Adam Kilgarriff,GB
https://openalex.org/A5075985782,36,3,10,1.6008236982712511,0.3209876543209877,GB,0.5277777777777778,0.5757575757575758,Christopher Donaldson,GB
https://openalex.org/A5081317103,30,3,9,1.561824120320596,0.32666666666666666,US,0.5333333333333333,0.21739130434782608,Oliver Hellwig,DE
https://openalex.org/A5052738299,25,4,8,1.5523915123194278,0.31520000000000004,US,0.52,0.19047619047619047,Jean‐Gabriel Ganascia,FR
https://openalex.org/A5017464054,99,3,15,1.549170992651883,0.370880522395674,US,0.5757575757575758,0.8,Martha Palmer,US
https://openalex.org/A5109829072,21,3,7,1.5377034978212434,0.27437641723356004,ES,0.38095238095238093,0.6,Marí­a Teresa,ES
https://openalex.org/A5025110478,206,7,19,1.5360188257269376,0.40371382788198695,IR,0.616504854368932,0.7635135135135135,Mohammad Reza Mahmoudi,IR
https://openalex.org/A5089679677,34,5,10,1.5295189491982684,0.370242214532872,US,0.5882352941176471,0.6333333333333333,Christopher W. Forstall,US
https://openalex.org/A5091596000,16,3,6,1.511086176073611,0.265625,GB,0.375,0.23076923076923078,Elena Pierazzo,FR
https://openalex.org/A5035784772,42,4,10,1.5054323465259496,0.3605442176870748,US,0.5714285714285714,0.6666666666666666,Taylor Arnold,US
https://openalex.org/A5076490754,62,3,12,1.499529771499814,0.35796045785639957,US,0.5483870967741935,0.24561403508771928,Willard McCarty,GB
https://openalex.org/A5041206900,42,4,8,1.4872250539685077,0.30498866213151926,US,0.42857142857142855,0.8125,Gabriel Egan,GB
https://openalex.org/A5056069205,28,5,8,1.4763552442927759,0.336734693877551,US,0.5357142857142857,0.20833333333333334,John Bradley,GB
https://openalex.org/A5044280576,28,3,6,1.4493727697931693,0.3086734693877551,US,0.5,0.7142857142857143,Francis Bond,JP;US
https://openalex.org/A5062272413,28,3,6,1.4493727697931693,0.3086734693877551,US,0.5,0.7142857142857143,Takaaki Tanaka,JP
https://openalex.org/A5113436361,29,5,8,1.4295121128058506,0.32223543400713434,GB,0.41379310344827586,0.2222222222222222,Matthew Spencer,CA;GB
https://openalex.org/A5038251371,25,5,6,1.4205580376792548,0.32480000000000003,FI,0.52,0.5833333333333334,Esko Ikkala,FI
https://openalex.org/A5039457717,22,3,5,1.3884492798585997,0.28512396694214875,US,0.4090909090909091,0,Itay Marienberg-Milikowsky,DE
https://openalex.org/A5038638955,24,3,8,1.3481959185755505,0.4166666666666667,US,0.625,0.7142857142857143,Matthew Wilkens,US
https://openalex.org/A5045001481,31,3,7,1.3465696245975467,0.3381893860561915,US,0.45161290322580644,0.4074074074074074,Ying Yuan,CN
https://openalex.org/A5013593821,20,3,8,1.328515191203992,0.44000000000000006,US,0.65,0.8125,Mark Algee‐Hewitt,US
https://openalex.org/A5081749669,20,3,5,1.327362863420189,0.31,US,0.45,0.3125,Lynne Siemens,CA
https://openalex.org/A5059270696,15,3,6,1.297295830625819,0.39555555555555555,US,0.6,0.6428571428571429,Luís Meneses,CA
https://openalex.org/A5082314059,15,3,5,1.2868726303980162,0.3511111111111111,GB,0.5333333333333333,0.25,Kyle Dase,CA
https://openalex.org/A5110322074,27,4,7,1.2552406195393244,0.4293552812071331,US,0.6296296296296297,0.7391304347826086,Stéfan Sinclair,CA
https://openalex.org/A5012007074,37,3,5,1.1911904431174511,0.36888239590942296,US,0.4864864864864865,0.8928571428571429,Santiago Segarra,US
https://openalex.org/A5078862959,37,3,5,1.1911904431174511,0.36888239590942296,US,0.4864864864864865,0.8928571428571429,Alejandro Ribeiro,US
https://openalex.org/A5091474691,37,3,5,1.1911904431174511,0.36888239590942296,US,0.4864864864864865,0.8928571428571429,Mark Eisen,US
https://openalex.org/A5033031761,10,3,4,1.0888999753452238,0.42,US,0.6,0.1,Andrew Wilson,GB
https://openalex.org/A5067289531,124,3,7,1.071120551048931,0.49401664932362116,IR,0.6774193548387096,0.7441860465116279,Kim-Hung Pho,VN
https://openalex.org/A5034613088,26,3,6,0.9796281737843014,0.5532544378698224,US,0.7307692307692307,0.8260869565217391,Neil Coffee,US
https://openalex.org/A5028971617,15,3,3,0.8823109245150755,0.4488888888888889,US,0.5333333333333333,0.6153846153846154,Bethany Nowviskie,US
https://openalex.org/A5086934220,34,3,7,0.868304943932727,0.6384083044982698,US,0.7941176470588235,0.9,David Mimno,US
https://openalex.org/A5080702364,52,6,5,0.7607676584084144,0.6005917159763313,GB,0.75,0.7959183673469388,Ian Gregory,GB
