citing_country,AE,AF,AR,AT,AU,BD,BE,BH,BR,CA,CH,CL,CN,CO,CZ,DE,DK,EG,ES,FI,FR,GB,GR,HK,HU,ID,IE,IL,IN,IS,IT,JO,JP,KR,LB,LU,MO,MT,MX,MY,NL,NO,NZ,PH,PK,PL,PS,PT,QA,RO,RU,SA,SE,SG,TJ,TN,TW,US,ZA,CR,EE,KE,BA,BY,CU,CY,DZ,EC,GH,HR,IR,LT,LV,MA,MC,ML,MN,PE,SI,SK,TR,UA,BG,KH,KW,LK,OM,RS,UY,UZ,VN,ZW,AZ,BN,MK,NP,NG,TH,BO,VE,SS,SO,GP,IQ,MD,ME,PR,TZ,BI,DO,GU,SY,CM,ET,FJ,FK,GE,KY,KZ,LI,MZ,NA,PG,RW,TT,XK,YE,MU,BS,AL,AM,KG,MM,UG,CG,SL,SM,VI,PF,TG,GT,JM,MR,PA,ZM,VA,MS,LY,VG,KP,PY,MQ,SD,SN,RE,BW,BM,BB,GA
AE,16,1,2,10,12,1,12,2,3,17,20,2,9,1,3,39,9,2,9,7,27,51,4,1,3,3,5,3,2,1,14,1,5,3,2,2,1,1,4,3,16,3,2,1,3,1,1,2,5,1,1,7,6,1,1,9,1,87,2,0,0,0,0,0,0,0,0,0,0,0,0,0,0,0,0,0,0,0,0,0,0,0,0,0,0,0,0,0,0,0,0,0,0,0,0,0,0,0,0,0,0,0,0,0,0,0,0,0,0,0,0,0,0,0,0,0,0,0,0,0,0,0,0,0,0,0,0,0,0,0,0,0,0,0,0,0,0,0,0,0,0,0,0,0,0,0,0,0,0,0,0,0,0,0,0,0,0,0,0
AR,1,0,16,7,5,0,4,0,1,5,6,1,5,2,2,12,2,0,4,3,14,22,1,1,0,0,2,1,0,0,6,0,1,0,0,1,0,0,4,1,7,1,1,0,0,0,0,0,0,0,1,1,2,0,0,0,0,47,1,1,1,1,0,0,0,0,0,0,0,0,0,0,0,0,0,0,0,0,0,0,0,0,0,0,0,0,0,0,0,0,0,0,0,0,0,0,0,0,0,0,0,0,0,0,0,0,0,0,0,0,0,0,0,0,0,0,0,0,0,0,0,0,0,0,0,0,0,0,0,0,0,0,0,0,0,0,0,0,0,0,0,0,0,0,0,0,0,0,0,0,0,0,0,0,0,0,0,0,0
AT,4,0,3,151,37,1,62,0,19,67,62,4,48,1,5,225,23,2,72,32,100,248,37,11,10,9,35,21,12,1,75,0,24,11,0,4,0,1,4,4,115,7,12,0,2,5,0,10,2,4,3,0,51,8,0,0,4,466,5,0,4,0,2,1,1,2,1,1,2,4,1,2,1,1,1,2,1,1,4,3,5,2,0,0,0,0,0,0,0,0,0,0,0,0,0,0,0,0,0,0,0,0,0,0,0,0,0,0,0,0,0,0,0,0,0,0,0,0,0,0,0,0,0,0,0,0,0,0,0,0,0,0,0,0,0,0,0,0,0,0,0,0,0,0,0,0,0,0,0,0,0,0,0,0,0,0,0,0,0
AU,2,0,2,27,186,2,23,0,20,102,35,3,92,2,11,106,22,1,53,24,73,328,44,35,5,2,28,23,10,2,84,5,16,18,0,2,0,0,5,6,73,17,28,0,7,11,0,17,1,2,15,4,28,13,0,0,15,692,19,1,3,0,2,0,1,5,0,0,1,0,26,1,1,0,0,0,0,0,4,2,5,0,1,2,1,1,2,1,1,1,1,3,0,0,0,0,0,0,0,0,0,0,0,0,0,0,0,0,0,0,0,0,0,0,0,0,0,0,0,0,0,0,0,0,0,0,0,0,0,0,0,0,0,0,0,0,0,0,0,0,0,0,0,0,0,0,0,0,0,0,0,0,0,0,0,0,0,0,0
AZ,0,0,0,0,0,0,0,0,0,0,0,0,0,0,0,0,0,0,0,0,0,0,0,0,0,0,0,0,0,0,0,0,0,0,0,0,0,0,0,0,0,0,0,0,0,0,0,0,0,0,0,0,0,0,0,0,0,1,0,0,0,0,0,0,0,0,0,0,0,0,0,0,0,0,0,0,0,0,0,0,1,0,0,0,0,0,0,0,0,0,0,0,2,0,0,0,0,0,0,0,0,0,0,0,0,0,0,0,0,0,0,0,0,0,0,0,0,0,0,0,0,0,0,0,0,0,0,0,0,0,0,0,0,0,0,0,0,0,0,0,0,0,0,0,0,0,0,0,0,0,0,0,0,0,0,0,0,0,0
BA,0,0,0,0,1,0,1,0,0,2,0,0,0,0,3,4,2,0,2,1,0,6,2,0,0,0,1,0,0,0,5,0,1,0,0,0,0,0,0,0,1,0,0,0,0,0,0,0,0,0,1,0,0,2,0,0,0,9,0,0,0,0,3,0,0,1,0,0,0,1,0,0,0,0,0,0,0,0,0,0,2,0,0,0,0,0,0,1,0,0,0,0,0,0,0,0,0,0,0,0,0,0,0,0,0,0,0,0,0,0,0,0,0,0,0,0,0,0,0,0,0,0,0,0,0,0,0,0,0,0,0,0,0,0,0,0,0,0,0,0,0,0,0,0,0,0,0,0,0,0,0,0,0,0,0,0,0,0,0
BD,0,0,0,4,4,0,2,0,0,4,2,0,4,0,0,7,2,0,2,1,34,8,0,0,0,0,0,0,0,0,1,0,1,1,0,0,0,0,1,0,2,1,0,0,0,0,0,0,0,2,1,0,0,0,0,0,1,16,0,0,0,0,0,0,0,0,1,0,0,0,0,0,0,0,0,0,0,0,0,0,0,0,1,0,0,0,0,0,0,0,0,0,0,0,0,0,0,0,0,0,0,0,0,0,0,0,0,0,0,0,0,0,0,0,0,0,0,0,0,0,0,0,0,0,0,0,0,0,0,0,0,0,0,0,0,0,0,0,0,0,0,0,0,0,0,0,0,0,0,0,0,0,0,0,0,0,0,0,0
BE,3,0,1,25,67,1,149,1,14,103,42,4,38,2,4,167,11,4,35,31,110,247,34,7,5,1,14,23,10,3,59,2,13,10,0,8,0,1,11,6,125,13,8,2,2,15,0,7,1,3,10,3,20,9,1,2,8,540,8,2,1,3,0,0,0,0,2,3,1,3,2,0,0,2,0,0,1,0,2,2,4,0,1,0,0,0,0,0,0,0,0,0,0,1,1,1,0,0,0,0,0,0,0,0,0,0,0,0,0,0,0,0,0,0,0,0,0,0,0,0,0,0,0,0,0,0,0,0,0,0,0,0,0,0,0,0,0,0,0,0,0,0,0,0,0,0,0,0,0,0,0,0,0,0,0,0,0,0,0
BG,0,0,0,1,4,0,2,0,1,1,2,1,12,0,3,3,1,0,6,0,3,17,9,0,2,0,2,2,0,1,11,0,0,2,0,0,0,0,0,0,4,1,0,0,0,1,0,6,0,0,0,2,2,0,0,0,2,15,0,0,0,0,3,0,0,2,0,0,0,1,30,1,1,0,0,0,0,0,2,0,1,0,7,0,0,0,0,0,0,0,0,0,0,0,0,0,2,1,0,0,0,0,0,0,0,0,0,0,0,0,0,0,0,0,0,0,0,0,0,0,0,0,0,0,0,0,0,0,0,0,0,0,0,0,0,0,0,0,0,0,0,0,0,0,0,0,0,0,0,0,0,0,0,0,0,0,0,0,0
BH,0,0,0,0,0,0,0,0,0,0,0,0,0,0,0,0,0,0,0,0,0,1,0,0,0,0,0,0,0,0,0,0,0,0,0,0,0,0,0,0,0,0,0,0,0,0,0,0,0,0,0,0,0,0,0,0,0,1,0,0,0,0,0,0,0,0,0,0,0,0,0,0,0,0,0,0,0,0,0,0,0,0,0,0,0,0,0,0,0,0,0,0,0,0,0,0,0,0,0,0,0,0,0,0,0,0,0,0,0,0,0,0,0,0,0,0,0,0,0,0,0,0,0,0,0,0,0,0,0,0,0,0,0,0,0,0,0,0,0,0,0,0,0,0,0,0,0,0,0,0,0,0,0,0,0,0,0,0,0
BI,0,0,0,0,0,0,1,0,0,0,1,0,0,0,1,2,0,0,0,1,4,0,0,0,0,0,0,0,0,0,0,0,0,0,0,0,0,0,0,0,6,0,0,0,0,0,0,0,0,0,0,0,0,0,0,0,0,4,0,0,0,0,0,0,0,0,0,0,0,0,0,0,0,0,0,0,0,0,0,0,0,0,0,0,0,0,0,0,0,0,0,0,0,0,0,0,0,0,0,0,0,0,0,0,0,0,0,0,0,0,0,0,0,0,0,0,0,0,0,0,0,0,0,0,0,0,0,0,0,0,0,0,0,0,0,0,0,0,0,0,0,0,0,0,0,0,0,0,0,0,0,0,0,0,0,0,0,0,0
BN,0,0,0,0,1,0,0,0,0,2,0,0,0,0,0,3,0,0,0,0,0,6,1,1,0,3,0,0,0,0,2,1,0,1,0,0,0,0,0,2,0,0,1,0,0,3,0,1,0,0,0,0,0,0,0,0,0,6,0,0,0,0,0,0,0,0,0,0,0,0,0,0,0,0,0,0,0,0,0,0,0,0,0,0,0,0,0,0,0,0,0,0,0,4,0,0,0,0,0,0,0,0,0,0,0,0,0,0,0,0,0,0,0,0,0,0,0,0,0,0,0,0,0,0,0,0,0,0,0,0,0,0,0,0,0,0,0,0,0,0,0,0,0,0,0,0,0,0,0,0,0,0,0,0,0,0,0,0,0
BO,0,0,1,2,0,0,0,0,0,0,0,0,0,1,0,0,0,0,1,0,0,0,0,0,0,0,0,0,0,0,1,0,0,0,0,0,0,0,3,0,0,0,0,0,0,0,0,0,0,0,0,0,1,0,0,0,0,5,0,0,0,0,0,0,0,0,0,0,0,0,0,0,0,0,0,0,0,0,0,0,0,0,0,0,0,0,0,0,0,0,0,0,0,0,0,0,0,0,1,1,0,0,0,0,0,0,0,0,0,0,0,0,0,0,0,0,0,0,0,0,0,0,0,0,0,0,0,0,0,0,0,0,0,0,0,0,0,0,0,0,0,0,0,0,0,0,0,0,0,0,0,0,0,0,0,0,0,0,0
BR,1,0,1,8,16,0,15,0,68,18,9,0,17,0,3,26,7,0,44,6,32,64,6,1,8,0,16,4,4,0,46,1,5,6,0,1,0,1,0,1,22,6,0,0,3,3,0,16,1,1,4,1,11,3,0,0,7,147,2,0,0,0,0,0,0,1,0,1,0,1,0,0,0,0,0,0,0,1,2,0,2,0,0,0,0,0,0,1,0,0,0,0,0,0,0,0,0,0,0,0,1,0,0,0,0,0,0,0,0,0,0,0,0,0,0,0,0,0,0,0,0,0,0,0,0,0,0,0,0,0,0,0,0,0,0,0,0,0,0,0,0,0,0,0,0,0,0,0,0,0,0,0,0,0,0,0,0,0,0
BZ,0,0,0,0,0,0,1,0,0,0,0,0,0,0,0,0,0,0,3,0,0,2,0,0,0,0,0,0,0,0,3,0,0,0,0,0,0,0,0,0,0,0,0,0,0,0,0,0,0,0,0,0,0,0,0,0,0,4,1,0,0,1,0,0,0,0,0,0,0,0,0,0,0,0,0,0,0,0,0,0,0,0,0,0,0,0,0,0,0,0,0,0,0,0,0,0,0,0,0,0,0,2,0,0,0,0,0,0,0,0,0,0,0,0,0,0,0,0,0,0,0,0,0,0,0,0,0,0,0,0,0,0,0,0,0,0,0,0,0,0,0,0,0,0,0,0,0,0,0,0,0,0,0,0,0,0,0,0,0
CA,2,0,3,17,102,2,43,0,22,453,39,5,47,3,3,138,32,2,91,43,131,479,22,15,5,3,19,31,23,1,75,5,30,11,3,8,4,1,12,2,87,15,17,0,7,12,0,6,0,0,20,6,29,16,0,1,16,1145,9,0,8,4,2,1,0,3,1,0,1,1,12,0,0,1,0,0,0,0,3,3,4,0,3,0,0,0,4,0,0,0,0,0,0,0,1,0,1,3,0,1,3,0,1,9,1,1,2,1,0,0,0,0,0,0,0,0,0,0,0,0,0,0,0,0,0,0,0,0,0,0,0,0,0,0,0,0,0,0,0,0,0,0,0,0,0,0,0,0,0,0,0,0,0,0,0,0,0,0,0
CH,5,0,2,45,88,0,59,0,18,111,287,2,79,0,36,264,22,0,87,34,180,380,74,17,6,5,29,59,21,1,158,1,31,13,0,3,2,0,19,10,113,9,20,3,7,20,1,13,2,5,14,3,41,21,0,2,8,942,6,0,4,0,2,0,1,14,2,0,1,3,4,0,1,1,0,1,0,0,4,14,11,0,3,0,0,0,0,2,0,0,3,0,0,1,0,0,1,2,0,0,1,0,0,0,1,0,1,1,1,1,1,1,0,0,0,0,0,0,0,0,0,0,0,0,0,0,0,0,0,0,0,0,0,0,0,0,0,0,0,0,0,0,0,0,0,0,0,0,0,0,0,0,0,0,0,0,0,0,0
CL,0,0,0,2,1,0,3,0,4,7,8,5,7,0,0,4,0,0,4,0,8,21,3,4,0,0,2,5,0,0,3,0,2,4,0,0,0,0,0,0,4,2,0,0,0,0,0,4,0,0,0,0,1,2,0,0,3,36,0,0,0,0,0,0,0,1,0,0,0,0,2,0,0,0,0,0,0,0,0,0,0,0,0,0,0,0,0,0,0,0,1,0,0,0,0,0,0,0,0,0,0,0,0,0,0,0,0,0,0,0,0,0,1,0,0,0,0,0,0,0,0,0,0,0,0,0,0,0,0,0,0,0,0,0,0,0,0,0,0,0,0,0,0,0,0,0,0,0,0,0,0,0,0,0,0,0,0,0,0
CM,0,0,0,0,0,0,0,0,0,0,0,0,0,0,0,0,0,0,0,0,0,0,0,0,0,0,0,0,0,0,0,0,0,0,0,0,0,0,0,0,1,0,0,0,0,0,0,0,0,0,0,0,0,0,0,0,0,4,0,0,0,0,0,0,0,0,0,0,0,0,0,0,0,0,0,0,0,0,0,0,0,0,0,0,0,0,0,0,0,0,0,0,0,0,0,0,0,0,0,0,0,0,0,0,0,0,0,0,0,0,0,0,0,0,0,0,0,0,0,0,0,0,0,0,0,0,0,0,0,0,0,0,0,0,0,0,0,0,0,0,0,0,0,0,0,0,0,0,0,0,0,0,0,0,0,0,0,0,0
CN,10,0,9,77,247,8,85,1,40,280,133,12,1568,9,42,420,59,17,193,73,207,841,110,187,14,31,61,73,91,0,338,8,112,111,4,8,26,8,18,63,202,49,41,4,19,50,1,60,6,22,32,19,56,80,0,3,133,1870,35,0,10,0,6,1,0,14,5,5,2,8,168,2,1,7,0,0,0,4,29,6,50,16,7,3,2,0,5,5,1,0,16,0,0,2,6,1,4,13,0,0,1,0,0,9,0,1,2,0,1,0,1,0,1,1,1,1,2,1,1,2,1,1,1,1,1,2,2,0,0,0,0,0,0,0,0,0,0,0,0,0,0,0,0,0,0,0,0,0,0,0,0,0,0,0,0,0,0,0,0
CO,0,0,1,3,1,0,0,0,1,3,3,1,2,2,2,3,0,0,6,1,3,9,0,0,0,1,0,0,0,0,7,0,2,0,0,0,0,0,1,1,1,0,0,0,0,0,0,0,0,0,0,1,1,0,0,0,1,12,0,0,0,0,0,0,0,0,0,0,0,0,0,0,0,0,0,0,0,0,0,0,0,0,0,0,0,0,0,0,0,0,1,0,0,0,0,0,0,0,0,1,0,0,0,0,0,0,0,0,0,0,0,0,0,0,0,0,0,0,0,0,0,0,0,0,0,0,0,0,0,0,0,0,0,0,0,0,0,0,0,0,0,0,0,0,0,0,0,0,0,0,0,0,0,0,0,0,0,0,0
CU,0,0,0,0,1,0,0,0,0,1,0,0,0,0,0,0,1,0,1,0,0,5,0,0,0,0,0,0,0,0,1,0,0,0,0,0,0,0,1,0,1,0,0,0,0,0,0,0,0,0,0,1,0,0,0,0,0,6,0,0,0,0,0,0,0,0,0,0,0,0,0,0,0,0,0,0,0,0,0,0,0,0,0,0,0,0,0,0,0,0,0,0,0,0,0,0,0,0,0,0,0,0,0,0,0,0,0,0,0,0,0,0,0,0,0,0,0,0,0,0,0,0,0,0,0,0,0,0,0,0,0,0,0,0,0,0,0,0,0,0,0,0,0,0,0,0,0,0,0,0,0,0,0,0,0,0,0,0,0
CY,0,0,1,5,11,0,8,1,2,22,12,1,19,0,4,28,7,2,15,4,28,67,38,9,0,0,4,12,3,0,32,1,12,3,0,0,0,0,0,0,10,2,0,0,0,1,0,7,1,2,0,0,8,1,0,0,5,112,3,0,1,0,0,0,0,31,0,0,0,1,0,1,0,3,0,0,0,0,0,0,1,0,0,0,0,0,0,0,0,0,0,0,0,0,0,0,0,2,0,0,0,0,0,1,0,0,0,0,0,0,0,0,0,0,0,0,0,0,0,0,0,0,0,1,0,0,0,1,0,0,0,0,0,0,0,0,0,0,0,0,0,0,0,0,0,0,0,0,0,0,0,0,0,0,0,0,0,0,0
CZ,0,0,2,10,14,0,3,0,8,9,15,1,20,0,36,46,4,1,22,4,10,60,6,0,0,1,7,8,1,0,15,0,4,2,0,1,0,1,2,1,15,1,4,0,0,7,0,1,0,3,4,1,7,0,0,0,1,96,0,0,1,0,0,0,1,1,0,0,0,1,1,0,0,1,0,0,0,0,3,3,2,0,1,1,0,0,0,3,0,0,0,0,0,0,1,0,0,1,0,0,1,0,0,0,0,0,0,0,0,0,0,0,0,0,0,0,0,0,0,0,0,0,0,0,0,0,1,0,1,0,0,0,0,0,0,0,0,0,0,0,0,0,0,0,0,0,0,0,0,0,0,0,0,0,0,0,0,0,0
DE,23,0,6,167,198,2,190,0,75,300,250,14,190,8,43,1309,79,10,216,91,342,1052,88,38,27,7,76,112,32,7,327,11,103,47,4,24,3,2,34,14,411,53,29,1,7,60,0,40,5,19,40,9,115,42,1,0,15,2381,18,2,8,1,2,1,1,10,0,1,0,11,4,1,2,4,0,2,1,1,19,9,19,2,3,0,0,4,1,3,0,0,1,0,0,2,4,0,0,4,2,1,3,0,0,3,1,0,1,1,1,1,0,0,0,0,0,0,0,0,0,1,0,0,0,0,0,0,2,0,0,1,1,1,1,1,0,0,0,0,0,0,0,0,0,0,0,0,0,0,0,0,0,0,0,0,0,0,0,0,0
DK,8,0,4,18,31,0,20,0,9,45,26,3,24,0,5,129,69,1,33,6,35,174,18,2,3,1,14,11,7,3,44,0,13,0,0,1,0,0,4,1,59,13,7,0,0,3,0,3,0,3,4,1,31,5,0,0,3,306,4,2,0,0,2,0,0,2,0,1,0,2,1,0,0,1,0,0,0,0,9,1,0,2,0,0,0,0,0,3,0,1,0,0,0,0,2,0,0,0,2,0,0,0,0,0,0,0,0,0,0,0,0,0,0,0,0,0,0,0,0,0,0,0,0,0,0,0,0,0,0,0,0,0,1,0,0,0,0,0,0,0,0,0,0,0,0,0,0,0,0,0,0,0,0,0,0,0,0,0,0
DZ,3,0,0,0,7,0,3,0,1,5,1,0,21,1,0,2,0,2,9,0,14,15,3,2,0,0,2,1,6,0,16,0,4,1,0,0,0,0,0,4,3,1,0,0,0,2,0,2,4,2,0,1,0,2,0,1,0,42,0,0,0,0,0,0,0,1,19,0,0,1,1,0,0,0,0,0,0,0,0,0,5,0,0,0,0,0,0,0,0,0,2,0,0,0,0,0,0,0,0,0,0,0,0,0,0,0,0,0,0,0,0,0,0,0,0,0,0,0,0,0,0,0,0,0,0,1,0,0,0,0,0,0,0,0,0,0,0,0,0,0,0,0,0,0,0,0,0,0,0,0,0,0,0,0,0,0,0,0,0
EC,0,0,0,0,2,0,0,0,0,4,2,0,2,0,0,3,1,1,9,2,5,10,2,2,0,0,0,3,0,0,4,0,1,0,0,0,0,0,1,0,1,2,1,0,0,1,0,0,0,0,0,0,1,1,0,1,0,18,1,0,0,0,0,0,0,0,0,7,0,0,0,0,0,0,0,0,0,0,0,0,1,0,0,0,0,0,0,0,0,0,0,0,0,0,0,0,0,0,0,0,0,0,0,0,0,0,0,0,0,0,0,0,0,0,0,0,0,0,0,0,0,0,0,0,0,0,0,0,0,0,0,0,0,0,0,0,0,0,0,0,0,0,0,0,0,0,0,0,0,0,0,0,0,0,0,0,0,0,0
EE,0,0,0,0,2,0,3,0,1,6,2,0,1,0,0,8,2,0,1,1,15,26,0,1,2,0,1,1,2,0,1,0,0,1,0,2,0,0,1,0,12,0,2,0,0,0,0,1,0,0,0,0,5,1,0,0,0,40,0,0,7,0,0,0,0,0,0,0,0,0,0,0,0,0,0,0,0,0,1,0,0,0,0,0,0,0,0,0,0,0,0,0,0,0,0,0,0,0,0,0,0,0,0,0,0,0,0,0,0,0,0,0,0,0,0,0,0,0,0,0,0,0,0,0,0,0,0,0,0,0,0,0,0,0,0,0,0,0,0,0,0,0,0,0,0,0,0,0,0,0,0,0,0,0,0,0,0,0,0
EG,1,0,0,2,6,0,9,0,2,17,3,0,2,1,0,11,7,5,7,3,3,37,4,4,0,1,1,2,0,0,10,0,3,7,0,0,0,1,2,3,15,5,2,0,1,1,0,3,2,1,0,1,4,1,0,0,2,69,2,0,0,0,2,0,0,0,0,0,0,0,0,0,1,1,0,0,0,0,0,0,0,0,0,0,0,1,1,0,0,0,0,0,0,0,0,1,0,1,0,0,0,0,0,0,0,0,0,0,0,0,0,0,0,0,0,0,0,0,0,0,0,0,0,0,0,0,0,0,0,0,0,0,0,0,1,1,0,0,0,0,0,0,0,0,0,0,0,0,0,0,0,0,0,0,0,0,0,0,0
ES,3,0,20,61,122,3,63,0,27,146,78,17,65,11,25,258,34,9,575,41,192,529,90,19,12,3,50,45,39,1,293,1,20,21,2,6,2,2,29,8,155,27,19,0,2,21,0,52,9,4,17,11,40,13,0,3,15,949,18,2,3,1,1,0,1,9,5,10,0,9,13,2,0,1,0,0,4,3,6,2,26,1,6,0,0,4,1,3,2,0,1,1,0,0,0,0,0,2,0,1,4,2,0,0,1,0,0,1,3,0,0,1,0,0,0,0,1,0,0,0,0,0,0,0,0,0,0,0,0,0,0,0,1,0,0,0,1,0,0,0,0,0,0,0,0,0,0,0,0,0,0,0,0,0,0,0,0,0,0
FI,4,0,0,20,41,1,25,2,12,55,28,0,24,1,13,166,24,3,32,338,73,258,17,5,13,1,18,16,2,3,50,0,18,8,1,4,0,0,7,0,111,20,6,0,3,11,0,4,1,1,8,1,37,7,0,0,5,483,4,0,2,0,0,0,0,3,1,2,1,2,2,1,2,1,0,0,2,0,6,1,2,1,1,0,0,0,0,1,0,0,1,2,0,0,1,0,0,0,0,0,0,0,0,0,0,0,0,0,1,0,0,0,0,0,0,0,0,0,0,0,0,0,0,0,0,0,0,0,0,0,0,0,0,0,0,0,0,1,0,0,0,0,0,0,0,0,0,0,0,0,0,0,0,0,0,0,0,0,0
FR,13,0,6,65,95,2,95,3,27,160,135,6,106,3,34,323,27,4,146,49,782,442,75,17,12,4,41,57,21,2,238,3,48,38,3,9,2,3,10,11,162,27,16,1,6,18,1,28,6,8,26,13,62,20,0,13,24,1016,7,0,6,1,2,2,2,5,12,0,0,2,14,5,1,4,0,3,1,1,7,2,10,4,4,1,0,0,0,1,0,0,3,0,1,2,0,1,0,4,0,1,3,0,0,10,0,1,0,2,3,0,0,0,1,0,0,0,0,0,0,0,0,0,0,0,0,1,0,0,1,0,0,0,0,0,0,0,1,0,1,1,0,0,0,0,0,0,0,0,0,0,0,0,0,0,0,0,0,0,0
GB,17,0,8,102,326,1,154,1,64,456,169,16,224,12,30,592,119,11,251,137,330,2408,187,60,21,12,144,123,57,5,408,15,69,49,0,26,6,6,39,22,414,88,63,1,23,49,0,71,9,17,42,20,148,61,0,0,36,2894,33,1,11,1,14,1,1,17,4,3,4,15,8,8,2,3,0,2,3,4,10,7,27,18,14,2,1,3,2,5,0,0,4,0,1,0,1,0,1,22,3,0,3,0,0,0,1,0,4,2,4,0,0,0,0,0,0,0,0,0,0,1,0,0,0,1,1,2,4,0,0,0,0,0,0,0,0,0,2,0,0,0,1,1,2,1,1,0,0,0,0,0,0,0,0,0,0,0,0,0,0
GE,0,0,0,0,0,0,0,0,0,0,0,0,0,0,0,0,0,0,0,0,0,0,0,0,0,0,0,0,0,0,0,0,0,0,0,0,0,0,0,0,0,0,0,0,0,0,0,0,0,0,0,0,0,0,0,0,0,1,0,0,0,0,0,0,0,0,0,0,0,0,0,0,0,0,0,0,0,0,0,0,0,0,0,0,0,0,0,0,0,0,0,0,0,0,0,0,0,0,0,0,0,0,0,0,0,0,0,0,0,0,0,0,0,0,0,0,0,0,0,0,0,0,0,0,0,0,0,0,0,0,0,0,0,0,0,0,0,0,0,0,0,0,0,0,0,0,0,0,0,0,0,0,0,0,0,0,0,0,0
GH,0,0,0,0,0,0,0,0,1,0,0,1,2,1,0,4,1,3,3,0,0,6,0,0,0,2,0,0,4,0,2,1,0,3,0,0,0,0,0,2,2,3,1,3,3,0,0,0,0,0,0,2,2,0,0,0,1,13,2,0,0,0,0,0,0,0,0,0,17,0,0,0,0,0,0,0,0,1,0,0,0,0,0,0,0,0,1,0,0,0,0,0,0,0,0,0,0,0,0,0,0,0,0,0,0,0,0,0,0,0,0,0,0,0,0,0,0,0,0,0,0,0,0,0,0,0,0,0,0,0,0,0,0,0,0,0,0,0,0,0,0,0,0,0,0,0,0,0,0,0,0,0,0,0,0,0,0,0,0
GR,3,0,1,32,68,0,45,0,25,73,43,4,67,1,13,142,24,12,95,27,100,341,367,15,2,0,19,73,26,0,213,1,24,26,1,3,0,1,7,9,77,13,12,1,1,12,0,35,1,6,4,11,26,10,0,2,20,570,10,0,1,0,2,0,1,23,0,0,0,1,10,0,1,1,0,0,0,1,4,1,16,0,4,0,0,2,0,1,2,0,2,0,0,0,0,0,3,4,0,0,1,0,0,2,0,1,0,0,0,0,0,0,0,0,0,0,0,0,0,0,0,0,0,0,0,0,0,3,0,0,0,0,1,0,0,0,0,0,0,0,0,0,0,0,0,1,0,0,0,0,0,0,0,0,0,0,0,0,0
HK,1,0,0,12,33,0,12,0,6,37,14,0,201,2,10,49,6,4,29,13,22,142,7,84,3,4,5,18,8,0,32,1,16,9,0,1,4,1,3,6,16,6,6,0,3,8,0,2,0,2,1,2,9,5,0,0,29,231,8,0,1,0,8,1,0,4,0,1,3,1,3,0,0,0,0,0,0,0,1,1,11,6,1,1,0,0,0,3,0,0,2,0,0,1,1,0,0,2,0,0,0,0,0,0,0,0,0,0,0,0,2,0,0,0,0,0,0,0,1,0,0,0,0,0,1,0,0,0,0,0,0,0,0,0,0,0,0,0,0,0,0,0,0,0,0,0,1,0,0,0,0,0,0,0,0,0,0,0,0
HR,0,0,1,6,7,0,3,0,10,6,5,1,9,0,4,15,1,1,11,3,7,35,5,1,0,0,7,3,0,1,10,0,2,0,0,0,0,0,3,2,12,2,2,0,1,0,0,0,0,1,0,1,5,3,0,0,0,51,1,0,0,0,3,0,0,3,0,0,0,4,0,0,0,0,0,0,0,0,2,0,0,0,0,0,0,1,0,0,0,0,1,0,0,0,0,0,0,0,0,0,0,1,0,0,0,0,0,0,0,0,0,0,0,0,0,0,0,0,0,0,0,0,0,0,0,0,1,0,0,0,0,0,0,0,0,0,0,0,0,0,0,0,0,0,0,0,0,0,0,0,0,0,0,0,0,0,0,0,0
HU,2,0,1,1,4,0,5,0,2,8,4,2,0,2,0,12,8,1,9,6,1,28,1,0,10,0,7,1,0,0,10,0,3,4,0,0,0,0,1,0,11,1,1,0,0,5,0,2,1,0,2,0,4,0,0,0,0,81,1,0,0,1,0,0,0,0,0,0,0,0,0,0,0,0,0,0,0,0,0,0,0,0,0,0,0,0,0,1,0,0,0,0,0,0,0,0,0,0,0,0,1,2,0,0,0,0,0,0,0,0,0,0,0,0,0,0,0,0,0,0,0,0,0,0,0,0,0,0,0,0,0,0,0,0,0,0,0,0,0,0,0,0,0,0,0,0,0,0,0,0,0,0,0,0,0,0,0,0,0
ID,6,0,0,2,34,1,4,1,7,16,4,1,49,0,2,27,6,3,14,4,9,56,1,11,0,52,4,5,10,0,17,2,11,15,1,1,2,0,2,17,17,5,3,0,5,0,0,11,4,3,0,7,5,4,0,2,13,129,4,0,1,0,1,0,0,0,0,2,3,0,7,1,2,1,0,0,0,1,1,0,5,0,0,0,1,1,0,0,0,0,2,0,0,0,0,0,1,0,0,0,0,2,0,2,0,0,0,0,0,0,0,0,0,1,0,0,0,0,0,0,0,0,0,0,0,0,0,0,0,0,0,0,0,1,0,0,0,0,0,0,0,0,0,0,0,0,0,1,0,0,0,0,0,0,0,0,0,0,0
IE,1,0,1,21,33,0,21,0,9,52,20,0,30,2,3,82,7,0,33,9,45,183,17,5,0,1,79,14,4,1,52,1,10,5,0,2,0,0,3,2,66,8,4,1,0,11,1,6,0,0,7,0,15,5,1,0,8,311,2,0,1,0,0,0,0,1,0,0,0,1,3,1,0,0,0,0,1,1,2,0,5,0,3,0,0,0,0,0,0,0,1,0,0,0,0,0,0,1,0,1,1,0,0,1,0,0,1,0,0,0,0,0,0,0,0,1,0,0,0,1,0,0,0,0,0,0,0,0,0,0,0,0,0,0,0,0,0,0,0,0,0,0,0,0,0,0,0,0,0,0,0,0,0,0,0,0,0,0,0
IL,3,0,1,19,29,1,27,0,11,78,39,2,53,0,19,131,9,2,30,11,77,192,48,12,2,0,19,199,13,0,73,0,31,22,0,3,2,2,3,3,45,4,3,0,0,2,0,6,2,7,7,1,11,15,0,1,5,462,0,0,1,0,0,0,0,9,0,0,0,2,1,1,1,0,0,0,2,0,0,1,5,0,2,0,0,1,0,0,0,0,1,0,0,0,2,0,1,1,0,0,0,0,0,0,0,0,0,0,0,0,0,0,0,0,0,0,0,0,0,0,0,0,0,0,0,0,1,0,0,0,0,0,1,0,0,0,0,0,0,0,0,0,0,0,0,0,0,0,1,0,0,0,0,0,0,0,0,0,0
IN,4,0,2,13,31,2,19,0,9,37,20,2,58,2,8,63,2,4,48,6,53,129,33,10,6,6,13,13,95,0,55,2,17,11,0,1,0,0,3,11,34,9,5,0,8,8,1,4,3,7,4,4,12,10,0,6,24,322,5,1,0,2,1,0,0,6,1,1,1,1,5,1,0,0,0,0,0,0,2,2,14,1,1,0,0,0,0,0,0,0,3,0,1,1,1,0,3,2,0,0,0,0,0,0,0,0,1,0,0,0,0,0,0,0,0,0,0,0,0,0,0,1,0,0,0,0,0,0,0,0,0,0,0,0,0,0,0,0,0,0,0,0,0,0,0,0,0,0,0,1,1,0,0,0,0,0,0,0,0
IQ,3,0,0,0,1,0,1,2,1,3,1,0,1,0,0,4,1,0,0,1,0,9,2,0,0,1,0,2,4,0,3,0,0,1,0,0,0,0,0,0,1,0,2,0,0,0,0,0,0,0,0,0,0,0,0,0,0,17,2,0,0,0,0,0,0,0,0,0,0,0,3,0,0,1,0,0,0,0,0,0,0,0,0,0,0,0,0,0,0,0,0,1,0,0,0,0,0,0,0,0,0,0,0,0,0,0,0,0,0,0,0,0,0,0,0,0,0,0,0,0,0,0,0,0,0,0,0,0,0,0,0,0,1,0,0,0,0,0,0,0,0,0,0,0,0,0,0,0,0,0,0,0,0,0,0,0,0,0,0
IR,10,0,2,1,19,1,7,1,6,30,9,3,74,1,7,45,3,2,23,10,23,87,10,3,4,6,5,9,14,0,37,2,14,13,0,0,0,0,11,6,17,1,8,0,10,6,0,23,1,2,5,8,13,19,0,0,10,228,3,0,0,0,3,0,0,2,0,0,1,0,259,0,0,2,0,0,0,0,3,1,16,0,0,0,1,0,1,1,0,0,8,1,0,0,0,0,2,1,0,0,0,0,0,9,0,0,0,0,0,0,0,0,0,0,0,0,0,0,0,0,1,0,0,0,0,0,2,0,0,0,0,0,0,0,0,0,0,0,0,0,0,0,0,0,0,0,0,0,0,0,0,0,0,0,0,0,0,0,0
IS,0,0,0,0,1,0,2,0,0,0,0,0,0,0,0,1,0,0,0,0,0,1,0,0,0,0,0,0,0,1,0,0,0,0,0,0,0,0,0,0,1,0,0,0,0,0,0,0,0,0,0,0,0,0,0,0,0,5,0,0,0,0,0,0,0,0,0,0,0,0,0,0,0,0,0,0,0,0,0,0,0,0,0,0,0,0,0,0,0,0,0,0,0,0,0,0,0,0,0,0,0,0,0,0,0,0,0,0,0,0,0,0,0,0,0,0,0,0,0,0,0,0,0,0,0,0,0,0,0,0,0,0,0,0,0,0,0,0,0,0,0,0,0,0,0,0,0,0,0,0,0,0,0,0,0,0,0,0,0
IT,9,0,11,92,187,2,146,0,57,267,181,14,213,6,25,530,55,13,311,54,366,927,202,49,27,2,92,105,38,3,1290,3,103,76,2,7,7,1,19,22,285,46,32,5,13,38,1,55,14,17,34,8,110,42,0,6,28,1789,24,0,8,1,4,0,0,33,4,4,1,11,8,5,0,4,0,0,1,4,10,5,31,5,7,1,3,1,0,10,1,2,7,1,0,2,1,0,0,4,0,0,3,2,0,3,1,0,0,0,6,1,1,0,0,0,0,0,0,0,1,3,0,0,0,0,0,1,0,0,0,0,0,0,2,2,0,0,1,0,0,0,0,0,0,0,1,1,0,0,0,0,0,1,0,0,0,0,0,0,0
JO,1,0,0,0,3,0,0,0,1,3,1,1,4,0,0,0,0,0,3,0,2,22,3,1,0,0,0,1,1,0,3,15,0,2,0,0,0,0,0,0,2,1,3,0,0,2,0,1,0,0,0,2,1,1,0,0,0,25,1,0,0,0,0,0,0,1,0,0,0,0,0,0,0,0,0,0,0,0,0,0,0,0,0,0,0,0,1,0,0,0,0,0,0,0,0,0,0,0,0,0,1,0,0,0,0,0,0,0,0,0,0,1,0,0,0,0,0,0,0,0,0,0,0,0,0,0,0,0,0,0,0,0,0,0,0,0,0,0,0,0,0,0,0,0,0,0,0,0,0,0,0,0,0,0,0,0,0,0,0
JP,2,0,1,13,32,3,16,0,8,42,27,2,92,4,9,78,5,2,27,22,24,135,4,11,4,4,15,15,17,0,35,1,97,10,0,1,0,0,1,5,43,9,13,0,4,8,0,3,2,1,2,4,9,8,0,3,15,361,4,0,1,0,2,1,1,0,0,2,0,1,5,0,0,1,1,0,1,1,0,0,5,0,2,0,0,1,0,0,0,0,1,0,0,0,0,0,0,1,0,0,2,0,0,0,0,0,1,0,0,0,2,0,0,0,0,0,0,0,0,0,1,0,0,0,0,0,0,0,0,1,0,0,0,0,0,0,0,0,0,0,0,1,0,0,0,0,0,0,0,0,0,0,0,0,0,0,0,0,0
KE,0,0,0,0,0,3,0,0,0,1,0,0,1,0,0,0,0,0,0,1,0,3,0,1,0,0,0,0,1,0,1,0,0,1,0,0,0,0,0,1,0,1,0,0,1,0,0,0,0,0,0,0,1,0,0,0,1,11,0,0,0,1,0,0,0,0,0,0,0,0,0,0,0,0,0,0,0,0,0,0,0,0,0,0,0,0,0,0,0,0,0,0,0,0,0,1,0,0,0,0,0,0,0,0,0,0,1,0,0,0,0,0,0,0,0,0,0,0,0,0,0,0,0,0,0,0,0,0,0,0,0,0,0,0,0,0,0,0,0,0,0,0,0,0,1,0,0,0,0,0,0,0,0,0,0,0,0,0,0
KR,2,0,2,15,46,0,11,0,9,57,17,3,82,0,4,97,12,2,48,16,32,133,18,15,3,5,14,13,12,0,54,2,28,92,1,2,0,0,3,8,38,12,7,1,1,8,0,14,2,1,4,5,9,20,0,1,8,334,5,0,0,0,0,0,0,0,1,0,0,0,26,1,0,1,0,0,0,2,1,0,7,1,0,0,1,0,1,0,0,0,1,0,0,4,0,0,0,4,0,1,0,0,0,0,0,0,0,0,0,0,0,0,0,1,0,0,0,0,0,0,0,0,0,0,0,0,0,0,0,0,0,0,0,0,0,0,0,0,0,0,0,0,0,0,0,0,0,0,0,0,0,0,0,0,0,0,0,0,0
KW,0,0,0,0,1,0,1,0,0,0,0,0,1,1,1,0,0,0,2,0,0,2,0,0,1,0,0,0,1,0,3,0,0,1,0,0,0,0,0,0,1,0,0,0,0,0,0,0,1,0,0,0,0,0,0,0,0,14,0,0,0,0,0,0,0,0,0,0,0,0,0,0,0,0,0,0,0,0,0,0,0,0,0,0,0,0,0,0,0,0,0,0,0,0,0,0,0,0,0,0,0,0,0,0,0,0,0,0,0,0,0,0,0,0,0,0,0,0,0,0,0,0,0,0,0,0,0,0,0,0,0,0,0,0,0,0,0,0,0,0,0,0,0,0,0,0,0,0,0,0,0,0,0,0,0,0,0,0,0
KZ,0,0,0,3,4,1,3,0,0,7,1,2,5,1,1,4,1,2,1,1,2,21,3,2,1,6,2,3,4,0,1,0,2,1,0,0,1,1,0,1,6,2,0,0,1,1,0,1,2,0,1,4,1,0,1,0,0,28,0,0,0,0,0,0,0,0,0,0,0,0,0,0,0,0,0,0,0,0,0,0,0,3,0,0,0,1,0,0,0,0,0,0,0,0,1,0,0,0,0,0,0,0,0,0,0,0,0,0,0,0,0,0,0,0,0,0,0,0,2,0,0,0,0,0,0,3,1,0,0,1,1,0,0,0,0,0,0,0,0,0,0,0,0,0,0,0,0,0,0,0,0,0,0,0,0,0,0,0,0
LB,0,0,1,0,3,0,1,0,0,12,2,1,5,0,0,3,0,0,5,0,6,10,4,2,0,0,1,0,0,0,17,0,1,1,0,0,0,1,0,0,3,1,0,0,1,2,0,1,0,1,1,0,2,2,0,1,0,7,1,0,1,0,0,0,0,1,0,0,0,0,0,0,0,0,0,0,0,1,1,0,1,0,1,0,0,0,0,0,0,0,0,0,0,0,0,0,0,0,0,0,0,0,0,0,0,0,0,0,0,0,1,0,0,0,0,0,0,0,0,0,0,0,0,0,0,0,0,0,0,0,0,0,0,0,0,0,0,0,0,0,0,0,0,0,0,0,0,0,0,0,0,0,0,0,0,0,0,0,0
LK,0,0,0,0,0,0,2,0,1,1,1,0,1,0,0,4,2,1,2,5,1,6,0,0,0,0,0,0,0,0,1,0,0,0,0,0,0,0,0,0,1,0,0,0,0,0,0,0,0,1,0,0,2,0,0,0,0,6,0,0,0,0,0,0,0,0,0,0,0,0,0,0,0,0,0,0,0,0,0,0,0,0,0,0,0,0,0,0,0,0,0,0,0,0,0,0,0,0,0,0,0,0,0,0,0,0,0,0,0,0,0,0,0,0,0,0,0,0,0,0,0,0,0,0,0,0,0,0,0,0,0,0,0,0,0,0,0,0,0,0,0,0,0,0,0,0,0,0,0,0,0,0,0,0,0,0,0,0,0
LT,0,0,0,0,2,0,3,0,0,3,1,0,22,0,0,6,0,0,3,1,0,11,0,2,0,1,1,2,0,0,3,0,0,0,0,1,0,0,0,0,4,2,1,0,1,0,0,0,0,0,1,0,1,1,0,0,0,30,1,0,0,1,0,0,0,0,0,0,0,0,0,0,0,0,0,0,0,0,0,0,0,0,0,0,0,0,1,0,0,0,0,0,0,0,0,0,0,0,0,0,0,2,0,0,0,0,0,0,0,0,0,0,0,0,0,0,0,0,0,0,0,0,0,0,0,0,0,0,0,0,0,0,0,0,0,0,0,0,0,0,0,0,0,0,0,0,0,0,0,0,0,0,0,0,0,0,0,0,0
LU,0,0,2,19,15,0,12,0,6,33,19,0,14,0,4,72,20,1,18,21,45,137,12,4,3,1,15,14,2,0,32,0,9,2,1,30,0,1,1,1,55,7,5,0,1,4,0,3,0,0,2,0,12,0,0,0,0,215,4,0,1,0,1,0,0,0,0,0,0,0,0,0,0,0,0,0,1,0,0,0,0,0,0,0,0,0,0,0,0,0,0,0,0,0,0,0,0,0,0,0,1,0,0,0,0,0,0,0,0,0,0,0,0,0,0,0,0,0,0,0,0,0,0,0,0,0,0,0,0,0,0,0,0,0,0,0,0,0,0,0,0,0,0,0,0,0,0,0,0,0,0,0,2,0,0,0,0,0,0
LV,0,0,0,1,2,0,0,0,0,4,2,0,1,0,1,4,3,1,2,2,5,11,2,0,0,0,0,0,0,0,0,0,1,0,0,0,0,0,1,0,4,1,0,0,0,0,0,0,0,0,0,0,2,0,0,0,0,17,1,0,0,0,0,0,0,0,0,0,1,0,0,0,0,0,0,0,1,0,0,0,1,0,0,0,0,0,0,0,0,0,0,0,0,0,0,0,0,0,0,0,0,0,0,0,0,0,0,0,0,0,0,0,0,0,0,0,0,0,0,0,0,0,0,0,0,0,0,0,0,0,0,0,0,0,0,0,0,0,0,0,0,0,0,0,0,0,0,0,0,0,0,0,0,0,0,0,0,0,0
MA,2,0,1,1,4,0,2,0,1,12,8,0,5,0,0,7,4,1,5,1,12,11,3,3,0,0,0,2,4,0,5,5,1,2,2,0,0,0,0,0,3,0,0,0,4,1,0,2,0,4,0,4,0,5,0,1,1,43,0,0,0,0,0,0,0,0,1,0,0,0,0,0,0,7,0,0,0,0,0,0,1,0,0,0,2,0,1,0,0,0,0,0,0,0,0,0,1,0,0,0,0,0,0,1,0,0,0,0,0,0,0,0,0,0,0,0,0,0,0,0,0,0,0,0,0,0,0,0,0,0,0,0,0,0,0,0,0,0,0,0,0,0,0,0,0,0,0,0,0,0,0,0,0,1,0,0,0,0,0
ME,0,0,0,1,0,0,0,0,0,3,0,0,2,0,2,4,0,0,0,0,2,4,3,0,0,0,0,1,1,0,1,0,0,2,0,0,0,0,0,0,0,1,0,0,0,0,0,0,0,0,0,0,0,0,0,0,0,11,0,0,1,0,0,0,0,0,0,0,0,0,0,0,0,0,0,0,0,0,0,0,0,0,0,0,0,0,0,0,0,0,0,0,0,0,0,0,0,0,0,0,0,0,0,0,0,1,0,0,0,0,0,0,0,0,0,0,0,0,0,0,0,0,0,0,0,0,0,0,0,0,0,0,0,0,0,0,0,0,0,0,0,0,0,0,0,0,0,0,0,0,0,0,0,0,0,0,0,0,0
MK,0,0,0,0,1,0,1,0,0,0,0,0,0,0,0,3,0,0,0,0,0,2,0,0,0,0,1,0,0,0,1,0,0,0,0,0,0,0,0,0,0,0,0,0,0,0,0,0,0,0,0,0,1,0,0,0,0,3,0,0,0,0,0,0,0,0,0,0,0,0,0,0,0,0,0,0,0,0,0,0,0,0,0,0,0,0,0,0,0,0,0,0,0,0,0,0,0,0,0,0,0,0,0,0,0,0,0,0,0,0,0,0,0,0,0,0,0,0,0,0,0,0,0,0,0,0,0,0,0,0,0,0,0,0,0,0,0,0,0,0,0,0,0,0,0,0,0,0,0,0,0,0,0,0,0,0,0,0,0
ML,0,0,0,0,0,0,2,0,0,3,3,0,3,0,1,5,0,0,0,0,7,6,0,1,0,0,0,0,0,0,1,0,1,1,0,0,0,0,0,0,1,1,0,0,0,0,0,0,0,0,1,1,0,1,0,0,2,11,0,0,0,0,0,0,0,0,0,0,0,0,0,0,0,0,0,1,0,0,0,0,0,0,0,0,0,0,0,0,0,0,0,0,0,0,0,1,0,0,0,0,0,0,0,0,0,0,0,0,0,0,0,0,0,0,0,0,0,0,0,0,0,0,0,0,0,0,0,0,0,0,0,0,0,0,0,0,0,0,0,0,0,0,0,0,0,0,0,0,0,0,0,0,0,0,0,0,0,0,0
MN,0,0,0,1,1,0,4,0,0,6,0,0,8,0,0,8,2,0,4,2,5,10,1,0,0,0,2,2,1,0,4,0,0,0,0,1,0,0,0,0,4,1,0,0,0,0,0,0,0,0,0,0,1,1,0,0,0,27,0,0,0,0,0,0,0,0,0,0,0,0,0,0,0,0,0,0,0,0,0,0,0,0,0,0,0,0,0,0,0,0,0,0,0,0,0,0,0,0,0,0,0,0,0,0,0,0,0,0,0,0,0,0,0,0,0,0,0,0,0,0,0,0,0,0,0,0,0,0,0,0,0,0,0,0,0,0,0,0,0,0,0,0,0,0,0,0,0,0,0,0,0,0,0,0,0,0,0,0,0
MO,0,0,0,3,7,0,4,0,1,8,0,0,16,0,0,4,3,1,2,1,1,25,1,3,0,0,5,1,1,0,4,0,0,1,0,0,1,1,1,1,6,4,1,0,3,1,0,1,1,0,3,1,0,0,0,0,0,30,0,0,0,0,0,0,0,0,0,0,0,0,0,0,0,0,0,0,0,0,0,0,0,0,0,0,1,0,0,0,0,0,0,0,0,0,0,0,2,0,0,0,0,0,0,0,0,0,0,0,0,0,0,0,0,0,0,0,0,0,0,0,0,0,0,0,0,0,0,0,0,0,0,0,0,0,0,0,0,0,0,0,0,0,0,0,0,0,0,0,0,0,0,0,0,0,0,0,0,0,0
MT,0,1,0,2,7,1,1,0,0,5,0,0,2,0,0,1,3,0,7,0,0,14,3,0,0,0,0,1,1,0,6,0,0,0,0,0,0,8,0,1,0,1,0,0,0,0,0,0,0,0,0,0,1,0,0,0,0,19,0,0,0,0,0,0,0,0,0,0,0,0,0,0,0,0,0,0,0,1,0,0,0,0,0,0,0,0,0,0,0,0,0,0,0,0,0,0,0,0,0,0,0,0,0,0,0,0,0,0,0,0,0,0,0,0,0,0,0,0,0,0,0,0,0,0,0,0,0,0,0,0,0,0,0,0,0,0,0,0,0,0,0,0,0,0,0,0,0,0,0,0,0,0,0,0,0,0,0,0,0
MU,0,0,0,0,0,0,0,0,0,0,0,0,0,0,0,1,0,0,0,0,0,3,0,0,0,0,0,0,0,0,0,0,0,0,0,0,0,0,0,0,0,1,0,0,0,0,0,0,0,0,0,0,0,0,0,0,0,1,0,0,0,0,0,0,0,0,0,0,0,0,0,0,0,0,0,0,0,0,0,0,0,0,0,0,0,0,0,0,0,0,0,0,0,0,0,0,0,0,0,0,0,0,0,0,0,0,0,0,0,0,0,0,0,0,0,0,0,0,0,0,0,0,0,0,0,0,0,0,0,0,0,0,0,0,0,0,0,0,0,0,0,0,0,0,0,0,0,0,0,0,0,0,0,0,0,0,0,0,0
MX,0,0,2,8,7,0,10,0,5,20,18,1,17,2,1,40,6,0,16,7,19,67,5,1,1,3,4,3,1,0,18,0,7,1,0,1,0,0,18,1,16,3,3,0,0,1,0,4,0,1,0,1,10,5,0,0,0,154,3,2,0,1,0,0,0,0,0,0,0,0,0,0,0,0,0,0,0,1,2,0,2,0,0,0,0,0,0,1,0,0,0,0,0,0,0,0,0,0,2,0,1,0,0,0,0,0,0,0,0,0,0,0,0,0,0,0,0,0,0,0,0,0,0,0,0,0,0,0,0,0,0,0,0,0,0,0,0,0,0,0,0,0,0,0,0,0,0,0,2,0,0,0,0,0,0,0,0,0,0
MY,0,0,0,17,30,2,6,0,4,19,8,2,100,1,4,30,5,4,16,7,24,77,23,13,1,5,11,7,6,0,43,1,12,10,2,1,2,1,2,31,18,6,7,2,5,4,0,8,1,3,5,8,5,10,0,0,10,164,0,0,2,0,0,0,1,0,3,1,1,2,34,2,0,1,0,0,0,0,1,0,9,0,1,0,1,0,0,1,0,0,6,0,0,0,1,0,2,1,0,0,0,1,0,0,0,0,0,0,1,0,0,0,0,0,0,0,0,0,0,0,0,0,0,0,0,0,1,0,0,0,0,0,0,1,0,0,0,0,0,0,0,0,0,0,1,0,0,0,0,0,0,0,0,0,0,0,0,0,0
NA,0,0,0,0,0,0,0,0,0,0,0,0,0,0,0,1,0,0,0,0,0,0,1,0,0,0,0,0,0,0,0,0,0,0,0,0,0,0,0,0,0,0,0,0,0,0,0,1,0,0,0,0,0,0,0,0,0,0,0,0,0,0,0,0,0,0,0,0,0,0,0,0,0,0,0,0,0,0,0,0,0,0,0,0,0,0,0,0,0,0,0,0,0,0,0,0,0,0,0,0,0,0,0,0,0,0,0,0,0,0,0,0,0,0,0,0,0,0,0,0,0,0,0,0,0,0,0,0,0,0,0,0,0,0,0,0,0,0,0,0,0,0,0,0,0,0,0,0,0,0,0,0,0,0,0,0,0,0,0
NG,0,0,0,0,2,0,0,0,0,8,0,0,0,0,0,7,1,0,1,0,3,17,1,1,0,0,2,1,1,0,3,0,0,0,0,0,0,1,0,0,5,1,0,0,0,2,0,0,1,1,1,0,0,0,0,0,0,48,3,0,0,0,0,0,0,0,0,0,0,0,0,0,0,0,0,0,0,0,0,0,0,1,0,0,0,0,0,3,0,0,0,0,0,0,0,0,10,0,0,0,0,0,0,0,0,0,0,0,0,0,0,0,0,0,0,0,0,0,0,0,0,0,0,0,0,0,0,0,0,0,0,0,0,0,0,0,0,0,0,0,0,0,0,0,0,0,0,0,0,0,0,0,0,0,0,0,0,0,0
NL,4,0,5,56,125,0,94,2,35,179,111,5,98,1,23,326,61,2,119,61,167,614,52,20,8,6,56,35,18,1,148,3,46,26,0,17,1,3,10,9,501,32,13,1,3,18,0,16,2,2,16,5,69,24,0,3,12,1182,15,0,3,0,1,1,0,3,2,4,0,3,2,3,2,3,0,0,2,3,5,3,18,3,7,0,0,1,0,2,0,0,0,0,0,0,0,0,2,2,0,1,4,0,0,1,1,1,0,1,2,0,0,1,0,0,0,0,0,0,0,0,0,0,0,0,0,0,0,0,0,0,0,0,1,0,0,0,0,0,0,0,1,0,0,0,0,0,0,0,0,0,0,0,0,1,0,0,0,0,0
NO,0,0,0,12,16,0,5,0,4,22,18,1,20,0,6,30,5,0,15,5,18,79,11,2,2,1,7,9,1,1,22,0,7,2,0,0,0,0,2,1,15,28,3,0,0,2,0,7,0,1,3,0,5,1,0,0,1,153,5,0,0,0,0,0,0,1,0,0,0,0,0,0,0,0,0,0,2,1,1,1,1,0,0,0,0,0,0,1,0,0,0,0,0,0,0,0,1,0,0,0,0,0,0,1,0,0,0,0,0,0,0,0,0,0,0,0,0,0,0,0,0,0,0,0,0,0,0,0,0,0,0,0,0,0,0,0,0,0,0,0,0,0,0,0,0,0,0,0,0,0,0,0,0,0,0,0,0,0,0
NP,0,0,0,0,0,0,1,0,0,0,0,0,0,0,0,5,0,0,0,0,0,0,0,0,0,0,0,0,0,0,0,0,0,0,0,0,0,0,0,0,0,0,0,0,0,0,0,0,0,0,0,0,0,0,0,0,0,2,0,0,0,0,0,0,0,0,0,0,0,0,0,0,0,0,0,0,0,0,0,0,0,0,0,0,0,0,0,0,0,0,0,0,0,0,0,0,0,0,0,0,0,0,0,0,0,0,0,0,0,0,0,0,0,0,0,0,0,0,0,0,0,0,0,0,0,0,0,0,0,0,0,0,0,0,0,0,0,0,0,0,0,0,0,0,0,0,0,0,0,0,0,0,0,0,0,0,0,0,0
NZ,0,0,0,1,14,0,1,1,0,13,6,1,2,0,0,17,3,0,3,3,8,42,7,3,0,0,2,1,0,0,12,0,2,1,0,1,0,0,2,1,11,1,19,0,1,0,0,5,0,0,0,1,2,1,0,0,1,66,0,0,0,0,0,0,0,2,0,0,0,0,0,0,0,0,0,0,0,0,2,0,2,0,0,0,0,0,0,0,0,0,0,0,0,0,0,0,0,1,0,0,0,0,0,0,0,0,1,0,0,0,0,0,0,0,0,0,0,0,0,0,0,0,0,0,0,0,0,0,0,0,0,0,0,0,0,0,0,0,0,0,0,0,0,0,0,0,0,0,0,0,0,0,0,0,0,0,0,0,0
OM,1,0,0,0,0,0,0,0,0,0,0,0,0,0,0,0,0,0,0,0,0,1,0,0,0,0,0,0,0,0,0,0,0,0,0,0,0,0,0,0,1,0,0,0,0,0,0,0,0,0,0,0,0,0,0,0,0,3,0,0,0,0,0,0,0,0,0,0,0,0,0,0,0,1,0,0,0,0,0,0,0,0,0,0,0,0,0,0,0,0,0,0,0,0,0,0,0,0,0,0,0,0,0,0,0,0,0,0,0,0,0,0,0,0,0,0,0,0,0,0,0,0,0,0,0,0,0,0,0,0,0,0,0,0,0,0,0,0,0,0,0,0,0,0,0,0,0,0,0,0,0,0,0,0,0,0,0,0,0
PE,0,0,0,2,3,0,0,0,1,3,2,0,9,0,0,9,0,0,1,0,3,5,10,0,0,0,0,7,1,0,3,0,2,0,0,0,0,0,0,0,1,1,0,0,0,0,0,0,0,0,0,0,0,0,0,0,0,20,0,0,0,0,0,0,0,0,0,0,0,0,0,0,0,0,0,0,0,1,0,0,1,0,0,0,0,0,0,0,0,0,0,0,0,0,0,0,0,0,0,0,0,0,0,0,0,0,0,0,0,0,0,0,0,0,0,0,0,0,0,0,0,0,0,0,0,0,0,0,0,0,0,0,0,0,0,0,0,0,0,0,0,0,0,0,0,0,0,0,0,0,0,0,0,0,0,0,0,0,0
PH,0,0,0,0,2,0,1,0,0,3,0,0,1,0,0,3,2,1,1,0,8,3,1,0,0,1,0,3,1,0,1,0,1,1,0,0,0,0,0,0,2,0,1,2,0,0,0,0,0,0,0,0,0,0,0,0,1,20,0,0,0,0,0,0,0,0,2,0,0,0,0,0,0,0,0,0,0,0,1,0,0,0,0,0,0,0,0,0,0,0,0,0,0,0,0,0,0,0,0,0,0,0,0,0,0,0,0,0,0,0,0,0,0,0,0,0,0,0,0,0,0,0,0,0,0,0,0,0,0,0,0,0,0,0,0,0,0,0,0,0,0,0,0,0,0,0,0,0,0,0,0,0,0,0,0,0,0,0,0
PK,1,1,1,3,10,2,0,0,3,4,7,0,12,0,2,15,3,0,7,2,5,25,1,2,0,2,5,0,3,0,9,0,6,2,0,0,1,0,0,0,3,1,0,1,13,2,0,4,1,0,0,2,1,0,0,0,0,44,3,1,1,0,0,0,0,0,2,0,1,0,1,0,0,0,0,0,0,0,0,0,1,0,0,0,0,0,0,0,0,0,1,0,0,0,0,0,0,2,0,0,1,0,0,0,0,0,0,0,0,0,0,0,0,0,0,0,0,0,0,1,0,0,0,0,0,0,0,0,0,0,0,0,0,0,0,0,0,0,0,0,0,1,0,0,1,0,0,0,0,0,0,0,0,0,0,0,0,0,0
PL,3,0,1,8,34,3,31,0,6,35,15,1,32,0,6,77,6,2,16,8,30,107,12,7,3,1,4,17,9,0,49,0,8,4,0,1,1,0,4,4,38,7,5,0,2,77,0,4,1,1,1,0,12,1,0,0,2,233,0,0,3,0,2,0,0,2,0,0,0,1,1,1,0,0,0,0,0,0,1,0,3,1,1,0,0,1,1,0,0,0,0,0,0,0,0,0,0,0,0,0,0,0,0,0,0,0,0,0,0,0,0,0,0,0,0,0,0,0,0,0,0,0,0,1,0,0,0,0,0,0,0,0,0,0,0,0,0,0,0,0,0,0,0,0,0,0,0,0,0,0,0,0,0,0,0,0,0,0,0
PR,0,0,0,0,1,0,1,0,0,0,0,0,0,0,0,1,0,0,0,0,11,3,0,0,0,0,0,0,0,0,0,0,0,1,0,0,0,0,1,0,0,1,0,0,0,0,0,0,0,0,0,0,0,0,0,0,0,14,0,0,0,0,0,0,0,0,0,0,0,0,0,0,0,0,0,0,0,0,0,0,0,0,0,0,0,0,0,0,0,0,0,0,0,0,0,0,0,0,0,0,0,0,0,0,0,0,0,0,0,0,0,0,0,0,0,0,0,0,0,0,0,0,0,0,0,0,0,0,0,0,0,0,0,0,0,0,0,0,0,0,0,0,0,0,0,0,0,0,0,0,0,0,0,0,0,0,0,0,0
PS,0,0,0,0,0,0,0,0,0,1,1,0,1,0,0,0,0,0,2,2,1,4,5,0,0,0,1,1,0,0,6,0,0,2,0,0,1,0,0,1,4,0,0,0,0,0,0,1,0,0,4,1,0,0,0,0,2,8,1,0,0,0,0,0,0,0,0,0,0,0,0,0,0,0,0,0,0,0,0,0,0,0,0,0,0,0,0,0,0,0,1,0,0,0,0,0,0,1,0,0,0,0,0,0,0,0,0,0,0,0,0,0,0,0,0,0,0,0,0,0,0,0,0,0,0,0,0,0,0,0,0,0,0,0,0,0,0,0,0,0,0,0,0,0,0,0,0,0,0,0,0,0,0,0,0,0,0,0,0
PT,0,0,0,3,14,1,14,0,11,16,14,4,14,0,3,40,5,0,32,7,28,98,18,2,3,0,7,7,3,0,39,0,5,2,1,0,0,0,3,1,16,4,9,0,1,1,0,61,0,2,2,3,13,2,0,0,2,136,3,0,1,0,0,0,2,2,0,1,1,1,2,0,0,2,0,0,0,0,2,1,4,1,2,0,0,1,0,0,0,0,0,0,0,0,0,0,0,0,0,0,0,0,0,0,0,0,0,0,0,0,0,0,0,0,0,0,0,0,0,0,0,0,0,0,0,0,0,0,0,0,0,0,0,1,0,0,0,0,0,0,0,0,0,0,0,0,0,0,0,0,0,0,0,0,0,0,0,0,0
QA,1,0,0,1,12,0,7,0,2,8,4,0,6,0,0,10,1,3,8,0,5,18,5,1,0,2,2,6,4,0,11,0,2,2,2,0,1,0,4,4,10,1,2,0,0,0,0,0,12,0,0,3,0,2,0,0,1,62,0,0,0,0,0,0,0,0,0,0,0,0,2,0,0,0,0,0,0,0,0,0,4,0,0,0,0,0,0,0,0,0,0,0,0,0,1,0,0,0,0,0,0,0,0,0,0,0,0,0,0,0,0,0,0,0,0,0,0,0,0,0,0,0,0,0,0,0,0,0,0,0,0,0,0,1,0,0,0,0,0,0,0,0,0,0,0,0,0,0,0,0,0,0,0,0,0,0,0,0,0
RE,0,0,0,0,3,0,1,0,0,1,0,0,0,0,0,2,0,0,0,0,3,8,0,0,0,0,0,1,0,0,2,0,0,0,0,0,0,0,0,0,4,0,0,0,0,0,0,0,0,0,0,0,1,0,0,0,0,44,0,0,0,0,0,0,0,0,0,0,0,0,0,0,0,0,0,0,0,0,0,0,1,0,0,0,0,0,0,0,0,0,0,0,0,0,0,0,0,0,0,0,1,0,0,0,0,0,0,0,0,0,0,0,0,0,0,0,0,0,0,0,0,0,0,0,0,0,0,0,0,0,0,0,0,0,0,0,0,0,0,0,0,0,0,0,0,0,0,0,0,0,0,0,0,0,0,0,0,0,0
RO,0,0,1,3,9,0,6,0,2,3,6,1,6,0,8,19,4,0,11,2,9,32,11,0,0,0,1,1,1,0,17,0,1,4,0,1,0,1,3,3,13,2,0,0,0,2,0,10,0,29,4,0,7,1,0,0,1,54,1,0,3,0,1,0,0,2,0,0,0,0,0,0,0,1,0,0,0,0,4,1,1,1,0,0,0,1,0,0,0,0,0,0,0,0,0,0,0,1,0,0,0,0,0,1,0,0,1,0,0,0,0,0,0,0,0,0,0,0,0,0,0,0,0,0,0,0,0,0,0,0,0,0,0,0,0,0,0,0,0,0,0,0,0,0,0,0,0,0,0,0,0,0,0,0,0,0,0,0,0
RS,0,0,0,2,8,0,4,0,2,12,6,0,11,0,5,32,4,1,21,1,23,35,2,1,0,1,12,2,3,0,19,0,3,0,0,1,0,0,2,0,12,4,2,1,1,8,0,1,0,3,6,0,2,4,0,1,1,69,1,0,1,0,0,0,0,0,0,0,0,4,2,0,0,0,0,0,0,0,3,0,2,1,0,0,0,0,0,67,0,0,0,0,0,0,0,0,1,0,0,0,0,0,0,0,0,1,0,0,0,0,0,0,0,0,0,0,0,0,0,0,0,0,0,0,0,1,0,0,0,0,0,0,0,0,0,0,0,0,0,0,0,0,0,0,0,0,0,0,0,0,0,0,0,0,1,0,0,0,0
RU,2,0,0,8,20,0,10,0,10,30,10,2,24,1,9,58,15,1,24,14,22,111,3,2,1,3,9,13,7,1,18,1,7,5,0,1,0,1,3,4,33,6,3,1,1,8,0,6,4,6,42,0,15,3,0,0,2,203,3,0,2,0,0,0,0,1,0,0,0,2,31,1,3,0,0,0,0,0,3,3,6,3,2,0,0,0,0,10,0,2,1,0,0,0,1,0,0,1,0,0,1,0,0,0,0,0,0,0,0,0,0,0,0,0,0,0,0,0,0,0,0,0,0,0,0,0,0,0,0,0,0,0,1,0,0,0,0,0,0,0,0,0,0,0,0,0,0,0,0,0,0,0,0,0,0,0,0,0,0
RW,0,0,0,0,1,0,1,0,0,2,0,0,37,0,0,2,0,0,3,0,0,5,3,0,0,0,0,0,2,0,1,0,2,0,0,0,0,0,0,0,1,0,1,0,0,1,0,0,0,0,0,0,0,0,0,0,1,9,0,0,0,0,0,0,0,1,0,0,0,0,0,0,0,1,0,0,0,0,0,0,0,0,0,0,0,0,0,0,0,0,0,0,0,0,0,0,0,1,0,0,0,0,0,0,0,0,0,0,0,0,0,0,0,0,0,0,0,0,0,0,0,0,0,0,0,0,0,0,0,0,0,0,0,0,0,0,0,0,0,0,0,0,0,0,0,0,0,0,0,0,0,0,0,0,0,0,0,0,0
SA,1,0,2,1,5,0,1,0,4,13,6,1,11,0,2,26,7,3,8,0,9,35,5,2,0,2,3,10,6,0,32,1,9,3,1,0,0,0,1,0,4,2,2,0,1,2,0,2,2,0,6,7,4,1,0,0,1,92,1,0,0,0,0,1,0,0,0,0,0,0,1,0,0,0,0,0,0,0,0,2,3,0,2,0,0,1,2,1,0,0,1,0,1,0,0,1,0,0,0,0,0,0,0,0,0,1,0,0,1,0,0,0,0,0,0,0,0,0,0,0,0,0,0,0,0,0,0,0,0,0,0,0,0,0,1,1,0,0,0,0,0,0,0,0,0,0,0,0,0,0,0,0,0,0,0,0,0,0,0
SE,0,0,0,19,28,0,11,0,6,40,18,0,13,0,8,60,16,1,25,42,26,174,23,2,1,0,19,11,5,1,34,0,15,4,0,1,0,0,4,0,42,15,5,1,1,3,0,1,0,0,7,0,74,1,0,1,1,264,2,0,0,0,0,0,0,0,0,0,0,1,0,0,0,0,0,0,1,0,3,2,10,0,1,0,0,0,0,0,0,0,0,0,0,0,1,0,1,0,0,0,1,0,0,0,0,0,0,0,0,0,0,0,0,0,0,0,0,0,0,0,0,0,0,0,0,0,0,0,0,0,0,0,0,0,0,0,0,0,0,0,0,0,0,0,0,0,0,0,0,0,0,0,0,0,0,0,0,0,0
SG,0,0,0,7,10,0,1,0,1,14,2,1,11,0,2,23,4,0,5,3,9,42,5,0,0,1,0,4,0,0,9,0,2,3,0,0,0,0,2,2,8,0,0,1,0,0,0,0,0,0,0,0,3,17,0,0,2,108,0,0,0,0,1,0,0,1,0,0,0,0,2,0,0,0,0,0,0,0,0,2,1,0,0,0,0,0,0,0,0,0,0,0,0,0,0,0,0,0,0,0,0,0,0,0,0,0,0,0,0,0,0,0,0,0,0,0,0,0,0,0,0,0,0,0,0,0,0,0,0,0,0,0,0,0,0,0,0,0,0,0,0,0,0,0,0,0,0,0,0,0,0,0,0,0,0,1,0,0,0
SI,4,0,1,2,9,2,5,0,6,12,6,2,9,0,10,18,6,2,9,6,8,33,6,0,6,1,4,2,2,2,14,0,3,1,0,0,0,2,0,4,25,3,0,0,0,2,0,10,1,1,0,1,8,1,0,0,2,57,0,0,0,0,0,0,0,0,0,0,0,0,3,2,2,0,0,0,0,2,8,1,2,0,2,0,0,0,0,0,0,0,0,0,0,0,0,0,0,0,0,0,0,1,0,0,0,0,0,0,0,0,0,0,0,0,0,0,0,0,0,0,0,0,0,0,0,0,0,0,0,0,0,0,1,0,0,0,0,0,0,0,1,0,0,0,0,0,0,0,0,0,0,0,0,0,0,0,0,0,0
SK,0,0,1,5,0,0,2,0,1,2,8,0,13,0,10,8,0,0,9,1,1,9,7,0,1,0,0,2,1,0,9,0,0,1,0,0,0,0,0,0,3,0,1,0,0,1,0,2,0,1,0,0,2,0,0,0,2,21,0,0,0,0,0,0,0,0,0,0,0,1,1,0,0,0,0,0,0,0,2,1,1,0,0,0,0,0,0,0,0,0,0,0,0,0,0,0,0,1,0,0,0,0,0,0,0,0,0,0,0,0,0,0,0,0,0,0,0,0,0,0,0,0,0,0,0,0,0,0,0,0,0,0,0,0,0,0,0,0,0,0,0,0,0,0,0,0,0,0,0,0,0,0,0,0,0,0,0,0,0
SM,0,0,0,2,0,0,1,0,0,1,0,0,0,0,0,0,2,0,0,1,0,4,1,0,0,0,1,0,0,0,8,0,0,0,0,0,0,0,0,0,2,0,1,0,0,0,0,0,0,0,0,0,0,0,0,0,0,3,0,0,0,0,0,0,0,1,0,0,0,0,0,0,0,0,0,0,0,0,0,0,0,0,0,0,0,0,0,0,0,0,0,0,0,0,0,0,0,0,0,0,0,0,0,0,0,0,0,0,0,0,0,0,0,0,0,0,0,0,0,0,0,0,0,0,0,0,0,0,0,0,0,0,0,0,0,0,0,0,0,0,0,0,0,0,0,0,0,0,0,0,0,0,0,0,0,0,0,0,0
SO,0,0,0,0,0,0,1,0,0,0,0,0,0,0,0,0,0,0,3,0,0,2,0,0,0,0,0,0,0,0,3,0,0,0,0,0,0,0,0,0,0,0,0,0,0,0,0,0,0,0,0,0,0,0,0,0,0,4,1,0,0,1,0,0,0,0,0,0,0,0,0,0,0,0,0,0,0,0,0,0,0,0,0,0,0,0,0,0,0,0,0,0,0,0,0,0,0,0,0,0,0,2,0,0,0,0,0,0,0,0,0,0,0,0,0,0,0,0,0,0,0,0,0,0,0,0,0,0,0,0,0,0,0,0,0,0,0,0,0,0,0,0,0,0,0,0,0,0,0,0,0,0,0,0,0,0,0,0,0
SS,0,0,0,0,0,0,0,0,0,0,0,0,0,0,0,0,0,0,1,0,0,4,0,0,0,0,0,0,0,0,0,0,0,0,0,0,0,0,0,0,0,0,0,0,0,0,0,0,0,0,0,0,0,0,0,0,0,2,0,0,0,0,0,0,0,0,0,0,0,0,0,0,0,0,0,0,0,0,0,0,0,0,0,0,0,0,0,0,0,0,0,0,0,0,0,0,0,0,0,0,1,0,0,0,0,0,0,0,0,0,0,0,0,0,0,0,0,0,0,0,0,0,0,0,0,0,0,0,0,0,0,0,0,0,0,0,0,0,0,0,0,0,0,0,0,0,0,0,0,0,0,0,0,0,0,0,0,0,0
TH,1,0,0,0,13,1,3,0,3,11,5,2,26,1,2,15,5,0,8,2,11,56,6,6,0,3,4,6,3,0,16,0,6,4,1,0,2,0,0,1,13,3,5,0,0,0,0,2,1,3,0,1,3,3,0,0,7,90,2,0,0,0,1,0,0,3,0,0,2,1,2,0,0,0,0,0,0,0,0,0,1,0,0,0,0,0,0,1,0,0,0,0,0,0,0,0,0,4,0,0,0,0,0,1,0,0,0,0,0,0,0,0,0,0,0,0,0,0,0,0,0,0,0,0,0,0,0,0,0,0,0,0,0,0,0,0,0,0,0,0,0,0,0,0,1,0,0,0,0,0,0,0,0,0,0,0,0,0,0
TN,2,0,1,0,4,0,1,2,0,5,6,1,2,0,2,5,0,1,2,1,21,7,0,0,1,0,0,0,0,0,7,1,3,0,0,0,0,0,0,2,4,0,0,1,0,1,0,0,1,0,0,5,0,1,0,11,0,26,0,0,0,0,0,0,0,0,0,0,0,0,0,0,0,0,0,0,0,0,0,0,0,0,0,0,0,0,0,0,0,0,0,0,0,0,0,0,0,0,0,0,0,0,0,0,0,0,0,1,0,0,0,0,0,0,0,0,0,0,0,0,0,0,0,0,0,0,0,0,0,0,0,0,0,0,0,0,0,0,0,0,0,0,0,0,0,0,0,0,0,0,0,0,0,0,0,0,0,0,0
TR,2,0,2,12,16,0,17,0,6,24,24,1,32,1,1,52,10,5,33,4,19,100,22,6,2,1,9,11,7,0,101,2,5,10,2,2,0,2,5,6,25,6,5,0,4,12,1,16,6,2,1,4,6,4,0,0,4,199,5,0,0,0,1,0,0,5,0,0,0,3,9,2,0,4,0,0,0,1,2,2,121,1,0,0,0,0,0,1,0,0,1,0,0,0,2,1,0,2,0,0,0,0,0,0,0,0,0,0,0,0,0,0,0,0,0,0,0,0,0,2,0,0,0,0,0,0,0,0,0,0,0,0,0,0,0,0,0,0,0,0,0,0,0,0,0,0,0,0,0,0,0,0,0,0,0,0,1,0,0
TW,4,0,0,15,30,0,10,0,2,26,10,4,73,1,6,46,6,1,29,7,28,119,18,16,2,3,14,9,4,0,38,0,15,9,0,1,3,0,1,10,26,8,15,1,3,2,0,10,1,5,7,5,5,5,0,0,106,245,6,0,0,0,0,0,0,1,0,0,1,1,73,0,0,0,0,0,0,0,0,0,15,2,0,1,2,0,0,1,0,0,12,0,0,0,1,0,0,1,0,0,0,0,0,0,0,0,0,0,0,0,0,0,0,0,0,0,0,0,0,1,0,0,0,0,0,0,2,1,0,0,0,0,0,0,0,0,0,0,0,0,0,0,0,0,0,0,0,0,0,0,0,0,0,0,0,0,0,0,0
TZ,0,0,0,0,0,0,0,0,0,1,0,0,0,0,0,0,0,0,1,0,0,2,0,0,1,0,0,0,1,0,0,1,1,1,0,0,0,0,0,0,0,1,0,0,0,0,0,0,0,0,0,0,1,0,0,0,0,5,0,0,0,0,0,0,0,0,0,0,0,0,0,0,0,0,0,0,0,0,0,0,0,0,0,0,0,0,0,0,0,0,0,0,0,0,0,0,0,0,0,0,0,0,0,0,0,0,0,1,0,0,0,0,0,0,0,0,0,0,0,0,0,0,0,0,0,0,0,0,0,0,0,0,0,0,0,0,0,0,0,0,0,0,0,0,1,0,0,0,0,0,0,0,0,0,0,0,0,0,0
UA,0,0,0,4,10,1,1,1,1,8,1,0,13,0,0,8,0,3,1,2,6,17,3,2,0,1,1,5,2,0,4,0,0,3,0,0,0,0,0,1,3,2,0,0,1,0,0,2,0,0,1,1,5,3,0,0,2,41,0,0,0,1,0,0,0,0,0,0,0,0,1,0,0,1,0,0,0,0,1,0,2,9,2,0,0,0,0,0,0,0,1,0,0,0,0,0,0,0,0,0,0,0,0,0,0,0,1,0,0,0,0,0,0,0,0,0,0,0,0,0,0,0,0,0,0,0,1,0,0,0,0,0,0,0,0,0,0,0,0,0,0,0,0,0,0,0,0,0,0,0,0,0,0,0,0,0,0,0,0
US,17,0,7,108,404,6,152,1,54,547,189,21,328,6,41,713,73,14,181,108,408,1529,140,59,28,10,116,139,84,9,381,12,125,69,1,10,4,2,33,18,369,68,55,5,18,54,0,33,4,11,45,13,108,56,1,3,53,5134,50,0,9,7,1,0,1,20,3,2,22,3,18,1,1,3,0,1,0,16,13,7,41,2,3,2,1,3,3,3,2,0,5,0,0,0,0,1,5,11,2,0,10,2,0,6,0,0,6,2,1,1,0,0,1,1,0,0,0,0,1,2,0,0,0,0,1,0,1,0,0,0,0,0,0,0,0,0,1,1,0,0,0,1,0,2,0,0,0,0,1,0,0,0,0,0,0,0,1,1,1
UZ,0,0,0,0,1,0,0,0,0,0,0,0,0,0,1,0,0,0,0,0,0,1,0,0,0,0,0,0,0,0,0,0,0,0,0,0,0,0,0,0,0,0,0,0,0,0,0,0,0,0,0,0,0,0,0,0,0,3,0,0,0,0,0,0,0,0,0,0,0,0,0,0,0,0,0,0,0,0,0,0,0,0,0,0,0,0,0,0,0,0,0,0,0,0,0,0,0,0,0,0,0,0,0,0,0,0,0,0,0,0,0,0,0,0,0,0,0,0,0,0,0,0,0,0,0,0,0,0,0,0,0,0,0,0,0,0,0,0,0,0,0,0,0,0,0,0,0,0,0,0,0,0,0,0,0,0,0,0,0
VE,0,0,0,0,0,0,0,0,0,0,0,0,0,0,0,0,0,0,0,0,0,0,0,0,0,0,0,0,0,0,0,0,0,0,0,0,0,0,0,1,1,0,0,0,0,0,0,0,0,0,0,0,0,0,0,0,0,0,0,0,0,0,0,0,0,0,0,0,0,0,0,0,0,0,0,0,0,0,0,0,0,0,0,0,0,0,0,0,0,0,0,0,0,0,0,0,0,0,0,0,0,1,0,0,0,0,0,0,0,0,0,0,0,0,0,0,0,0,0,0,0,0,0,0,0,0,0,0,0,0,0,0,0,0,0,0,0,0,0,0,0,0,0,0,0,0,0,0,0,0,0,0,0,0,0,0,0,0,0
VN,0,0,0,3,10,0,2,0,2,4,2,3,92,0,1,12,0,1,6,5,12,23,0,5,0,0,4,1,1,0,7,2,5,8,0,0,0,0,0,2,8,2,0,0,1,0,0,15,0,4,6,5,3,3,0,0,2,63,0,0,1,0,0,0,0,0,0,0,0,0,196,0,0,0,0,0,0,1,0,0,11,0,0,0,2,0,1,2,0,0,16,0,0,0,1,0,1,0,0,0,0,0,0,1,0,0,0,0,0,0,0,0,0,0,0,0,0,0,0,0,0,0,0,0,1,0,2,0,0,0,0,0,0,0,0,0,0,0,0,0,0,0,0,0,0,0,0,0,0,0,0,0,0,0,0,0,0,0,0
XK,0,0,0,1,0,0,1,0,0,0,0,0,1,0,1,1,1,0,1,2,1,11,1,0,0,0,0,0,0,0,2,0,0,0,0,0,0,0,0,0,1,0,1,0,0,0,0,0,0,0,0,0,1,0,0,0,0,8,0,0,0,0,3,0,0,1,0,0,0,1,0,0,0,0,0,0,0,0,0,0,1,0,0,0,0,0,0,0,0,0,0,0,0,0,0,0,0,0,0,0,0,0,0,0,0,0,0,0,0,0,0,0,0,0,0,0,0,0,0,0,0,0,0,0,0,1,0,0,0,0,0,0,0,0,0,0,0,0,0,0,0,0,0,0,0,0,0,0,0,0,0,0,0,0,0,0,0,0,0
ZA,0,0,0,3,4,1,1,0,3,10,8,0,17,0,4,38,2,0,18,2,15,41,21,1,2,0,5,1,0,0,47,1,7,6,0,1,0,0,0,3,9,2,3,0,1,4,0,5,0,2,2,0,5,5,0,0,4,93,5,0,1,1,0,0,0,2,0,0,0,0,2,0,0,0,0,0,0,0,0,0,2,0,0,0,0,0,0,1,0,1,0,0,0,0,0,0,0,0,0,0,0,2,0,0,0,0,0,0,0,0,0,0,0,0,0,0,0,0,0,0,0,0,0,0,0,0,0,0,0,0,0,0,0,0,0,0,0,0,0,0,0,0,0,0,0,0,0,0,0,0,0,0,0,0,0,0,0,0,0
