citing_country,AE,AF,AR,AT,AU,BD,BE,BG,BH,BI,BO,BR,CA,CH,CL,CN,CO,CY,CZ,DE,DK,DZ,EC,EE,EG,ES,FI,FR,GB,GR,HK,HR,HU,ID,IE,IL,IN,IQ,IR,IS,IT,JO,JP,KE,KR,KZ,LB,LU,LV,MA,MM,MO,MT,MX,MY,NA,NE,NG,NL,NO,NZ,PH,PK,PL,PS,PT,PY,QA,RO,RU,SA,SE,SG,SI,SK,SV,TJ,TN,TR,TW,UA,UG,US,UZ,ZA,ZM,AM,CR,CU,GH,PE,TT,UY,BA,BY,ET,GM,GN,LT,MC,MG,ML,MN,MW,NC,NP,OM,PG,RS,SL,SS,TH,VN,AG,BW,CM,DO,KG,KH,KW,LC,LK,MK,MU,RW,SN,SY,TZ,YE,ZW,AZ,GE,JM,LS,BN,HN,LI,PR,VE,AL,BJ,MV,PA,RE,SO,BB,BM,FJ,GP,MD,ME,VA,GU,FK,KY,MZ,SZ,XK,BS,NI,BF,GT,CG,CI,SM,TD,VI,PF,TG,GA,GF,GL,MR,MS,VG,SD,LY,KP,GI,MQ,CD,KN,ST,BT,DM
AE,83,1,4,17,45,2,22,3,8,2,1,4,47,43,5,63,3,1,14,99,16,2,1,1,5,37,19,59,191,9,6,1,6,8,20,29,21,2,5,1,43,2,59,1,19,1,10,2,1,15,1,1,1,7,16,1,1,2,70,15,19,1,4,9,7,11,1,43,2,7,18,20,26,1,3,1,1,12,5,10,2,1,592,2,8,1,0,0,0,0,0,0,0,0,0,0,0,0,0,0,0,0,0,0,0,0,0,0,0,0,0,0,0,0,0,0,0,0,0,0,0,0,0,0,0,0,0,0,0,0,0,0,0,0,0,0,0,0,0,0,0,0,0,0,0,0,0,0,0,0,0,0,0,0,0,0,0,0,0,0,0,0,0,0,0,0,0,0,0,0,0,0,0,0,0,0,0,0,0,0,0,0,0,0,0
AM,0,0,0,0,1,0,0,0,0,0,0,0,0,0,0,0,0,0,0,0,0,0,0,0,0,0,0,1,1,0,0,0,0,0,0,0,0,0,0,0,0,0,0,0,0,0,0,0,0,0,0,0,0,0,0,0,0,0,0,0,0,0,0,0,0,0,0,0,0,0,0,1,0,0,0,0,0,0,0,0,0,0,0,0,0,0,1,0,0,0,0,0,0,0,0,0,0,0,0,0,0,0,0,0,0,0,0,0,0,0,0,0,0,0,0,0,0,0,0,0,0,0,0,0,0,0,0,0,0,0,0,0,0,0,0,0,0,0,0,0,0,0,0,0,0,0,0,0,0,0,0,0,0,0,0,0,0,0,0,0,0,0,0,0,0,0,0,0,0,0,0,0,0,0,0,0,0,0,0,0,0,0,0,0,0
AR,2,0,82,9,11,0,8,0,0,0,1,3,27,16,9,12,3,0,4,23,3,0,0,1,1,40,3,33,82,3,1,1,0,0,6,6,3,0,0,0,19,0,4,1,2,0,0,1,0,0,0,0,0,18,1,0,0,1,20,5,4,0,0,1,1,4,0,0,0,1,1,14,3,0,0,0,0,0,0,1,0,0,213,0,5,0,0,1,1,1,7,1,3,0,0,0,0,0,0,0,0,0,0,0,0,0,0,0,0,0,0,0,0,0,0,0,0,0,0,0,0,0,0,0,0,0,0,0,0,0,0,0,0,0,0,0,0,0,0,0,0,0,0,0,0,0,0,0,0,0,0,0,0,0,0,0,0,0,0,0,0,0,0,0,0,0,0,0,0,0,0,0,0,0,0,0,0,0,0,0,0,0,0,0,0
AT,8,1,5,330,121,5,96,5,0,0,0,31,157,129,8,105,1,4,25,452,41,4,4,11,7,127,72,186,569,55,21,8,18,10,63,50,49,0,11,4,173,1,57,3,31,0,0,9,2,4,0,0,2,12,15,0,0,3,246,41,27,0,11,26,0,33,0,6,8,12,8,119,28,13,6,0,0,1,13,13,3,1,1208,0,18,0,0,0,1,3,2,0,0,2,1,4,2,1,4,1,1,2,1,1,1,2,1,1,3,1,2,7,1,0,0,0,0,0,0,0,0,0,0,0,0,0,0,0,0,0,0,0,0,0,0,0,0,0,0,0,0,0,0,0,0,0,0,0,0,0,0,0,0,0,0,0,0,0,0,0,0,0,0,0,0,0,0,0,0,0,0,0,0,0,0,0,0,0,0,0,0,0,0,0,0
AU,21,0,9,86,770,11,83,6,2,0,1,65,381,118,17,255,13,12,34,445,77,0,3,11,11,173,75,207,1132,79,75,2,16,5,96,87,68,2,39,3,247,10,114,3,49,2,3,9,5,7,0,4,3,27,31,4,0,6,322,66,97,4,20,28,0,43,0,17,11,35,27,140,66,11,5,0,0,4,27,46,0,0,2634,1,45,0,1,2,1,3,1,1,1,4,1,2,0,0,5,1,0,0,0,1,0,0,2,0,5,0,5,10,8,1,1,1,1,1,2,2,1,3,2,1,1,1,1,3,1,3,0,0,0,0,0,0,0,0,0,0,0,0,0,0,0,0,0,0,0,0,0,0,0,0,0,0,0,0,0,0,0,0,0,0,0,0,0,0,0,0,0,0,0,0,0,0,0,0,0,0,0,0,0,0,0
AZ,0,0,0,0,0,0,0,0,0,0,0,0,0,0,0,0,0,0,0,0,0,0,0,0,0,0,0,0,0,0,0,0,0,0,0,0,0,0,0,0,0,0,0,0,0,0,0,0,0,0,0,0,0,0,0,0,0,0,0,0,0,0,0,0,0,0,0,0,0,0,0,0,0,0,0,0,0,0,1,0,0,0,1,0,0,0,0,0,0,0,0,0,0,0,0,0,0,0,0,0,0,0,0,0,0,0,0,0,0,0,0,0,0,0,0,0,0,0,0,0,0,0,0,0,0,0,0,0,0,0,2,0,0,0,0,0,0,0,0,0,0,0,0,0,0,0,0,0,0,0,0,0,0,0,0,0,0,0,0,0,0,0,0,0,0,0,0,0,0,0,0,0,0,0,0,0,0,0,0,0,0,0,0,0,0
BA,0,0,0,0,1,1,1,0,0,0,0,0,4,3,0,1,0,1,3,9,3,0,0,0,0,3,2,2,9,2,0,1,0,0,1,0,0,1,1,0,9,0,2,0,0,0,0,0,0,0,1,0,0,0,1,0,0,1,4,1,1,0,0,0,0,0,0,0,0,1,1,1,4,0,0,0,0,0,2,0,0,0,22,0,0,0,0,0,0,0,0,0,0,4,0,0,0,0,0,0,0,0,1,0,0,0,0,0,3,0,0,0,0,0,0,0,0,0,0,0,0,0,0,0,0,0,0,0,0,0,0,0,0,0,0,0,0,0,0,0,0,0,0,0,0,0,0,0,0,0,0,0,0,0,0,0,0,0,0,0,0,0,0,0,0,0,0,0,0,0,0,0,0,0,0,0,0,0,0,0,0,0,0,0,0
BB,0,0,0,0,1,0,0,0,0,0,0,0,2,0,0,0,0,0,0,0,0,0,0,0,0,0,0,0,1,0,0,0,0,0,0,0,0,0,0,0,0,0,0,0,0,0,0,1,0,0,0,0,0,0,0,0,0,0,1,0,0,0,0,0,0,0,0,0,0,0,0,0,0,0,0,0,0,0,0,0,0,0,0,0,0,0,0,0,0,0,0,0,0,0,0,0,0,0,0,0,0,0,0,0,0,0,0,0,0,0,0,0,0,0,0,0,0,0,0,0,0,0,0,0,0,0,0,0,0,0,0,0,0,0,0,0,0,0,0,0,0,0,0,0,0,0,0,0,0,0,0,0,0,0,0,0,0,0,0,0,0,0,0,0,0,0,0,0,0,0,0,0,0,0,0,0,0,0,0,0,0,0,0,0,0
BD,6,0,1,9,45,70,3,3,2,0,0,5,23,3,3,29,2,2,3,24,5,2,0,1,1,14,8,37,64,4,4,2,3,9,2,6,30,0,4,0,9,2,11,1,7,2,1,0,1,0,0,1,2,6,14,0,0,14,7,3,4,0,22,2,0,5,1,0,4,3,8,5,11,1,0,0,0,0,4,12,0,0,220,0,14,2,0,0,0,0,2,0,0,0,1,0,0,0,1,0,0,0,0,0,0,1,2,0,1,0,0,3,4,0,3,0,0,0,0,4,0,1,1,0,0,0,0,3,0,1,0,1,1,2,0,0,0,0,0,0,0,0,0,0,0,0,0,0,0,0,0,0,0,0,0,0,0,0,0,0,0,0,0,0,0,0,0,0,0,0,0,0,0,0,0,0,0,0,0,0,0,0,0,0,0
BE,8,0,6,57,144,2,374,2,1,0,1,36,233,112,9,122,2,6,38,378,47,2,6,6,8,113,59,216,667,60,20,8,21,5,63,68,34,0,5,5,199,5,53,12,28,0,1,12,2,5,0,1,3,19,13,0,0,0,303,44,29,4,7,25,2,21,0,11,5,33,6,89,31,19,4,0,1,4,27,18,0,0,1718,0,27,0,0,3,0,1,1,1,0,2,0,0,0,0,3,0,0,0,1,0,0,2,0,0,5,0,3,6,2,0,0,1,0,0,0,0,0,1,3,0,0,0,0,0,0,0,0,0,0,0,1,1,2,1,1,0,0,0,0,0,0,0,0,0,0,0,0,0,0,0,0,0,0,0,0,0,0,0,0,0,0,0,0,0,0,0,0,0,0,0,0,0,0,0,0,0,0,0,0,0,0
BG,1,0,1,3,16,1,5,21,0,0,0,4,10,15,6,24,0,2,21,38,7,0,0,3,0,15,12,17,57,10,2,1,5,1,5,5,3,0,30,4,30,0,9,0,3,0,0,1,2,0,0,1,1,2,0,0,0,2,22,4,2,0,0,8,0,8,0,1,0,2,3,9,2,9,0,0,0,0,2,3,0,0,129,0,2,0,0,0,0,0,0,0,0,3,0,0,0,0,3,0,0,0,1,0,0,0,1,0,0,0,0,2,1,0,0,0,0,0,0,0,0,0,0,0,0,0,0,0,0,0,0,0,0,0,0,0,0,0,0,0,0,0,0,0,0,0,0,0,0,0,0,0,0,0,0,0,0,0,0,0,0,0,0,0,0,0,0,0,0,0,0,0,0,0,0,0,0,0,0,0,0,0,0,0,0
BH,9,0,0,0,4,0,0,0,1,1,0,0,0,0,0,2,1,0,1,0,0,1,0,0,0,3,1,4,6,0,0,0,0,2,0,1,2,1,0,0,3,0,2,0,0,0,1,0,0,2,0,0,0,1,3,0,0,0,2,1,0,0,0,0,2,1,0,3,0,0,2,1,0,0,0,0,0,1,2,0,0,0,40,0,1,1,0,0,0,0,0,0,0,0,0,0,0,0,0,0,0,0,0,0,0,0,0,0,0,0,0,0,0,0,0,0,0,0,0,0,0,0,0,0,0,0,0,0,0,0,0,0,0,0,0,0,0,0,0,0,0,0,0,0,0,0,0,0,0,0,0,0,0,0,0,0,0,0,0,0,0,0,0,0,0,0,0,0,0,0,0,0,0,0,0,0,0,0,0,0,0,0,0,0,0
BI,0,0,0,0,0,0,1,0,0,0,0,0,0,1,0,0,0,0,1,2,0,0,0,0,0,0,1,4,0,0,0,0,0,0,0,0,0,0,0,0,0,0,0,0,0,0,0,0,0,0,0,0,0,0,0,0,0,0,6,0,0,0,0,0,0,0,0,0,0,0,0,0,0,0,0,0,0,0,0,0,0,0,4,0,0,0,0,0,0,0,0,0,0,0,0,0,0,0,0,0,0,0,0,0,0,0,0,0,0,0,0,0,0,0,0,0,0,0,0,0,0,0,0,0,0,0,0,0,0,0,0,0,0,0,0,0,0,0,0,0,0,0,0,0,0,0,0,0,0,0,0,0,0,0,0,0,0,0,0,0,0,0,0,0,0,0,0,0,0,0,0,0,0,0,0,0,0,0,0,0,0,0,0,0,0
BN,0,0,0,0,1,0,0,1,0,0,0,1,4,0,0,1,0,1,2,4,0,0,0,0,0,0,0,2,7,1,1,0,0,10,1,1,0,0,0,0,4,1,0,0,1,0,0,1,0,0,0,0,0,0,2,0,0,0,0,0,1,0,0,5,0,2,0,0,0,0,1,1,0,0,0,0,0,0,1,1,0,0,12,0,0,0,0,0,0,0,0,0,0,0,0,0,0,0,0,0,0,0,0,0,0,0,0,0,0,0,0,0,0,0,0,0,0,0,0,0,0,0,0,0,0,0,0,0,0,0,0,0,0,0,18,0,0,0,0,0,0,0,0,0,0,0,0,0,0,0,0,0,0,0,0,0,0,0,0,0,0,0,0,0,0,0,0,0,0,0,0,0,0,0,0,0,0,0,0,0,0,0,0,0,0
BO,0,0,1,2,0,0,0,0,0,0,1,0,0,0,0,0,1,0,0,0,0,0,0,0,0,1,0,0,0,0,0,0,0,0,0,0,0,0,0,0,1,0,0,0,0,0,0,0,0,0,0,0,0,3,0,0,0,0,0,0,0,0,0,0,0,0,0,0,0,0,0,1,0,0,0,0,0,0,0,0,0,0,5,0,0,0,0,0,0,0,0,0,0,0,0,0,0,0,0,0,0,0,0,0,0,0,0,0,0,0,0,0,0,0,0,0,0,0,0,0,0,0,0,0,0,0,0,0,0,0,0,0,0,0,0,0,0,0,1,0,0,0,0,0,0,0,0,0,0,0,0,0,0,0,0,0,0,0,0,0,0,0,0,0,0,0,0,0,0,0,0,0,0,0,0,0,0,0,0,0,0,0,0,0,0
BR,8,0,18,36,115,2,56,4,0,0,0,315,149,62,4,148,3,5,38,216,30,1,2,5,5,144,24,162,435,20,29,2,11,3,40,36,65,1,8,3,148,6,54,2,31,0,0,3,0,0,0,0,8,12,11,0,0,2,126,36,14,1,17,19,0,48,0,9,4,21,6,58,36,6,9,0,0,1,20,26,2,1,1205,0,10,0,0,1,1,3,2,0,0,0,0,1,0,0,1,0,0,0,1,0,1,0,0,0,4,0,3,4,6,0,1,0,0,0,0,0,0,1,1,0,0,0,0,0,0,1,0,0,0,0,0,0,0,0,1,1,1,1,1,1,0,0,0,0,0,0,0,0,0,0,0,0,0,0,0,0,0,0,0,0,0,0,0,0,0,0,0,0,0,0,0,0,0,0,0,0,0,0,0,0,0
BZ,0,0,0,0,0,0,1,0,0,0,0,0,0,0,0,0,0,0,0,0,0,0,0,0,0,3,0,0,2,0,0,0,0,0,0,0,0,0,0,0,3,0,0,1,0,0,0,0,0,0,0,0,0,0,0,0,0,0,0,0,0,0,0,0,0,0,0,0,0,0,0,0,0,0,0,0,0,0,0,0,0,0,4,0,1,0,0,0,0,0,0,0,0,0,0,0,0,0,0,0,0,0,0,0,0,0,0,0,0,0,0,0,0,0,0,0,0,0,0,0,0,0,0,0,0,0,0,0,0,0,0,0,0,0,0,0,0,0,0,0,0,0,0,0,2,0,0,0,0,0,0,0,0,0,0,0,0,0,0,0,0,0,0,0,0,0,0,0,0,0,0,0,0,0,0,0,0,0,0,0,0,0,0,0,0
CA,21,1,12,74,335,10,113,9,0,2,1,68,1218,141,9,286,8,11,47,574,87,2,2,15,8,253,111,369,1478,74,73,9,20,7,89,142,112,9,37,2,298,7,135,6,60,1,7,11,1,3,1,4,2,31,19,0,1,9,363,61,82,5,16,31,0,40,0,28,13,55,13,122,86,15,6,0,0,6,22,47,4,2,4175,1,37,1,0,1,1,8,2,2,1,4,1,0,0,0,5,0,0,1,0,1,0,2,5,0,9,1,9,16,5,0,0,6,0,0,0,2,0,5,5,0,0,2,0,3,0,2,0,0,0,0,1,0,1,4,2,0,0,0,1,0,0,1,1,1,1,1,1,1,0,0,0,0,0,0,0,0,0,0,0,0,0,0,0,0,0,0,0,0,0,0,0,0,0,0,0,0,0,0,0,0,0
CH,15,0,6,97,201,2,108,6,0,1,0,45,245,568,3,195,0,15,73,575,54,2,0,7,0,193,81,305,892,92,48,7,9,14,65,114,50,0,9,4,305,1,73,0,40,0,0,5,2,1,1,5,3,33,23,1,0,2,307,39,54,6,11,33,2,36,0,9,15,38,7,146,37,13,20,0,0,2,21,21,0,0,2247,0,16,1,0,1,1,2,0,0,1,2,0,0,0,0,0,0,0,1,2,0,1,1,0,0,5,0,7,2,4,0,0,0,1,0,0,1,0,0,0,1,0,0,1,2,0,0,0,0,0,0,2,0,0,2,1,0,0,0,0,0,0,0,0,0,0,1,0,0,1,0,0,0,0,0,0,0,0,0,0,0,0,0,0,0,0,0,0,0,0,0,0,0,0,0,0,0,0,0,0,0,0
CL,0,0,3,2,19,0,11,0,0,0,0,5,21,12,40,11,0,1,0,31,2,0,0,2,0,18,4,18,101,6,7,0,1,0,8,8,2,0,2,0,23,0,8,0,10,0,0,1,2,0,0,0,0,2,0,0,0,1,34,8,2,0,2,1,0,7,0,1,0,4,2,9,3,1,0,0,0,0,0,3,0,1,226,0,2,0,0,0,1,0,0,0,2,0,0,0,0,0,0,0,0,0,0,0,0,0,0,0,2,0,2,0,2,0,0,1,0,0,0,0,0,1,0,0,0,0,0,0,0,0,1,0,0,0,0,0,0,1,0,0,0,0,0,0,0,0,0,0,0,0,0,0,0,0,0,0,0,0,0,0,0,0,0,0,0,0,0,0,0,0,0,0,0,0,0,0,0,0,0,0,0,0,0,0,0
CM,0,0,0,0,0,0,0,0,0,0,0,0,0,0,0,0,0,0,0,0,0,0,0,0,0,0,0,0,0,0,0,0,0,0,0,0,0,0,0,0,0,0,0,0,0,0,0,0,0,0,0,0,0,0,0,0,0,0,1,0,0,0,0,0,0,0,0,0,0,0,0,0,0,0,0,0,0,0,0,0,0,0,4,0,0,0,0,0,0,0,0,0,0,0,0,0,0,0,0,0,0,0,0,0,0,0,0,0,0,0,0,0,0,0,0,0,0,0,0,0,0,0,0,0,0,0,0,0,0,0,0,0,0,0,0,0,0,0,0,0,0,0,0,0,0,0,0,0,0,0,0,0,0,0,0,0,0,0,0,0,0,0,0,0,0,0,0,0,0,0,0,0,0,0,0,0,0,0,0,0,0,0,0,0,0
CN,30,2,16,144,452,15,149,15,4,1,0,62,553,239,26,2634,13,20,133,938,104,8,7,24,28,376,141,368,1643,138,367,15,33,47,108,158,195,12,203,1,512,16,302,3,177,1,13,11,3,14,2,34,13,36,97,1,0,12,427,111,91,9,34,79,1,83,0,22,45,87,29,190,191,40,35,0,4,5,75,199,28,2,4478,1,62,2,0,0,0,11,7,2,1,7,2,1,0,0,3,0,0,0,2,1,0,4,10,2,12,0,8,33,26,0,2,1,0,0,5,4,0,1,7,3,1,0,0,0,4,0,1,3,2,0,2,0,2,4,3,0,0,0,0,0,0,0,0,2,0,0,2,0,3,1,5,1,1,2,0,0,0,0,0,0,0,0,0,0,0,0,0,0,0,0,0,0,0,0,0,0,0,0,0,0,0
CO,0,0,4,7,6,0,8,1,0,0,1,3,11,12,10,6,55,0,5,36,4,0,1,1,0,27,2,17,55,2,2,0,1,1,1,3,8,0,1,0,21,0,10,0,4,0,0,1,0,0,1,0,0,6,4,0,0,0,19,4,1,0,1,3,0,1,0,0,1,6,1,9,2,1,0,0,0,1,2,1,0,0,137,0,0,0,0,0,1,0,1,0,0,0,0,0,0,0,0,0,0,0,0,0,0,0,0,0,0,0,0,0,1,0,0,0,0,0,0,0,0,0,0,0,0,0,0,0,0,0,0,0,0,0,0,0,0,0,1,0,0,0,0,0,0,0,0,0,0,0,0,0,0,0,0,0,0,0,0,0,0,0,0,0,0,0,0,0,0,0,0,0,0,0,0,0,0,0,0,0,0,0,0,0,0
CU,0,0,4,3,23,0,0,0,0,0,1,9,6,3,7,10,2,0,4,11,6,0,1,0,2,10,3,9,48,5,0,0,1,4,2,0,2,0,0,0,11,0,0,0,0,0,0,0,0,0,0,0,0,11,4,0,0,0,8,1,1,0,3,4,0,0,0,0,0,2,1,0,0,0,1,0,0,1,0,0,0,0,61,0,2,0,0,0,8,2,2,0,0,0,0,0,0,0,0,0,0,0,0,0,0,0,0,0,1,0,0,6,0,0,0,0,0,0,0,0,0,0,1,0,0,0,0,0,0,0,0,0,0,0,0,0,0,0,0,0,0,0,0,0,0,0,0,0,0,0,0,0,0,0,0,0,0,1,0,0,0,0,0,0,0,0,0,0,0,0,0,0,0,0,0,0,0,0,0,0,0,0,0,0,0
CY,2,0,1,7,25,0,14,0,1,0,0,7,29,16,1,39,0,57,6,41,12,0,0,1,2,30,5,35,121,43,12,1,0,1,6,25,5,1,0,0,54,1,14,0,4,0,1,0,0,4,0,0,0,0,7,0,0,0,28,4,4,0,4,2,0,9,0,1,4,4,3,14,1,1,0,0,0,0,9,10,0,0,191,0,4,0,0,0,0,0,0,0,0,0,0,0,0,0,1,0,0,0,0,0,0,0,0,0,1,0,0,3,0,0,0,0,0,0,0,0,0,1,0,1,1,0,0,0,0,0,0,0,0,0,0,0,0,0,0,0,0,0,0,0,0,0,0,0,0,0,0,0,0,0,0,0,0,0,0,0,0,0,0,0,0,0,0,0,0,0,0,0,0,0,0,0,0,0,0,0,0,0,0,0,0
CZ,1,0,21,26,60,1,24,6,0,0,2,21,87,57,7,103,2,5,232,203,22,2,0,6,3,79,16,86,338,21,9,4,12,2,23,33,43,5,9,3,92,2,27,1,12,0,2,4,1,1,0,2,2,8,1,0,0,1,101,16,12,1,5,27,0,7,0,8,8,21,4,56,16,15,19,0,1,3,9,8,3,0,797,0,5,0,0,0,1,1,3,1,0,1,0,0,0,0,2,1,0,1,1,0,0,1,4,0,8,0,2,4,4,0,0,0,0,0,1,0,0,1,1,0,0,0,1,1,1,1,0,0,0,0,2,0,0,0,1,0,0,0,0,0,0,0,0,0,0,0,0,0,0,0,0,0,0,0,1,0,0,0,0,0,0,0,0,0,0,0,0,0,0,0,0,0,0,0,0,0,0,0,0,0,0
DE,53,0,16,386,661,5,424,23,2,1,3,182,1106,697,43,703,20,24,246,4185,285,3,11,34,28,678,241,893,3489,195,150,30,68,19,253,385,213,6,46,20,980,15,409,5,146,1,8,38,7,16,2,8,9,83,51,6,0,6,1285,187,135,5,37,130,1,116,1,49,44,126,22,464,180,64,22,1,2,7,100,91,9,7,9290,1,69,1,1,6,3,8,7,1,3,3,1,2,0,0,13,0,0,2,3,0,0,2,5,0,16,0,23,27,17,0,0,0,1,1,1,1,0,8,9,0,0,0,1,4,2,0,0,0,0,0,3,2,2,1,3,2,0,0,0,0,0,0,0,1,0,1,0,0,0,0,1,0,0,0,1,1,0,0,0,0,0,0,0,0,0,0,0,0,0,0,0,0,0,0,0,0,0,0,0,0,0
DK,19,0,5,43,133,3,55,3,0,0,2,22,154,83,9,87,2,5,31,323,340,3,2,3,1,65,45,120,539,33,20,2,12,3,47,28,45,0,9,9,145,5,51,1,28,0,2,6,3,5,1,1,2,10,7,11,0,2,185,42,22,5,4,19,0,14,0,4,4,16,14,122,21,18,2,0,1,0,5,11,3,1,1126,1,24,0,0,2,1,2,0,0,0,3,0,0,0,0,4,0,0,0,0,0,0,0,2,0,4,0,1,0,1,0,0,0,0,0,0,3,0,1,2,0,0,1,0,1,0,0,0,0,0,0,0,0,1,0,0,0,0,0,0,0,0,0,0,0,0,0,0,0,0,0,2,0,0,0,0,1,0,0,0,0,0,0,0,0,0,0,0,0,0,0,0,0,0,0,0,0,0,0,0,0,0
DZ,6,0,0,3,12,0,6,0,0,0,0,2,11,1,0,27,1,2,1,25,1,24,0,0,4,22,1,27,33,10,4,1,0,0,4,5,8,1,1,0,32,0,5,0,1,0,2,0,0,3,0,0,0,2,4,0,0,0,6,1,1,0,0,4,0,5,0,7,5,0,2,0,5,0,0,0,0,1,5,0,0,0,96,0,0,1,0,0,0,0,1,0,0,0,0,0,0,0,0,0,0,0,0,0,0,0,0,0,0,0,1,0,2,0,0,0,0,0,0,0,0,0,0,0,0,0,0,0,0,0,0,0,0,0,0,0,0,0,0,0,0,0,0,0,0,0,0,0,0,0,0,0,0,0,0,0,0,1,0,0,0,0,0,0,0,0,0,0,0,0,0,0,0,0,0,0,0,0,0,0,0,0,0,0,0
EC,0,0,1,3,3,0,9,0,0,0,0,1,11,5,0,3,0,0,0,10,1,0,17,0,1,15,2,9,33,2,3,0,0,0,5,3,1,0,0,0,11,0,1,0,1,0,0,1,0,0,0,0,0,7,0,0,0,1,6,2,2,0,1,1,0,0,0,0,0,4,0,3,1,0,1,0,0,1,1,0,0,0,81,0,3,0,0,0,0,0,3,0,0,0,0,0,0,0,0,0,0,0,0,0,0,0,0,0,1,0,0,0,0,0,0,0,0,0,0,0,0,0,0,0,0,0,0,0,0,0,0,0,0,0,0,1,0,0,0,0,0,0,0,0,0,0,0,0,0,0,0,0,0,0,0,0,0,0,0,0,1,1,0,0,0,0,0,0,0,0,0,0,0,0,0,0,0,0,0,0,0,0,0,0,0
EE,0,0,1,3,14,1,15,2,0,0,0,3,20,14,1,9,0,1,15,45,15,0,1,21,1,8,27,24,76,2,4,1,7,0,6,12,6,0,0,1,25,0,7,0,1,1,0,3,1,0,0,0,0,3,1,0,0,0,42,4,3,0,2,7,0,2,0,1,0,6,0,31,2,5,0,0,0,0,3,2,0,0,170,0,1,0,0,0,0,0,0,0,1,0,0,0,0,0,1,0,0,0,0,0,0,1,0,0,2,0,0,3,1,0,0,0,0,0,0,0,0,0,0,0,0,0,0,0,0,0,0,0,0,0,0,0,0,0,0,0,0,0,0,0,0,0,0,0,0,1,0,0,0,0,0,1,0,0,0,0,0,0,0,0,0,0,0,0,0,0,0,0,0,0,0,0,0,0,0,0,0,0,0,0,0
EG,4,0,0,6,19,1,11,0,0,0,0,3,28,7,1,10,1,1,1,22,11,1,0,1,13,13,10,10,64,8,7,2,1,2,3,3,4,0,2,0,19,1,4,0,12,0,2,0,1,4,0,1,1,2,3,0,0,4,26,11,4,0,6,3,1,4,0,4,1,1,4,9,6,1,0,0,0,0,3,2,0,0,141,0,3,0,0,1,0,0,0,0,0,2,0,0,0,0,0,0,0,0,0,0,0,1,1,0,0,1,0,2,0,0,0,0,0,0,0,0,0,1,0,0,0,0,0,0,1,0,0,0,0,0,0,0,0,0,0,0,0,0,0,0,0,0,0,0,0,0,0,0,0,0,0,0,0,0,0,0,0,0,1,0,0,0,0,0,0,0,0,0,0,0,0,0,0,0,0,0,0,0,0,0,0
ES,14,0,54,138,403,6,177,19,1,4,4,89,519,249,47,272,43,27,147,964,111,6,23,12,32,2239,98,532,1763,181,61,15,41,15,136,188,114,3,24,4,987,21,165,1,62,1,4,14,4,12,4,7,5,85,35,0,0,2,486,98,71,4,16,82,0,129,0,21,34,81,25,242,96,34,7,0,1,13,85,49,7,2,4128,1,48,0,0,4,13,4,14,2,4,4,0,0,0,0,14,0,0,0,7,2,0,0,2,0,14,0,10,20,7,0,0,0,1,0,3,0,0,14,3,1,0,1,2,1,0,1,1,1,0,0,2,1,1,2,4,0,0,0,1,1,2,0,0,0,0,3,0,0,1,0,2,0,0,1,0,0,1,3,0,1,1,1,0,0,0,0,0,0,0,0,0,0,0,0,0,0,0,0,0,0,0
ET,0,0,0,0,2,0,0,0,0,0,0,0,1,3,0,0,0,0,3,5,1,2,0,0,0,1,4,2,15,0,0,0,0,1,0,2,7,0,0,0,2,0,1,0,0,0,0,0,0,0,0,0,0,0,0,0,0,0,1,2,0,0,1,0,0,0,0,0,0,0,0,7,0,0,0,0,0,0,0,3,0,0,27,0,2,0,0,0,0,0,0,0,0,0,0,5,1,0,0,0,0,0,0,0,0,0,0,0,1,0,0,0,0,0,0,0,0,0,0,0,0,0,0,0,0,0,0,0,0,0,0,0,0,0,0,0,0,0,0,0,0,0,0,0,0,0,0,0,0,0,0,0,0,0,0,0,0,0,0,0,0,0,0,0,0,0,0,0,0,0,0,0,0,0,0,0,0,0,0,0,0,0,0,0,0
FI,8,0,2,54,151,3,52,4,2,3,0,34,173,92,5,109,1,4,40,371,56,1,4,9,5,106,525,140,678,41,22,6,22,3,62,57,24,0,4,7,134,4,74,0,33,0,1,5,5,1,0,2,0,12,7,1,0,1,258,55,39,0,9,41,0,25,0,10,3,28,9,133,29,17,2,0,0,0,12,15,4,0,1501,0,14,1,0,2,0,2,0,0,0,0,0,0,0,0,3,0,0,1,2,0,0,0,0,0,3,0,4,2,2,0,0,0,0,0,0,1,0,0,5,2,0,0,0,0,0,3,0,0,0,0,0,0,0,1,0,0,0,0,0,0,0,0,0,0,0,0,0,0,0,0,0,1,0,0,0,0,0,0,0,0,0,0,1,0,0,0,0,0,0,0,0,0,0,0,0,0,0,0,0,0,0
FR,25,0,11,125,228,5,163,15,3,7,1,55,406,279,17,280,7,10,110,787,86,16,1,20,9,356,100,1568,1190,116,56,5,32,7,90,167,87,10,24,7,505,5,176,6,65,0,5,13,4,11,2,4,5,37,18,0,0,7,375,69,36,7,13,49,1,57,0,17,29,47,18,162,77,29,5,0,0,17,34,42,5,1,3515,0,17,1,1,1,4,1,2,1,1,3,3,1,0,0,9,0,0,4,3,0,1,4,0,0,5,0,13,10,6,0,1,1,0,0,1,0,0,4,0,1,0,0,0,2,0,0,1,0,0,0,2,0,0,0,1,1,1,0,0,1,0,0,0,0,0,0,1,0,0,0,2,0,0,1,1,0,0,0,0,0,1,0,0,1,1,0,0,0,0,0,0,0,0,0,0,0,0,0,0,0,0
GB,68,2,23,279,1097,12,406,34,4,11,5,240,1542,612,57,879,21,41,227,2272,389,15,8,61,46,819,344,993,8015,323,218,35,70,30,438,524,314,4,45,23,1242,29,574,9,204,1,12,42,13,20,7,15,20,118,77,4,2,16,1456,270,241,9,60,156,2,176,1,46,41,130,58,587,276,56,30,2,0,3,97,128,27,8,12359,0,117,3,1,3,8,19,13,3,6,15,7,4,0,1,23,0,0,3,6,0,0,3,4,1,23,1,49,55,22,0,3,0,0,0,2,6,0,15,8,3,1,2,0,3,6,0,1,0,2,0,5,0,3,15,1,1,1,0,3,1,0,0,0,1,0,1,1,1,0,0,1,0,0,2,2,0,0,1,0,0,2,0,0,2,0,1,1,1,2,1,2,0,0,0,0,0,0,0,0,0,0
GE,0,0,0,0,0,0,0,0,0,0,0,0,0,0,0,0,0,0,0,0,0,0,0,0,0,0,0,0,0,0,0,0,0,0,0,0,0,0,0,0,0,0,0,0,0,0,0,0,0,0,0,0,0,0,0,0,0,0,0,0,0,0,0,0,0,0,0,0,0,0,0,0,0,0,0,0,0,0,0,0,0,0,1,0,0,0,0,0,0,0,0,0,0,0,0,0,0,0,0,0,0,0,0,0,0,0,0,0,0,0,0,0,0,0,0,0,0,0,0,0,0,0,0,0,0,0,0,0,0,0,0,0,0,0,0,0,0,0,0,0,0,0,0,0,0,0,0,0,0,0,0,0,0,0,0,0,0,0,0,0,0,0,0,0,0,0,0,0,0,0,0,0,0,0,0,0,0,0,0,0,0,0,0,0,0
GF,0,0,0,0,0,0,0,0,0,0,0,0,1,1,0,0,0,0,0,0,0,0,0,0,0,0,0,3,0,1,0,0,0,0,0,0,0,0,0,0,0,0,1,0,0,0,0,0,0,0,0,0,0,0,0,0,0,0,0,0,0,0,0,0,0,0,0,0,0,0,0,1,0,0,0,0,0,0,0,0,0,0,9,0,0,0,0,0,0,0,0,0,0,0,0,0,0,0,0,0,0,0,0,0,0,0,0,0,0,0,0,0,0,0,0,0,0,0,0,0,0,0,0,0,0,0,0,0,0,0,0,0,0,0,0,0,0,0,0,0,0,0,0,0,0,0,0,0,0,0,0,0,0,0,0,0,0,0,0,0,0,0,0,0,0,0,0,0,0,0,0,0,0,0,0,0,0,0,0,0,0,0,0,0,0
GH,1,0,0,1,24,1,1,0,0,0,0,3,17,2,2,13,1,1,0,14,4,0,0,1,3,7,2,0,56,4,5,2,1,2,0,4,16,0,5,1,3,2,3,3,10,0,0,0,1,0,0,0,0,2,13,0,0,29,9,5,6,3,14,1,0,1,0,1,0,3,6,5,7,2,0,0,0,1,2,6,0,1,136,0,32,1,0,0,0,46,1,1,0,0,0,1,0,0,0,0,0,1,0,3,0,0,1,0,0,0,0,1,1,0,2,1,0,0,0,1,0,1,0,0,0,0,0,4,0,3,0,0,0,0,0,0,0,0,0,0,0,0,0,0,0,0,0,0,0,0,0,0,1,0,0,0,0,0,0,0,0,0,0,0,0,0,0,0,0,0,0,0,0,0,0,1,0,0,0,0,0,0,0,0,0
GR,6,0,5,67,120,2,80,9,0,2,0,42,161,93,9,121,2,32,41,348,45,5,3,4,16,171,53,173,624,599,26,1,8,1,36,101,55,3,14,1,358,3,46,0,42,0,2,7,3,1,1,0,1,8,15,0,0,3,152,29,27,2,5,28,0,49,0,5,9,15,15,59,23,15,5,0,1,2,23,32,0,0,1343,0,13,0,0,0,1,1,1,0,4,2,0,1,0,0,2,0,0,0,1,0,0,0,1,0,4,0,1,4,3,0,0,0,0,0,0,0,0,2,0,3,0,0,0,0,1,0,0,0,0,0,0,0,0,1,1,0,0,0,0,0,0,0,0,0,0,0,2,2,0,0,0,0,0,0,0,0,0,0,0,0,0,0,0,0,0,0,0,0,0,0,0,0,0,0,0,0,0,0,0,0,0
GT,0,0,0,0,0,0,4,0,0,0,0,0,3,4,0,2,0,0,0,3,0,0,0,0,0,5,3,3,9,2,0,0,0,0,2,0,1,0,0,0,3,0,0,0,1,0,0,0,0,1,0,0,0,0,1,0,0,0,5,7,1,0,0,1,1,0,0,0,0,0,0,2,0,2,0,0,0,0,0,1,0,0,22,0,0,0,0,0,0,0,0,0,0,0,0,0,0,0,0,0,0,0,0,0,0,0,0,0,0,0,0,0,0,0,0,1,0,0,0,0,0,0,0,0,0,0,0,0,0,0,0,0,0,0,0,0,1,0,0,0,0,0,0,0,0,0,0,0,0,0,0,0,0,0,0,0,0,0,0,0,0,0,0,0,0,0,0,0,0,0,0,0,0,0,0,0,0,0,0,0,0,0,0,0,0
HK,3,1,0,22,69,1,27,3,1,0,1,10,126,54,2,297,3,4,26,161,22,0,2,4,5,62,30,64,331,15,150,3,11,5,24,53,20,0,5,1,90,2,54,1,22,1,2,1,2,0,0,6,2,6,6,0,0,1,82,24,12,0,4,16,1,8,1,13,3,10,2,36,23,4,4,1,0,1,15,42,7,0,834,0,19,0,0,0,0,5,1,2,0,8,1,0,0,0,1,0,0,0,1,0,0,1,0,0,7,0,3,7,4,0,1,0,0,0,1,1,0,0,1,0,0,0,0,0,0,0,0,0,0,0,1,0,0,0,0,0,0,0,0,0,0,0,0,0,0,0,0,0,2,0,0,0,0,0,0,0,0,1,0,0,0,0,0,0,0,0,0,0,0,1,0,0,0,0,0,0,0,0,0,0,0
HR,3,0,1,18,27,2,16,0,1,0,0,13,33,14,2,33,1,3,21,80,10,0,1,1,2,34,12,28,130,12,6,36,10,0,17,10,16,0,2,3,55,1,19,0,3,0,1,5,0,1,1,0,0,5,9,0,0,0,44,7,6,0,8,4,0,0,0,2,12,8,6,24,8,9,1,0,0,2,5,1,0,0,260,1,4,0,0,0,0,1,0,0,1,4,0,1,0,0,1,0,0,0,1,0,0,0,0,0,0,0,0,0,5,0,0,0,0,0,0,1,0,1,0,0,0,0,0,1,1,0,0,0,0,0,0,1,0,0,0,0,0,0,0,0,1,0,0,0,0,0,0,0,0,0,0,0,0,0,0,0,0,0,0,0,0,0,0,0,0,0,0,0,0,0,0,0,0,0,0,0,0,0,0,0,0
HU,3,0,2,13,44,4,20,2,0,0,1,6,49,16,3,29,2,3,33,75,15,0,0,5,2,41,18,18,172,10,8,2,73,4,16,17,17,1,3,3,42,0,14,9,8,0,0,1,2,1,0,1,4,3,4,0,0,8,69,16,10,6,7,18,0,3,0,2,2,6,2,26,6,11,3,0,0,1,6,5,1,1,396,0,11,0,0,0,0,2,0,0,0,1,0,0,0,0,3,1,0,0,1,0,0,1,0,0,4,1,3,3,2,0,0,1,0,0,0,1,0,2,0,0,0,0,0,1,0,0,0,0,0,0,0,0,0,0,0,0,0,0,0,0,2,0,0,0,0,2,0,0,0,0,0,0,0,0,0,0,0,0,0,0,0,0,0,0,0,1,0,0,0,0,0,0,0,0,0,0,0,0,0,0,0
ID,7,0,1,5,59,3,6,1,1,0,0,11,33,15,3,78,2,1,5,50,8,0,4,2,3,30,10,23,95,7,16,0,1,99,8,14,27,3,9,1,47,2,13,5,23,0,3,1,2,1,0,3,0,4,38,1,0,17,32,11,7,1,11,2,0,18,0,7,5,3,10,14,11,1,0,0,0,2,12,24,0,2,254,0,14,2,0,0,1,3,3,0,0,1,0,1,0,0,2,0,0,0,0,0,0,0,2,0,2,0,0,2,3,0,4,0,0,0,0,3,0,1,0,0,0,0,0,0,0,0,0,0,1,0,0,0,0,1,0,0,0,0,0,0,2,0,0,0,0,0,0,0,0,0,0,0,0,0,0,0,0,0,0,0,0,0,0,0,0,0,0,0,0,0,0,0,1,0,0,0,0,0,0,0,0
IE,14,0,3,69,133,5,56,5,0,0,1,30,175,77,5,102,4,7,38,328,36,0,0,7,4,106,50,131,708,41,28,1,5,4,302,48,59,1,9,2,198,5,49,0,17,1,4,5,3,0,0,1,1,8,16,0,0,0,209,41,39,2,6,20,2,30,0,4,10,25,12,76,19,13,1,0,1,0,17,15,0,1,1423,0,14,0,0,1,0,9,2,0,0,0,1,1,0,0,4,0,0,0,1,0,0,0,2,0,2,0,1,2,2,0,1,1,0,0,1,2,0,8,1,1,0,0,0,0,0,0,0,0,0,0,0,0,1,2,1,0,0,0,0,0,0,0,0,0,0,0,0,0,0,1,0,0,0,0,0,0,0,0,0,0,0,0,0,0,0,0,0,0,0,0,0,0,0,0,0,0,0,0,0,0,0
IL,8,0,10,55,116,3,58,2,0,0,0,28,202,97,5,118,1,11,51,343,34,1,2,8,3,87,35,149,591,62,24,4,13,0,33,512,32,0,4,3,174,5,80,0,41,0,1,4,1,3,2,2,5,14,5,0,0,1,186,26,27,0,7,15,0,24,0,8,10,18,11,82,34,7,7,0,0,1,19,15,0,0,1470,0,6,0,0,0,0,1,0,0,0,0,0,0,0,0,3,0,0,0,2,0,0,1,0,0,2,0,7,6,4,0,0,0,0,0,0,0,0,1,6,0,0,0,0,0,1,1,0,0,0,0,0,0,0,0,0,0,0,0,0,0,0,0,1,0,0,1,0,0,0,0,0,0,0,0,0,0,0,0,0,0,0,0,0,1,0,0,0,0,0,2,1,0,0,0,0,0,0,0,0,0,0
IN,18,0,10,67,189,12,61,4,2,1,0,45,266,97,14,408,4,13,70,391,47,11,4,8,16,177,60,194,734,78,62,12,23,28,73,93,724,3,42,2,195,17,112,4,77,2,4,5,2,3,2,5,2,26,69,1,1,40,174,28,41,3,54,33,1,36,1,16,15,32,33,87,94,9,6,0,0,12,54,101,5,1,2198,0,45,0,0,1,3,7,4,3,0,2,0,2,0,0,7,0,0,0,1,2,0,5,6,1,9,0,3,21,15,1,0,0,0,1,0,5,0,10,1,0,0,0,0,3,2,2,4,1,1,1,1,0,0,3,0,0,1,0,0,0,0,0,0,0,0,1,0,0,0,0,0,0,2,0,0,1,0,0,0,0,0,0,0,0,0,0,1,0,0,0,0,0,0,1,0,0,0,0,0,0,0
IQ,3,0,0,0,5,0,1,0,2,0,0,2,9,1,0,8,0,0,5,6,2,0,0,0,0,1,1,2,13,2,1,0,0,2,0,2,4,6,9,0,7,1,0,0,1,0,2,0,0,1,1,0,0,0,0,0,0,0,3,0,4,0,0,1,0,0,0,4,0,0,1,1,3,0,0,0,0,2,0,2,0,0,32,0,2,0,0,0,0,0,0,0,0,1,0,0,0,0,0,0,0,0,0,0,0,0,3,0,0,0,0,0,0,0,0,0,0,0,0,0,0,0,0,0,0,0,1,0,0,1,0,0,0,0,0,0,0,0,0,0,0,0,0,0,0,0,0,0,0,0,0,0,0,0,0,0,0,0,0,0,0,0,0,0,0,0,0,0,0,0,0,0,0,0,0,0,0,0,0,0,0,0,0,0,0
IR,22,0,3,20,43,3,17,0,1,0,0,13,73,26,5,140,4,4,24,137,5,1,0,0,7,89,22,52,193,25,17,1,5,10,23,32,49,11,322,0,76,4,31,0,28,2,2,0,0,2,0,1,0,16,19,0,0,9,55,11,19,1,19,13,1,27,0,7,6,7,15,26,28,5,2,0,0,1,23,17,1,2,661,0,10,0,1,0,1,4,0,0,0,3,0,0,0,0,2,0,0,0,0,0,0,0,4,0,8,0,1,4,12,0,0,0,0,0,0,2,0,0,0,0,0,0,0,0,3,1,1,0,0,0,0,0,1,1,0,0,0,0,0,0,0,0,0,0,0,0,0,0,0,0,0,1,0,0,0,0,0,0,0,0,0,0,0,0,0,0,0,0,0,0,0,0,1,0,0,0,0,0,0,0,0
IS,0,0,0,0,1,0,2,1,0,0,0,1,2,2,0,1,0,0,19,10,3,0,0,1,0,3,0,4,11,0,0,0,1,0,0,3,0,0,0,25,1,0,0,0,0,0,0,1,1,0,0,0,1,0,0,0,0,0,10,1,1,0,1,6,0,0,0,0,0,2,0,5,1,5,0,0,0,0,0,0,0,0,40,0,0,0,0,0,0,0,0,0,0,0,0,0,0,0,1,0,0,0,0,0,0,0,0,0,0,0,0,0,0,0,0,0,0,0,0,0,0,0,0,0,0,0,0,0,0,0,0,0,0,0,0,0,0,0,0,0,0,0,0,0,0,0,0,0,0,0,0,0,0,0,0,0,0,0,0,0,0,0,0,0,0,0,0,0,0,0,0,0,0,0,0,0,0,0,0,0,0,0,0,0,0
IT,51,0,29,264,614,13,373,21,2,9,1,159,932,517,40,636,18,75,149,1620,199,13,13,40,37,825,195,869,2938,383,165,23,79,22,255,339,168,8,39,12,3665,12,310,8,166,3,14,22,6,21,5,13,6,59,58,0,0,7,901,173,148,9,34,129,1,134,0,32,43,114,47,386,134,37,23,0,1,13,88,81,10,6,6536,5,74,3,2,0,3,6,9,1,3,10,4,3,0,0,18,0,0,0,4,0,1,6,7,0,22,0,12,21,23,0,1,1,3,0,1,6,0,7,6,3,0,0,0,4,1,2,1,1,1,0,7,0,3,7,1,0,3,0,1,0,2,0,2,1,0,2,1,4,1,0,0,1,0,1,1,0,0,2,0,0,1,0,0,0,1,1,0,2,0,0,0,0,0,0,1,1,0,0,0,0,0
JO,1,0,0,3,13,0,1,0,0,0,0,1,3,3,2,8,0,1,0,2,2,0,0,0,0,5,1,5,48,7,1,1,0,0,1,8,2,0,1,2,10,25,2,0,4,0,1,0,0,1,0,1,0,1,1,0,0,4,6,1,3,0,1,2,0,3,0,1,0,2,3,4,1,0,0,0,0,0,0,0,0,0,94,0,3,0,0,0,0,0,1,0,0,0,0,0,0,0,0,0,0,0,0,0,0,0,1,0,0,0,1,1,0,0,0,0,0,0,0,0,0,0,0,0,0,0,1,0,0,2,0,0,0,0,0,0,0,0,0,0,0,0,0,0,0,0,0,0,0,0,0,0,0,0,0,0,0,0,0,0,0,0,0,0,0,0,0,0,0,0,0,0,0,0,0,0,0,0,0,0,0,0,0,0,0
JP,10,0,5,60,160,9,75,8,0,0,0,29,256,106,7,317,10,7,68,495,33,0,6,3,13,114,76,165,863,30,60,13,17,18,56,93,60,2,19,4,188,3,949,4,66,0,1,8,2,4,4,6,4,13,12,0,0,2,267,44,47,3,18,35,0,55,0,15,6,30,13,85,74,12,3,0,0,8,12,58,2,0,2666,1,13,0,0,0,1,1,3,0,0,2,1,1,0,0,2,1,0,0,1,0,0,4,1,0,3,0,11,8,24,0,0,1,0,0,0,3,0,3,0,0,0,0,1,1,0,0,0,0,1,0,1,0,0,6,1,1,0,0,0,0,0,1,0,0,0,0,0,1,2,0,0,1,0,0,0,0,0,0,0,0,0,0,0,0,0,1,0,0,0,0,0,0,0,0,0,0,0,0,0,0,0
KE,0,0,0,2,16,6,9,0,0,0,0,1,6,1,0,14,0,1,3,11,2,0,0,0,1,7,4,1,42,3,3,2,3,0,4,2,7,1,4,0,4,1,1,17,2,0,0,0,0,2,0,0,0,1,3,0,0,6,5,4,7,0,5,1,0,0,0,2,2,2,0,7,1,1,1,0,0,1,1,1,0,3,74,0,23,1,0,0,0,4,0,0,0,2,0,1,0,0,0,0,0,2,0,1,0,1,0,0,1,0,0,0,2,0,0,0,0,0,0,0,0,0,0,0,0,0,0,4,0,2,0,0,0,0,0,0,0,1,1,0,1,0,0,0,0,0,0,0,0,0,0,0,0,0,0,0,0,0,0,0,0,0,0,0,0,0,0,0,0,0,0,0,0,0,0,1,0,0,0,0,0,0,0,0,0
KH,0,0,0,0,1,0,0,0,0,0,0,0,1,2,1,6,0,0,0,5,1,0,0,0,0,3,0,3,1,0,1,1,0,0,0,3,0,0,0,0,1,0,0,0,0,0,0,0,0,0,0,0,0,0,0,0,0,0,3,2,0,0,0,0,0,0,0,0,0,0,0,0,1,0,0,0,0,0,0,0,0,0,21,0,0,0,0,0,0,0,0,0,0,0,0,0,0,0,0,0,0,0,0,0,0,0,0,0,0,0,0,0,0,0,0,0,0,0,0,0,0,0,0,0,0,0,0,0,0,0,0,0,0,0,0,0,0,0,0,0,0,0,0,0,0,0,0,0,0,0,0,0,0,0,0,0,0,0,0,0,0,0,0,0,0,0,0,0,0,0,0,0,0,0,0,0,0,0,0,0,0,0,0,0,0
KR,12,0,3,23,88,2,16,2,0,0,2,20,110,44,4,148,1,0,17,171,27,1,0,0,2,80,32,58,290,20,27,1,4,11,30,24,46,0,32,0,96,2,64,2,120,0,2,2,0,1,0,1,1,7,10,1,1,8,67,18,10,2,2,14,0,19,0,9,1,10,8,39,37,1,1,0,0,2,14,20,1,2,760,0,11,0,0,0,0,1,3,0,0,0,0,1,0,0,1,0,0,0,0,0,0,0,2,0,3,0,2,4,4,0,0,0,0,0,0,1,0,0,0,0,0,0,0,0,0,2,1,0,0,0,4,0,0,0,1,0,0,0,0,0,0,0,0,0,0,0,0,0,0,0,2,0,0,0,0,0,0,0,0,0,0,0,0,0,0,0,0,0,0,0,0,0,0,0,0,0,0,0,0,0,0
KW,3,0,0,0,9,3,1,0,1,0,0,0,2,0,0,2,1,1,2,4,0,0,0,0,2,2,0,0,7,1,0,2,1,0,0,0,4,1,2,0,3,1,0,0,1,0,1,0,0,0,0,0,0,0,3,0,0,1,3,0,2,0,4,0,0,4,0,2,0,0,1,0,0,2,0,0,0,0,2,1,0,0,56,1,1,0,0,0,0,0,0,0,0,0,0,0,0,0,0,0,0,0,0,1,0,0,1,0,1,0,0,0,0,0,1,0,0,0,0,8,0,0,0,0,0,0,0,0,0,0,0,0,0,0,0,0,0,0,0,0,0,0,0,0,0,0,0,1,0,0,0,0,0,0,0,0,0,0,0,0,0,0,0,0,0,0,0,0,0,0,0,0,0,0,0,0,0,0,0,0,0,0,0,0,0
KY,0,0,0,1,2,0,0,0,0,0,0,0,2,2,0,9,0,0,2,4,1,0,0,0,0,0,1,3,2,0,0,1,0,0,0,0,1,0,0,0,0,0,0,0,0,0,0,0,0,0,0,4,0,1,0,0,0,0,1,0,0,0,0,0,0,0,0,0,0,0,0,0,0,1,0,0,0,0,0,0,0,0,15,0,0,0,0,0,0,0,0,0,0,0,0,0,0,0,0,0,0,0,0,0,0,0,0,0,0,0,0,0,0,0,0,0,0,0,0,0,0,0,0,0,0,0,0,0,0,0,0,0,0,0,0,0,0,0,0,0,0,0,0,0,0,0,0,0,0,0,0,0,0,0,0,0,0,0,0,0,0,0,0,0,0,0,0,0,0,0,0,0,0,0,0,0,0,0,0,0,0,0,0,0,0
KZ,5,1,0,6,24,3,5,1,0,0,0,2,19,7,2,25,2,0,2,18,5,0,1,2,3,7,3,9,52,5,7,3,1,9,5,4,18,0,0,0,10,1,7,0,5,3,0,1,0,0,0,3,1,1,2,0,0,0,13,5,3,2,4,4,0,3,0,3,1,2,5,7,5,0,0,0,1,1,0,1,5,0,110,0,3,0,1,0,0,0,0,0,0,0,0,0,0,0,0,0,0,0,0,0,0,1,0,0,1,0,0,0,2,0,0,0,0,0,0,0,0,1,1,0,0,0,0,0,1,0,0,0,0,0,0,0,0,0,0,1,0,0,0,0,0,0,0,0,0,0,1,0,0,0,0,0,0,3,0,0,0,0,0,0,0,0,0,0,0,0,0,0,0,0,0,0,1,0,0,0,0,0,0,0,0
LB,0,0,1,0,3,0,1,1,0,0,0,0,12,2,1,5,0,1,0,4,0,0,0,1,0,5,0,6,11,4,2,0,0,0,1,2,0,0,0,0,18,0,1,0,1,0,0,0,0,0,0,0,1,1,0,0,0,0,3,1,0,0,1,2,0,1,0,0,1,1,0,2,2,1,0,0,0,1,1,0,0,0,9,0,1,0,0,0,0,0,1,0,0,0,0,0,0,0,0,0,0,0,0,0,0,0,0,0,0,0,0,0,0,0,0,0,0,0,0,0,0,0,0,0,0,0,0,0,0,0,0,0,0,0,0,0,0,0,0,0,0,0,0,0,0,0,0,0,0,0,0,0,1,0,0,0,0,0,0,0,0,0,0,0,0,0,0,0,0,0,0,0,0,0,0,0,0,0,0,0,0,0,0,0,0
LK,0,0,0,0,7,0,4,0,0,0,0,1,8,1,0,5,0,0,2,11,3,0,0,0,1,15,6,3,25,1,1,0,0,0,2,3,0,0,0,0,7,1,0,0,0,0,0,0,0,0,0,0,0,0,0,0,0,0,16,3,0,0,0,1,0,0,0,0,1,3,0,2,2,0,0,0,0,0,1,0,0,0,42,0,0,0,0,0,0,0,0,0,0,0,0,0,0,0,1,0,0,0,0,0,0,0,0,0,0,0,0,0,0,0,0,0,0,0,0,0,0,1,0,0,0,0,0,0,0,0,0,0,0,0,0,0,0,0,0,0,0,0,0,0,0,0,0,0,0,0,0,0,0,0,0,0,0,0,0,0,0,0,0,0,0,0,0,0,0,0,0,0,0,0,0,0,0,0,0,0,0,0,0,0,0
LS,0,0,0,0,2,0,0,0,0,0,0,0,0,0,0,1,0,0,0,0,0,0,0,0,0,0,0,0,1,0,0,0,0,0,0,1,0,0,0,0,0,0,0,0,0,0,0,0,0,0,0,0,0,0,0,0,0,0,0,0,0,0,0,0,0,0,0,0,0,0,0,0,0,0,0,0,0,0,0,0,0,0,3,0,0,0,0,0,0,0,0,0,0,0,0,0,0,0,0,0,0,0,0,0,0,0,0,0,0,0,0,0,0,0,0,0,0,0,0,0,0,0,0,0,0,0,0,0,0,0,0,0,0,0,0,0,0,0,0,0,0,0,0,0,0,0,0,0,0,0,0,0,0,0,0,0,0,0,0,0,0,0,0,0,0,0,0,0,0,0,0,0,0,0,0,0,0,0,0,0,0,0,0,0,0
LT,1,0,1,3,23,0,6,0,0,0,0,1,20,9,0,25,0,0,10,28,4,0,0,1,1,10,5,6,98,7,2,2,1,1,8,9,1,0,0,2,15,0,2,1,1,0,0,2,1,0,0,0,1,2,0,0,0,0,51,5,4,0,1,8,0,1,0,1,0,2,0,4,3,3,1,0,0,0,1,2,0,0,198,0,3,0,0,0,0,1,0,0,0,0,0,0,0,0,23,0,0,0,0,0,0,0,1,0,0,0,1,0,0,0,0,0,0,0,0,0,0,0,0,0,0,0,0,0,0,0,0,0,0,0,0,0,0,0,0,0,0,0,0,0,2,0,0,0,0,0,0,0,0,0,0,0,0,0,0,0,0,0,0,0,0,0,0,0,0,0,0,0,0,0,0,0,0,0,0,0,0,0,0,0,0
LU,1,0,2,20,17,0,16,0,0,0,0,9,44,24,0,27,0,1,5,105,20,0,0,1,1,27,25,58,166,16,4,0,4,1,16,17,4,0,0,0,60,0,16,0,4,0,1,39,0,1,0,0,1,3,1,0,0,0,74,7,6,0,1,7,0,6,0,1,0,3,1,14,1,3,0,0,0,0,0,1,0,0,305,0,4,0,0,0,0,0,0,0,0,1,0,0,0,0,2,0,0,0,1,0,0,0,0,0,0,0,1,0,0,0,0,0,0,0,0,0,0,0,0,0,0,0,0,0,0,0,0,0,0,0,0,0,0,0,0,0,0,0,0,0,0,0,0,0,0,0,0,0,0,0,0,0,0,0,0,0,0,0,0,0,0,0,0,0,0,0,0,0,0,0,0,2,0,0,0,0,0,0,0,0,0
LV,0,0,0,1,6,0,2,3,0,0,0,3,10,13,0,4,0,0,23,32,11,0,0,1,1,14,7,10,36,4,0,0,1,0,1,2,0,0,0,3,10,0,3,2,1,0,0,1,6,0,0,0,1,1,0,0,0,0,17,6,0,0,2,6,0,3,0,0,0,3,0,56,1,5,0,0,0,0,3,1,0,0,92,0,2,0,0,0,0,1,0,0,0,0,0,0,0,0,1,0,0,0,1,0,0,0,0,0,0,0,0,0,0,0,0,0,0,0,0,0,0,0,0,0,0,0,0,0,0,0,0,0,0,0,0,0,0,0,0,0,0,0,0,0,0,0,0,0,0,0,0,0,0,0,0,0,0,0,0,0,0,0,0,0,0,0,0,0,0,0,0,0,0,0,0,0,0,0,0,0,0,0,0,0,0
MA,6,0,1,9,6,1,3,0,1,0,0,1,20,11,0,9,0,0,1,14,5,3,0,0,4,15,3,25,29,4,4,1,1,0,2,2,7,1,0,0,12,7,3,0,3,0,5,0,0,13,0,0,0,5,1,0,0,1,7,1,1,0,4,1,0,4,0,6,6,0,5,1,8,0,0,0,0,3,2,5,0,0,79,0,0,0,0,0,0,0,0,0,0,0,0,0,0,0,0,0,0,0,0,0,0,0,1,0,0,0,1,0,3,0,0,0,0,0,0,2,0,1,0,0,0,1,0,0,0,0,0,0,0,0,0,0,0,0,0,0,0,0,0,0,0,0,0,0,0,0,0,0,0,0,0,0,0,0,0,0,0,0,0,0,0,0,0,0,0,0,0,0,0,0,0,0,0,0,0,0,0,0,0,0,0
MD,0,0,0,0,0,0,0,0,0,0,0,1,0,0,0,1,0,0,0,0,0,0,0,0,0,0,0,0,0,0,0,0,0,0,0,0,1,0,0,0,0,0,0,0,0,0,0,0,0,0,0,0,0,0,0,0,0,0,0,0,0,0,0,0,0,0,0,0,0,0,0,0,0,0,0,0,0,0,0,0,0,0,1,0,0,0,0,0,0,0,0,0,0,0,0,0,0,0,0,0,0,0,0,0,0,0,0,0,0,0,0,0,0,0,0,0,0,0,0,0,0,0,0,0,0,0,0,0,0,0,0,0,0,0,0,0,0,0,0,0,0,0,0,0,0,0,0,0,0,0,0,0,0,0,0,0,0,0,0,0,0,0,0,0,0,0,0,0,0,0,0,0,0,0,0,0,0,0,0,0,0,0,0,0,0
ME,0,0,0,1,0,0,0,0,0,0,0,0,3,0,0,2,0,0,2,4,0,0,0,1,0,0,0,2,4,3,0,0,0,0,0,1,1,0,0,0,1,0,0,0,2,0,0,0,0,0,0,0,0,0,0,0,0,0,0,1,0,0,0,0,0,0,0,0,0,0,0,0,0,0,0,0,0,0,0,0,0,0,11,0,0,0,0,0,0,0,0,0,0,0,0,0,0,0,0,0,0,0,0,0,0,0,0,0,0,0,0,0,0,0,0,0,0,0,0,0,0,0,0,0,0,0,0,0,0,0,0,0,0,0,0,0,0,0,0,0,0,0,0,0,0,0,0,0,0,0,1,0,0,0,0,0,0,0,0,0,0,0,0,0,0,0,0,0,0,0,0,0,0,0,0,0,0,0,0,0,0,0,0,0,0
MK,0,0,0,0,1,0,1,0,0,0,0,0,0,0,0,0,0,0,0,3,0,0,0,0,0,0,0,0,2,0,0,0,0,0,1,0,0,0,0,0,1,0,0,0,0,0,0,0,0,0,0,0,0,0,0,0,0,0,0,0,0,0,0,0,0,0,0,0,0,0,0,1,0,0,0,0,0,0,0,0,0,0,3,0,0,0,0,0,0,0,0,0,0,0,0,0,0,0,0,0,0,0,0,0,0,0,0,0,0,0,0,0,0,0,0,0,0,0,0,0,0,0,0,0,0,0,0,0,0,0,0,0,0,0,0,0,0,0,0,0,0,0,0,0,0,0,0,0,0,0,0,0,0,0,0,0,0,0,0,0,0,0,0,0,0,0,0,0,0,0,0,0,0,0,0,0,0,0,0,0,0,0,0,0,0
ML,0,0,0,0,0,0,2,0,0,0,0,0,3,3,0,3,0,0,1,5,0,0,0,0,0,0,0,7,6,0,1,0,0,0,0,0,0,0,0,0,1,0,1,0,1,0,0,0,0,0,0,0,0,0,0,0,0,0,1,1,0,0,0,0,0,0,0,0,0,1,1,0,1,0,0,0,0,0,0,2,0,0,11,0,0,0,0,0,0,0,0,0,0,0,0,0,0,0,0,0,0,1,0,0,0,1,0,0,0,0,0,0,0,0,0,0,0,0,0,0,0,0,0,0,0,0,0,0,0,0,0,0,0,0,0,0,0,0,0,0,0,0,0,0,0,0,0,0,0,0,0,0,0,0,0,0,0,0,0,0,0,0,0,0,0,0,0,0,0,0,0,0,0,0,0,0,0,0,0,0,0,0,0,0,0
MM,0,0,0,0,0,0,0,0,0,0,0,0,1,0,0,0,0,0,1,2,0,0,0,0,0,0,0,1,2,0,0,0,0,0,0,0,0,0,0,0,0,0,0,0,0,0,0,0,0,0,0,0,0,0,0,0,0,0,0,0,0,0,0,0,0,0,0,0,0,1,0,0,0,0,0,0,0,0,0,0,0,0,7,0,0,0,0,0,0,0,0,0,0,0,0,0,0,0,0,0,0,0,0,0,0,0,0,0,0,0,0,0,0,0,0,0,0,0,0,0,0,0,0,0,0,0,0,0,0,0,0,0,0,0,0,0,0,0,0,0,0,0,0,0,0,0,0,0,0,0,0,0,0,0,0,0,0,0,0,0,0,0,0,0,0,0,0,0,0,0,0,0,0,0,0,0,0,0,0,0,0,0,0,0,0
MN,0,0,0,1,4,0,5,0,0,0,0,0,9,0,0,12,0,0,0,18,2,0,0,0,0,7,2,6,15,1,0,0,0,0,3,2,3,0,0,0,13,0,2,0,0,0,0,1,0,0,0,0,0,0,0,0,0,0,5,2,2,0,0,0,0,0,0,0,1,0,0,1,1,0,0,0,0,0,0,0,0,0,37,0,0,0,0,0,0,0,0,0,0,0,0,0,0,0,0,0,0,0,1,0,0,0,0,0,0,0,0,0,0,0,0,0,0,0,0,0,0,0,0,0,0,0,0,0,0,0,0,0,0,0,0,0,0,0,0,0,0,0,0,0,0,0,0,0,0,0,0,0,0,0,0,0,0,0,0,0,0,0,0,0,0,0,0,0,0,0,0,0,0,0,0,0,0,0,0,0,0,0,0,0,0
MO,9,0,0,11,27,1,11,1,1,0,0,2,42,23,0,90,0,2,11,62,5,0,0,0,2,11,5,19,118,2,15,0,2,3,11,12,13,1,4,0,21,2,13,0,9,0,1,0,2,0,0,12,2,2,6,0,0,4,22,14,6,2,7,4,0,3,0,6,4,15,2,15,7,0,0,0,0,0,1,5,0,0,220,0,4,0,0,0,0,0,1,0,0,0,0,0,0,0,1,0,0,0,0,0,0,0,0,0,0,0,0,1,0,0,0,0,0,0,0,1,0,2,0,0,0,0,0,0,0,0,0,0,0,0,0,0,0,0,0,1,0,0,0,0,0,0,0,0,0,0,0,0,0,0,0,0,0,0,0,0,0,0,0,0,0,0,0,0,0,0,0,0,0,0,0,0,0,0,0,0,0,0,0,0,0
MT,0,1,0,2,7,1,1,0,0,0,0,0,6,0,0,2,0,0,2,4,5,0,0,0,0,7,1,2,26,3,0,0,0,0,0,2,2,0,0,0,9,0,1,0,0,0,0,0,0,0,0,0,9,1,1,0,0,1,1,1,0,0,0,0,0,0,0,0,0,1,0,4,1,0,0,0,0,0,0,0,0,0,35,0,0,0,0,0,0,0,1,0,0,0,0,0,0,0,0,0,0,0,0,0,0,0,0,0,0,0,0,0,0,0,0,0,0,0,0,0,0,0,0,0,0,0,0,0,0,0,0,0,0,0,0,0,0,0,0,0,0,0,0,0,0,0,0,0,0,0,0,0,0,0,0,0,0,0,0,0,0,0,0,0,0,0,0,0,0,0,0,0,0,0,0,0,0,0,0,0,0,0,0,0,0
MU,0,0,0,0,0,0,0,0,0,0,0,0,0,0,0,0,0,0,0,1,0,0,0,0,0,0,0,0,3,0,0,0,0,0,0,0,0,0,0,0,0,0,0,0,0,0,0,0,0,0,0,0,0,0,0,0,0,0,0,1,0,0,0,0,0,0,0,0,0,0,0,0,0,0,0,0,0,0,0,0,0,0,1,0,0,0,0,0,0,0,0,0,0,0,0,0,0,0,0,0,0,0,0,0,0,0,0,0,0,0,0,0,0,0,0,0,0,0,0,0,0,0,0,0,0,0,0,0,0,0,0,0,0,0,0,0,0,0,0,0,0,0,0,0,0,0,0,0,0,0,0,0,0,0,0,0,0,0,0,0,0,0,0,0,0,0,0,0,0,0,0,0,0,0,0,0,0,0,0,0,0,0,0,0,0
MW,0,0,1,0,2,0,0,0,0,0,0,0,5,0,0,3,0,0,0,1,0,0,0,0,0,1,0,0,5,0,0,1,1,0,0,0,1,0,0,0,0,1,0,2,2,1,0,0,1,0,0,0,0,0,1,0,0,1,1,0,0,0,4,0,0,0,0,0,0,0,0,1,0,0,0,0,0,0,1,2,0,1,43,0,7,0,0,0,0,0,0,0,0,0,0,0,0,0,0,0,0,0,0,7,0,0,0,0,0,0,0,0,0,0,0,0,0,0,0,0,0,0,0,0,0,0,0,0,0,0,0,0,0,0,0,0,0,0,0,0,0,0,0,0,0,0,0,0,0,0,0,0,0,0,0,0,0,0,0,0,0,0,0,0,0,0,0,0,0,0,0,0,0,0,0,0,0,0,0,0,0,0,0,0,0
MX,1,0,10,17,45,2,16,0,0,0,3,23,48,25,13,33,12,2,6,87,12,0,4,1,3,77,14,37,155,14,4,3,2,7,11,9,8,0,1,0,63,2,21,1,6,0,0,2,1,1,0,0,0,68,6,0,0,1,37,6,5,0,2,8,0,6,0,3,3,7,1,15,10,3,5,0,0,0,4,2,0,0,431,0,6,0,0,5,9,2,12,0,0,0,0,0,0,0,1,0,0,0,0,0,0,0,1,0,2,0,1,6,0,0,0,0,0,0,0,0,0,0,0,0,0,0,0,0,0,0,0,0,0,0,0,0,0,0,2,0,0,0,0,0,0,0,0,0,0,0,0,0,0,0,0,0,0,0,0,0,0,0,0,0,0,0,0,0,0,0,0,0,0,0,2,0,0,0,0,0,0,0,0,0,0
MY,9,0,2,26,59,12,10,1,0,1,1,8,59,22,5,141,2,5,5,87,17,4,1,4,6,33,20,43,193,30,24,2,4,13,17,12,38,2,41,0,77,7,20,2,27,0,3,1,1,1,0,3,1,3,93,15,0,13,37,23,13,2,17,8,0,11,0,4,7,11,19,25,23,2,0,0,0,0,16,37,0,1,447,0,20,1,0,0,2,6,1,0,0,0,0,0,0,0,5,0,0,0,0,0,0,0,2,0,2,0,1,2,7,0,0,1,0,0,0,4,0,3,1,0,0,0,0,3,1,1,1,0,0,0,0,0,0,2,0,0,0,0,0,0,1,0,0,0,0,0,0,0,0,0,0,0,1,0,0,0,0,0,0,0,0,0,0,0,0,0,0,0,0,0,0,0,0,0,0,0,0,0,0,0,0
NA,2,0,0,1,17,1,2,0,0,0,0,0,14,3,2,4,0,0,0,11,17,0,0,0,0,3,1,3,30,3,1,2,0,0,2,1,14,0,1,0,1,1,0,1,0,0,0,0,0,1,0,0,0,1,18,45,0,0,2,4,5,0,4,1,0,1,0,1,1,0,2,2,3,0,0,0,0,1,0,0,0,0,58,1,45,0,0,0,0,2,0,0,0,0,0,0,0,0,0,0,0,0,0,0,0,0,0,0,0,0,0,0,3,0,0,0,0,0,0,0,0,0,0,0,0,0,0,0,0,3,0,0,0,0,0,0,0,0,0,0,0,0,0,0,0,0,0,0,0,0,0,0,0,0,0,0,0,0,0,0,0,0,0,0,0,0,0,0,0,0,0,0,0,0,0,0,0,0,0,0,0,0,0,0,0
NG,2,0,2,8,46,5,2,0,2,0,0,7,57,7,3,43,2,2,0,48,6,0,1,17,3,31,11,12,114,7,5,3,5,6,10,5,41,2,13,0,27,7,14,3,21,0,0,1,1,2,0,1,1,1,26,1,0,125,30,11,11,3,27,12,1,9,0,3,3,7,7,7,6,5,2,0,0,3,8,13,1,2,319,0,50,2,0,0,1,2,1,1,0,0,0,1,0,0,1,0,0,0,0,2,0,0,7,0,3,0,0,5,2,1,4,1,0,0,0,0,0,2,2,0,0,0,0,6,1,6,0,0,0,0,0,0,0,0,0,1,0,0,0,0,0,2,0,1,0,0,0,0,0,0,0,0,2,0,0,0,0,0,0,0,0,0,0,0,0,0,0,0,0,0,0,0,0,0,0,0,0,0,0,0,0
NL,19,0,11,169,451,3,237,14,2,2,1,98,509,302,21,239,9,21,88,1077,191,2,12,22,7,274,158,388,2065,90,54,11,27,21,172,144,76,2,13,7,479,10,184,4,92,2,3,27,8,6,2,3,22,32,26,1,1,7,1686,110,77,3,12,47,0,90,0,16,18,42,15,270,68,28,12,0,0,5,54,34,7,2,4514,1,46,0,0,4,1,4,7,0,1,1,3,1,0,0,10,0,0,0,10,0,0,2,2,0,9,1,10,8,7,0,1,0,0,0,0,0,0,2,5,0,0,1,2,1,0,0,0,0,1,0,0,0,2,2,3,1,0,0,0,0,0,0,1,0,0,1,1,0,0,0,0,0,0,0,0,0,0,1,0,0,0,0,1,1,0,1,0,0,0,0,2,0,0,0,0,0,0,0,0,0,0
NO,7,0,2,53,103,0,43,5,1,0,0,21,150,79,4,58,0,3,42,253,50,1,3,4,2,74,40,93,509,28,19,2,13,3,40,58,13,1,2,3,114,2,60,2,11,0,2,3,3,3,1,1,1,12,19,0,0,2,169,230,33,2,6,22,1,35,0,6,2,15,7,103,20,13,1,0,1,0,4,8,1,2,1097,1,17,0,0,1,0,3,2,0,0,0,0,1,0,0,3,0,0,0,3,0,0,0,1,0,2,0,1,1,4,0,0,2,0,0,1,1,0,1,0,0,0,1,0,1,0,0,0,0,0,0,0,0,3,0,0,0,0,0,0,0,0,0,0,0,0,0,0,0,0,0,0,0,0,0,0,0,0,0,0,0,0,0,0,0,0,0,0,0,0,0,0,0,0,0,0,0,0,0,0,0,0
NP,0,0,0,0,2,0,2,0,0,0,0,0,1,0,0,2,0,0,0,10,0,0,0,0,0,3,0,2,5,0,0,0,0,0,1,1,0,0,0,0,2,0,1,0,0,0,0,0,0,0,0,0,0,0,0,0,0,0,1,1,1,0,0,1,0,0,0,0,0,1,0,0,1,0,0,0,0,0,0,0,0,0,16,0,0,0,0,0,0,0,0,0,0,0,0,0,0,0,0,0,0,0,0,0,0,0,0,0,0,0,0,0,0,0,0,0,0,0,0,0,0,0,0,0,0,0,0,0,0,0,0,0,0,0,0,0,0,0,0,0,0,0,0,0,0,0,0,0,0,0,0,0,0,0,0,0,0,0,0,0,0,0,0,0,0,0,0,0,0,0,0,0,0,0,0,0,0,0,0,0,0,0,0,0,0
NZ,1,0,3,11,66,1,7,1,1,0,0,5,77,22,1,36,2,3,5,99,9,0,1,3,3,18,12,35,187,11,14,0,2,2,12,19,14,0,3,2,56,0,13,1,13,0,0,1,1,2,0,1,1,4,2,0,0,1,45,9,122,4,2,4,0,7,0,2,3,6,6,13,15,4,1,0,0,2,10,3,0,0,517,0,4,0,1,0,0,11,0,0,0,0,0,0,0,0,0,0,0,0,0,0,0,0,0,0,1,0,0,2,0,1,0,6,0,0,0,0,1,1,0,0,0,0,0,0,0,0,0,0,0,0,0,0,0,1,0,0,0,0,0,0,0,0,0,0,0,0,0,0,0,0,0,0,0,0,0,0,0,0,0,0,0,0,0,0,0,0,0,0,0,0,0,0,0,0,0,0,0,0,0,0,0
OM,1,0,0,0,0,0,0,0,0,0,0,0,0,0,0,0,0,0,0,0,0,0,0,0,0,0,0,0,1,0,0,0,0,0,0,0,0,0,0,0,0,0,0,0,0,0,0,0,0,1,0,0,0,0,0,0,0,0,1,0,0,0,0,0,0,0,0,0,0,0,0,0,0,0,0,0,0,0,0,0,0,0,3,0,0,0,0,0,0,0,0,0,0,0,0,0,0,0,0,0,0,0,0,0,0,0,0,0,0,0,0,0,0,0,0,0,0,0,0,0,0,0,0,0,0,0,0,0,0,0,0,0,0,0,0,0,0,0,0,0,0,0,0,0,0,0,0,0,0,0,0,0,0,0,0,0,0,0,0,0,0,0,0,0,0,0,0,0,0,0,0,0,0,0,0,0,0,0,0,0,0,0,0,0,0
PE,1,0,3,3,5,0,1,0,0,0,1,6,7,3,1,11,4,0,3,13,2,0,3,1,0,29,1,6,21,10,1,2,0,0,1,8,4,0,1,0,3,0,5,0,1,0,0,0,0,1,0,0,0,10,0,0,0,0,6,2,0,0,1,1,0,0,0,0,0,0,1,2,0,0,0,0,0,0,1,0,0,0,64,0,0,0,0,1,2,0,11,0,1,0,0,0,0,0,0,0,0,0,0,0,0,0,0,0,0,0,0,0,0,0,0,0,0,0,0,0,0,0,0,0,0,0,0,0,0,0,0,0,0,0,0,0,0,0,1,0,0,0,0,0,0,0,0,0,0,0,0,0,0,0,0,0,0,0,0,0,0,0,0,0,0,0,0,0,0,0,0,0,0,0,0,0,0,0,0,0,0,0,0,0,0
PH,1,0,1,4,16,2,3,1,0,0,0,1,8,1,0,23,3,1,0,13,3,2,0,1,2,9,2,11,16,5,1,0,4,4,2,4,11,0,0,0,15,0,2,2,3,2,0,0,0,0,0,1,2,0,5,0,0,5,6,0,5,13,3,2,1,1,0,1,2,1,0,6,3,1,0,0,0,0,3,2,0,1,73,0,6,0,0,0,0,0,2,0,0,0,0,0,0,1,1,0,0,0,0,0,0,0,0,0,1,0,1,2,0,0,0,0,0,0,0,2,0,0,0,0,0,0,0,0,0,2,0,0,1,1,0,0,0,0,0,0,0,0,0,0,0,0,0,0,0,0,0,0,0,0,0,0,0,0,0,0,0,0,0,0,0,0,0,0,0,0,0,0,0,0,0,0,0,0,0,0,1,0,0,0,0
PK,11,1,2,10,55,7,5,0,0,0,0,7,40,18,5,75,1,1,17,73,9,2,1,2,5,42,23,16,133,11,19,1,4,3,12,19,51,0,15,1,34,4,25,3,15,0,1,0,1,1,0,3,0,3,22,0,0,18,24,13,11,1,116,8,2,11,0,4,2,9,17,24,8,2,1,0,0,0,18,15,0,0,446,0,24,2,0,2,1,4,2,1,0,0,0,0,0,0,1,0,0,0,0,1,0,1,1,0,1,0,2,2,4,0,1,0,0,0,0,7,0,2,2,0,0,0,0,4,0,0,0,0,3,0,0,0,1,0,0,1,0,0,0,0,0,0,0,0,0,0,0,0,1,0,1,0,1,0,0,0,0,0,0,0,0,0,0,0,0,0,0,0,0,0,0,0,0,0,0,0,0,0,0,0,0
PL,8,0,3,21,77,3,54,3,0,0,1,13,87,40,4,61,1,6,40,161,20,0,0,8,5,46,31,68,320,21,11,2,5,2,30,40,15,0,6,3,109,1,19,0,11,0,0,3,2,0,0,3,1,9,5,0,0,2,119,21,16,0,5,181,0,13,0,2,2,13,3,51,11,9,4,0,0,0,7,8,2,0,663,0,7,0,0,0,0,0,0,0,0,2,1,1,0,0,6,0,0,0,0,1,0,0,1,0,1,0,2,0,1,0,0,1,0,0,0,1,0,1,1,0,1,0,0,0,0,0,1,1,0,0,0,0,0,0,1,0,0,0,0,0,0,0,0,0,0,0,0,0,0,0,0,0,0,0,0,0,0,0,0,0,0,0,0,0,1,0,0,0,0,0,0,0,0,0,0,0,0,0,0,0,0
PR,0,0,0,0,1,0,1,0,0,0,0,0,3,0,0,1,0,0,0,2,1,0,0,0,0,0,0,11,5,0,1,0,0,0,1,0,0,0,0,0,1,0,1,0,1,0,0,0,0,0,0,0,0,1,0,0,0,0,1,1,0,0,0,0,0,0,0,0,0,0,0,1,0,0,0,0,0,0,0,0,0,0,28,0,0,0,0,0,0,0,0,0,0,0,0,0,0,0,0,0,0,0,0,0,0,0,0,0,0,0,0,0,0,0,0,0,0,0,0,0,0,0,0,0,0,0,0,0,0,0,0,0,0,0,0,0,0,0,0,0,0,0,0,0,0,0,0,0,0,0,0,0,0,0,0,0,0,0,0,0,0,0,0,0,0,0,0,0,0,0,0,0,0,0,0,0,0,0,0,0,0,0,0,0,0
PS,8,0,0,0,5,0,2,0,1,2,0,0,6,3,0,2,0,1,0,4,1,2,0,0,1,5,2,10,21,5,0,0,0,0,2,1,5,0,0,0,6,0,2,0,4,0,0,0,0,1,0,1,0,1,1,0,0,0,6,0,1,0,2,0,2,1,0,5,0,4,4,0,0,0,0,0,0,1,1,2,0,0,69,0,2,0,0,0,0,0,0,0,0,0,0,0,0,0,0,0,0,0,0,0,0,0,0,0,0,0,0,1,1,0,0,0,0,0,0,0,0,0,0,0,0,0,0,0,0,0,0,0,0,0,0,0,0,0,0,0,0,0,0,0,0,0,0,0,0,0,0,0,0,0,0,0,0,0,0,0,0,0,0,0,0,0,0,0,0,0,0,0,0,0,0,0,0,0,0,0,0,0,0,0,0
PT,2,0,2,33,71,3,40,4,0,0,0,56,93,53,6,67,3,6,38,227,20,2,1,5,2,117,29,100,363,34,8,3,15,5,36,33,38,5,4,2,168,8,55,2,17,0,1,3,1,3,0,1,2,10,10,1,1,3,128,32,22,1,2,11,0,192,0,2,6,16,7,58,8,7,3,0,0,1,9,9,2,2,837,0,11,1,0,0,2,3,1,0,0,0,1,0,0,0,2,0,0,0,0,0,0,1,0,0,3,0,0,5,4,0,0,0,0,0,0,0,0,1,0,0,0,0,0,1,0,0,0,0,0,0,0,0,0,0,1,0,0,0,1,0,0,1,1,0,0,1,0,0,0,0,0,0,0,0,0,0,0,0,0,0,0,0,0,0,0,0,0,0,0,0,0,0,0,0,0,0,0,1,0,0,0
PY,0,0,1,0,2,0,0,0,0,0,0,1,1,0,0,2,0,0,0,0,0,0,0,0,0,3,0,0,5,0,2,0,0,0,0,0,0,0,0,0,0,0,1,0,0,0,0,0,0,0,0,0,0,0,1,0,0,0,1,0,0,1,0,0,0,0,1,1,0,0,0,0,0,0,0,0,0,0,0,1,0,0,8,0,0,0,0,0,0,1,0,0,0,0,0,0,0,0,0,0,0,0,0,0,0,0,0,0,0,0,0,0,0,0,0,0,0,0,0,0,0,0,0,0,0,0,0,0,0,0,0,0,0,0,0,0,0,0,0,0,0,0,0,0,0,0,0,0,0,0,0,0,0,0,0,0,0,0,0,0,0,0,0,0,0,0,0,0,0,0,0,0,0,0,0,0,0,0,0,0,0,0,0,0,0
QA,11,0,1,4,19,0,10,0,1,1,1,6,27,11,2,30,1,0,4,71,6,1,1,2,6,26,11,23,108,7,8,0,1,2,8,11,17,2,4,0,27,1,8,1,9,0,3,0,0,3,0,1,0,5,6,1,0,0,28,8,9,1,0,9,2,2,1,44,0,3,4,20,10,1,0,1,0,5,38,11,0,1,328,0,2,0,0,0,0,0,0,0,0,1,0,0,0,0,0,0,0,0,0,0,0,0,0,0,0,0,0,0,0,0,1,0,0,0,0,0,0,0,1,0,0,0,1,0,0,0,0,0,0,0,0,0,0,0,0,0,0,0,0,0,0,0,0,1,0,0,0,0,0,0,0,0,0,0,0,0,0,0,0,0,0,0,0,0,0,0,0,0,0,0,0,0,0,0,0,0,0,0,0,0,0
RE,0,0,0,0,3,0,1,0,0,0,0,0,1,0,0,0,0,0,0,2,0,0,0,0,0,0,0,3,8,0,0,0,0,0,0,1,0,0,0,0,2,0,0,0,0,0,0,0,0,0,0,0,0,0,0,0,0,0,4,0,0,0,0,0,0,0,0,0,0,0,0,1,0,0,0,0,0,0,1,0,0,0,44,0,0,0,0,0,0,0,0,0,0,0,0,0,0,0,0,0,0,0,0,0,0,0,0,0,0,0,1,0,0,0,0,0,0,0,0,0,0,0,0,0,0,0,0,0,0,0,0,0,0,0,0,0,0,0,0,0,0,0,0,0,0,0,0,0,0,0,0,0,0,0,0,0,0,0,0,0,0,0,0,0,0,0,0,0,0,0,0,0,0,0,0,0,0,0,0,0,0,0,0,0,0
RO,0,0,1,10,26,0,16,1,0,0,0,3,30,11,3,16,0,2,15,64,14,0,0,6,0,23,10,23,116,12,5,0,1,1,7,10,4,1,0,0,41,0,13,0,10,0,0,1,0,1,0,1,1,4,6,0,0,0,47,5,14,0,0,4,0,14,0,0,69,8,0,19,8,4,3,0,0,0,5,3,1,0,241,0,2,0,0,0,0,0,0,0,0,1,0,0,0,0,0,0,0,0,0,0,0,0,0,0,0,0,1,2,3,0,0,0,0,0,0,0,0,1,0,0,0,0,0,0,0,0,0,0,0,0,0,0,0,1,0,0,0,0,0,0,0,0,0,0,0,0,0,0,0,0,0,0,0,0,0,0,0,0,0,0,0,0,0,0,0,0,0,0,0,0,0,0,0,0,0,0,0,0,0,0,0
RS,0,0,0,3,16,1,8,0,0,0,0,3,31,11,0,17,1,0,9,70,6,0,1,2,1,27,3,29,69,3,3,5,5,1,14,8,9,0,2,0,27,0,6,0,0,0,0,1,0,0,0,0,0,6,0,0,0,1,35,5,5,1,2,9,0,1,0,0,4,7,1,6,8,5,0,0,0,1,4,6,1,0,183,0,2,0,0,0,0,1,0,0,0,0,0,0,0,0,0,0,0,0,1,0,0,1,0,0,81,0,0,4,1,0,0,0,0,0,0,0,0,0,0,0,0,0,0,0,0,0,0,0,0,0,0,0,0,0,0,0,0,0,0,1,0,0,0,0,0,0,1,0,0,0,0,0,0,1,0,0,0,0,0,0,0,0,0,0,0,0,0,0,0,0,0,0,0,0,0,0,0,0,0,0,0
RU,2,0,0,17,44,1,17,4,0,0,0,22,67,25,4,51,2,1,24,123,23,0,0,3,3,37,25,46,191,5,7,3,4,3,20,26,10,0,36,3,61,1,17,0,10,0,0,1,4,0,1,0,1,4,4,0,0,0,56,13,6,1,4,11,0,11,0,6,8,97,0,25,5,3,3,0,1,1,14,6,4,1,467,2,3,0,0,0,0,0,0,0,0,0,0,0,0,0,1,0,0,0,0,0,0,0,0,0,10,0,1,2,1,0,0,0,0,0,0,0,0,0,2,0,0,0,0,0,0,0,1,0,0,0,0,0,0,0,0,0,0,0,0,0,0,0,0,0,0,0,0,0,0,0,0,0,0,0,0,0,0,0,0,0,0,0,0,0,0,0,0,0,0,0,0,0,0,0,0,0,0,0,0,0,0
RW,0,0,0,0,1,0,1,0,0,0,0,0,2,0,0,37,0,1,0,2,0,0,0,0,0,3,0,0,5,3,0,0,0,0,0,0,2,0,0,0,1,0,2,0,0,0,0,0,0,1,0,0,0,0,0,0,0,0,1,0,1,0,0,1,0,0,0,0,0,0,0,0,0,0,0,0,0,0,0,1,0,0,9,0,0,0,0,0,0,0,0,0,0,0,0,0,0,0,0,0,0,0,0,0,0,0,0,0,0,0,0,1,0,0,0,0,0,0,0,0,0,0,0,0,0,0,0,0,0,0,0,0,0,0,0,0,0,0,0,0,0,0,0,0,0,0,0,0,0,0,0,0,0,0,0,0,0,0,0,0,0,0,0,0,0,0,0,0,0,0,0,0,0,0,0,0,0,0,0,0,0,0,0,0,0
SA,8,0,2,3,18,0,2,2,1,2,1,6,24,25,3,38,2,0,7,68,9,5,1,1,6,16,8,21,87,9,8,0,0,5,6,14,22,0,1,0,45,10,16,1,8,0,3,0,1,5,0,1,0,3,3,0,0,0,15,7,4,0,14,5,2,7,1,15,1,8,24,12,3,2,2,1,0,0,7,4,0,0,228,0,6,0,0,0,0,1,0,0,0,0,1,0,0,0,0,0,0,0,0,0,0,1,2,0,1,1,0,1,4,0,0,0,0,0,0,1,0,1,0,0,0,0,0,0,0,0,1,0,0,0,0,0,0,0,0,0,0,0,0,0,0,0,0,0,0,0,1,0,0,0,0,0,0,0,0,0,0,0,1,0,0,0,0,0,0,0,0,0,0,0,0,0,0,0,0,0,0,0,0,0,0
SD,0,0,0,0,0,0,0,0,0,0,0,0,1,1,0,0,0,0,0,1,0,0,0,0,1,0,0,0,0,0,0,0,0,0,0,0,0,0,0,0,0,0,0,0,0,0,1,0,0,1,0,0,0,0,0,0,0,0,0,0,0,0,1,0,0,0,0,0,0,0,0,0,0,0,0,0,0,0,0,0,0,0,3,0,0,0,0,0,0,0,0,0,0,0,0,0,0,0,0,0,0,0,0,0,0,0,0,0,0,0,0,0,0,0,0,0,0,0,0,0,0,0,0,0,0,0,0,0,0,0,0,0,0,0,0,0,0,0,0,0,0,0,0,0,0,0,0,0,0,0,0,0,0,0,0,0,0,0,0,0,0,0,0,0,0,0,0,0,0,0,0,0,0,0,0,0,0,0,0,0,0,0,0,0,0
SE,4,0,7,70,157,3,69,9,0,1,0,32,235,106,3,132,0,5,66,460,93,3,3,10,5,115,93,147,810,43,28,8,21,4,54,81,43,2,8,3,227,0,98,5,32,0,1,3,6,2,0,2,3,25,5,0,0,2,268,93,40,3,6,29,1,21,0,8,7,26,2,537,28,21,6,0,0,1,35,25,1,2,1928,0,19,0,0,0,0,0,0,0,1,1,2,0,0,0,2,0,0,0,1,0,0,2,1,0,3,0,7,9,3,0,0,0,0,0,0,0,0,1,2,0,0,0,0,0,0,0,1,0,1,0,1,0,1,1,0,0,0,0,0,0,0,0,0,0,0,0,0,0,0,0,0,0,0,0,0,0,0,0,0,0,0,0,0,0,0,0,0,0,0,0,0,0,0,0,0,0,0,0,0,0,0
SG,4,0,0,22,91,2,23,2,0,0,0,11,112,61,8,186,2,5,24,149,20,0,0,4,6,45,24,61,332,12,27,0,3,3,18,28,36,1,7,0,58,1,61,2,20,0,1,0,1,0,1,1,1,14,7,1,1,3,66,13,10,3,1,11,0,9,0,20,1,12,6,50,158,2,7,0,0,0,8,15,4,1,897,1,9,0,0,0,0,0,1,0,0,1,0,0,0,0,3,0,0,0,0,0,0,0,1,1,1,0,2,2,4,0,1,0,0,0,1,0,0,2,0,0,0,0,0,0,0,0,0,0,0,0,0,0,0,1,0,0,0,0,0,0,0,0,0,0,0,0,0,0,0,0,5,0,0,0,0,0,0,0,0,0,0,0,0,0,0,0,0,0,0,0,0,0,1,0,0,0,0,0,0,0,0
SI,4,0,2,10,23,4,13,6,0,0,0,10,47,22,3,23,0,1,37,76,16,0,1,9,3,27,20,46,122,13,4,5,14,2,13,16,5,0,4,6,48,0,17,0,6,1,0,2,4,0,1,0,3,2,4,0,0,0,75,4,7,0,0,17,0,12,0,1,6,6,1,24,5,46,1,0,0,0,3,4,0,0,322,0,1,0,0,0,0,0,2,0,0,0,0,0,0,0,4,0,0,0,1,0,0,1,0,0,3,0,0,3,1,0,0,0,0,0,0,0,0,0,1,0,0,0,0,0,0,0,0,0,0,0,0,0,0,0,1,0,0,0,0,0,1,0,0,0,0,0,0,0,0,0,0,0,0,0,0,0,0,1,0,0,0,0,0,0,0,0,0,0,0,0,0,0,0,0,0,0,0,0,0,0,0
SK,0,0,4,21,22,0,13,0,0,0,0,15,30,25,0,31,1,0,41,49,5,0,1,4,0,26,6,19,101,21,3,2,17,1,4,14,8,0,2,0,28,0,9,2,9,0,0,1,0,0,0,0,0,0,0,0,0,0,36,6,7,0,1,9,0,5,0,0,3,5,1,23,3,12,29,0,0,0,3,7,2,1,242,0,4,0,0,1,0,1,0,0,0,0,0,1,0,0,2,0,0,0,0,0,0,0,0,0,3,0,0,2,4,0,0,0,0,0,0,0,0,0,0,0,0,0,0,0,0,0,0,0,0,0,1,0,0,0,1,0,0,0,0,0,0,0,0,0,0,1,0,0,0,0,0,0,0,0,0,0,0,0,0,0,0,0,0,0,0,0,0,0,0,0,0,0,0,0,0,0,0,0,0,0,0
SM,0,0,0,2,0,0,1,0,0,0,0,0,1,0,0,0,0,1,0,0,2,0,0,0,0,0,1,0,4,1,0,0,0,0,1,0,0,0,0,0,8,0,0,0,0,0,0,0,0,0,0,0,0,0,0,0,0,0,2,0,1,0,0,0,0,0,0,0,0,0,0,0,0,0,0,0,0,0,0,0,0,0,3,0,0,0,0,0,0,0,0,0,0,0,0,0,0,0,0,0,0,0,0,0,0,0,0,0,0,0,0,0,0,0,0,0,0,0,0,0,0,0,0,0,0,0,0,0,0,0,0,0,0,0,0,0,0,0,0,0,0,0,0,0,0,0,0,0,0,0,0,0,0,0,0,0,0,0,0,0,0,0,0,0,0,0,0,0,0,0,0,0,0,0,0,0,0,0,0,0,0,0,0,0,0
SN,0,0,0,0,0,0,0,0,0,0,0,0,0,0,0,1,0,0,1,0,0,0,0,0,0,0,0,1,2,0,0,0,0,0,0,0,0,0,0,0,0,0,0,0,0,0,0,0,0,0,0,0,0,0,0,0,0,0,0,1,0,0,0,0,0,0,0,0,0,0,0,1,0,0,0,0,0,0,0,0,0,0,10,0,0,0,0,0,0,0,0,0,0,0,0,0,0,0,0,0,0,0,0,0,0,0,0,0,0,0,0,0,0,0,0,0,0,0,0,0,0,0,0,0,0,0,0,0,0,0,0,0,0,0,0,0,0,0,0,0,0,0,0,0,0,0,0,0,0,0,0,0,0,0,0,0,0,0,0,0,0,0,0,0,0,0,0,0,0,0,0,0,0,0,0,0,0,0,0,0,0,0,0,0,0
SO,0,0,0,0,0,0,1,0,0,0,0,0,0,0,0,0,0,0,0,0,0,0,0,0,0,3,0,0,2,0,0,0,0,0,0,0,0,0,0,0,3,0,0,1,0,0,0,0,0,0,0,0,0,0,0,0,0,0,0,0,0,0,0,0,0,0,0,0,0,0,0,0,0,0,0,0,0,0,0,0,0,0,4,0,1,0,0,0,0,0,0,0,0,0,0,0,0,0,0,0,0,0,0,0,0,0,0,0,0,0,0,0,0,0,0,0,0,0,0,0,0,0,0,0,0,0,0,0,0,0,0,0,0,0,0,0,0,0,0,0,0,0,0,0,2,0,0,0,0,0,0,0,0,0,0,0,0,0,0,0,0,0,0,0,0,0,0,0,0,0,0,0,0,0,0,0,0,0,0,0,0,0,0,0,0
SS,0,0,0,0,1,0,1,0,0,0,0,0,11,0,0,1,0,1,1,4,0,0,0,0,0,5,0,1,45,0,1,0,0,0,0,3,0,0,0,0,10,0,0,0,1,0,0,0,0,0,0,0,0,0,0,0,0,0,1,1,0,0,0,1,0,0,0,0,0,0,0,0,1,0,0,0,0,0,0,1,0,0,52,0,0,0,0,0,0,0,0,0,0,0,0,0,0,0,0,0,0,0,0,0,0,0,0,0,0,0,5,1,0,0,0,0,0,0,0,0,0,0,0,0,0,0,0,0,0,0,0,0,0,0,0,0,0,0,0,0,0,0,0,0,0,0,0,0,0,0,0,0,0,0,0,0,0,0,0,0,0,0,0,0,0,0,0,0,0,0,0,0,0,0,0,0,0,0,0,0,0,0,0,0,0
TH,4,0,1,3,27,4,7,0,0,0,0,5,48,14,4,60,1,3,6,46,16,0,2,2,3,17,7,22,130,10,10,3,5,6,9,13,18,1,2,0,32,0,13,2,15,1,1,0,0,1,0,2,1,4,5,0,0,9,39,8,11,2,1,3,0,2,0,2,6,1,5,9,9,2,0,0,0,0,4,16,1,1,277,0,9,1,1,0,0,2,1,0,0,1,0,1,0,0,1,0,0,0,0,1,0,2,0,1,4,0,2,31,2,0,0,0,0,0,0,0,0,1,0,1,0,0,0,1,0,0,0,0,0,0,0,0,0,0,1,0,0,0,0,0,0,0,0,0,0,0,0,0,0,0,0,0,0,0,0,0,0,0,0,0,0,0,0,0,0,0,0,0,0,0,0,0,0,0,0,0,0,0,0,0,0
TJ,0,0,0,1,6,0,0,0,0,0,0,0,7,2,0,12,0,0,2,6,1,0,0,1,0,1,2,2,12,1,2,0,0,0,0,0,1,0,1,0,15,0,0,0,1,0,0,0,0,0,0,0,0,0,0,0,0,0,1,0,0,0,0,2,0,0,0,0,0,14,0,0,1,0,0,0,0,0,0,0,0,0,15,0,0,0,0,0,0,0,0,0,0,0,0,0,0,0,0,0,0,0,0,0,0,0,0,0,0,0,0,0,0,0,0,0,0,0,0,0,0,0,0,0,0,0,0,0,0,0,0,0,0,0,0,0,0,0,0,0,0,0,0,0,0,0,0,0,0,0,0,0,0,0,0,0,0,0,0,0,0,0,0,0,0,0,0,0,0,0,0,0,0,0,0,0,0,0,0,0,0,0,0,0,0
TN,9,0,1,0,9,0,3,1,4,2,0,0,12,10,1,6,0,0,2,13,0,8,0,0,3,4,2,40,29,3,1,0,3,0,2,1,4,1,0,0,12,2,4,1,1,0,1,0,1,3,0,0,0,0,4,0,0,0,10,0,2,1,1,2,0,0,0,8,0,1,6,1,1,0,0,0,0,18,1,0,0,0,76,0,0,0,0,0,0,0,0,0,0,0,0,0,0,0,0,0,0,0,0,0,0,0,0,0,0,0,0,0,0,0,0,0,0,0,0,0,0,0,0,0,0,0,1,1,0,0,0,0,0,0,0,0,0,0,0,0,1,0,0,0,0,0,0,0,0,0,0,0,0,0,0,0,0,0,0,0,0,0,0,0,0,0,0,0,0,0,0,0,0,0,0,0,0,0,0,0,0,0,1,0,0
TR,8,1,5,29,85,2,32,1,1,0,0,18,103,54,4,134,1,10,25,164,24,0,1,1,12,81,36,63,355,39,22,6,7,7,27,37,33,1,14,0,168,4,36,4,36,2,4,4,0,10,0,2,2,12,22,0,0,4,88,21,16,2,15,24,3,23,0,14,5,9,14,62,20,8,4,0,0,6,263,20,3,1,839,0,16,0,0,0,0,1,4,0,0,1,0,2,1,0,2,0,1,0,0,1,0,1,0,0,2,0,1,7,1,0,0,0,0,0,1,0,0,0,2,0,0,0,1,0,1,0,1,1,0,1,1,0,3,0,0,0,0,0,0,0,0,0,1,0,0,0,0,0,0,0,2,0,0,0,0,0,0,0,0,0,0,0,0,0,0,0,0,0,0,0,0,0,0,0,0,0,0,0,0,0,0
TT,0,0,0,0,1,0,0,0,0,0,0,0,0,1,0,2,0,0,0,2,2,0,0,0,0,1,0,2,8,0,1,0,0,0,0,1,1,0,0,0,2,0,0,0,1,0,0,0,0,0,0,0,0,0,2,0,0,0,1,2,1,0,0,1,0,1,0,0,0,0,1,1,2,0,0,0,0,0,0,1,0,0,5,0,1,0,0,0,0,0,0,0,0,0,0,0,0,0,0,0,0,0,0,0,0,0,1,0,0,0,0,0,0,0,0,0,0,0,0,0,0,0,0,0,0,0,0,0,0,0,0,0,0,0,0,0,0,0,0,0,0,0,0,0,0,0,0,0,0,0,0,0,0,0,0,0,0,0,0,0,0,0,0,0,0,0,0,0,0,0,0,0,0,0,0,0,0,0,0,0,0,0,0,0,0
TW,6,0,0,24,53,3,23,0,0,0,0,8,63,22,5,134,1,1,10,106,13,4,1,1,1,55,17,66,223,29,24,3,8,6,24,22,23,0,76,0,74,1,30,0,22,0,1,2,0,3,1,4,0,5,16,0,0,3,76,15,21,2,4,6,0,12,0,2,5,8,9,18,20,2,0,0,0,1,17,154,3,0,588,0,9,1,0,0,0,1,0,0,0,0,0,0,0,0,1,0,0,0,0,0,0,1,2,0,3,0,0,7,16,0,1,1,0,0,1,2,0,0,1,1,0,0,0,0,2,0,0,0,1,0,0,0,2,0,0,0,1,0,0,0,0,0,0,0,0,0,0,0,0,0,0,0,0,0,0,0,0,0,0,0,0,0,0,0,0,0,0,0,0,0,0,0,0,0,0,0,0,0,0,0,0
TZ,0,0,0,0,2,0,1,0,0,0,0,1,5,0,1,2,0,0,0,2,0,0,0,0,0,3,2,0,8,0,1,0,1,0,1,0,3,0,3,0,0,1,2,0,2,0,0,0,0,0,0,0,0,0,1,0,0,0,0,2,0,0,0,0,0,0,0,0,0,0,0,2,1,0,0,0,0,0,0,1,0,0,48,0,1,1,0,0,0,0,1,0,0,0,0,1,0,0,0,0,0,0,0,0,0,0,0,0,0,0,0,0,0,0,0,0,0,0,0,0,0,0,0,0,0,0,0,7,0,0,0,0,0,0,0,0,0,0,0,0,0,0,0,0,0,0,0,0,0,0,0,0,0,0,0,0,0,0,0,0,0,0,0,0,0,0,0,0,0,0,0,0,0,0,0,0,0,0,0,0,0,0,0,0,0
UA,0,0,6,6,12,1,5,3,1,0,0,4,13,6,0,17,0,0,12,33,5,0,0,1,3,10,2,11,46,7,5,0,1,1,2,6,7,0,1,1,14,0,2,1,5,0,0,0,1,1,0,0,1,2,1,0,0,0,14,4,1,0,1,5,0,4,0,0,3,2,1,9,3,4,5,0,0,0,2,2,29,0,90,0,1,0,0,0,0,0,0,0,0,0,0,0,0,0,1,0,0,0,0,0,0,0,0,0,1,0,0,0,1,0,0,0,0,0,0,0,0,2,0,0,0,0,0,1,1,0,0,0,0,0,0,0,0,1,1,0,0,0,0,0,0,0,0,0,0,0,0,0,0,0,0,0,0,0,0,0,0,0,0,0,0,0,0,0,0,0,0,0,0,0,0,1,0,0,0,0,0,0,0,0,0
UG,0,0,0,0,1,0,0,0,0,0,0,0,0,0,0,0,0,0,0,0,0,0,0,0,0,0,0,0,4,0,0,0,0,0,1,0,1,0,0,0,0,0,0,0,0,0,0,0,0,0,0,0,0,0,0,0,0,0,0,1,1,0,0,0,0,0,0,0,0,0,0,0,0,0,0,0,0,0,0,0,0,1,12,0,1,0,0,0,0,0,0,0,0,0,0,0,0,0,0,0,0,0,0,0,0,0,0,0,0,0,0,0,0,0,0,0,0,0,0,0,0,0,0,0,0,0,0,0,0,0,0,0,0,0,0,0,0,0,0,0,0,0,0,0,0,0,0,0,0,0,0,0,0,0,0,0,0,0,0,0,0,0,0,0,0,0,0,0,0,0,0,0,0,0,0,0,0,0,0,0,0,0,0,0,0
US,138,1,40,388,1465,34,512,34,7,8,3,281,2219,797,90,1353,19,50,323,3132,382,15,18,35,74,991,402,1373,6227,359,317,34,110,44,441,766,470,14,77,18,1490,30,794,23,322,3,25,25,12,31,7,24,9,141,100,13,1,38,1665,302,283,21,83,187,6,196,2,101,59,195,61,676,370,81,42,0,2,13,163,229,17,2,25628,1,181,6,1,5,13,51,27,4,6,4,3,4,0,0,19,0,0,5,2,2,1,4,11,2,17,0,54,47,39,0,2,2,3,0,2,11,0,12,6,0,0,0,2,12,4,1,2,0,3,0,1,0,2,15,4,2,0,1,5,0,2,1,4,0,0,2,1,1,2,0,3,0,0,1,0,1,0,1,1,0,1,0,1,2,0,2,1,0,0,0,2,2,1,0,1,0,0,0,0,1,1
UY,0,0,0,0,0,0,0,0,0,0,0,0,3,1,0,2,0,0,4,0,0,0,0,0,0,2,0,1,8,0,0,0,0,0,0,2,0,0,0,0,0,0,2,0,0,0,0,0,0,0,0,0,0,0,0,0,0,0,1,0,0,0,1,0,0,1,0,0,0,0,0,1,0,0,0,0,0,0,0,0,0,0,34,0,0,0,0,0,0,0,0,0,1,0,0,0,0,0,0,0,0,0,0,0,0,0,0,0,0,0,0,0,0,0,0,0,0,0,0,0,0,0,0,0,0,0,0,0,0,0,0,0,0,0,0,0,0,0,0,0,0,0,0,0,0,0,0,0,0,0,0,0,0,0,0,0,0,0,0,0,0,0,0,0,0,0,0,0,0,0,0,0,0,0,0,0,0,0,0,0,0,0,0,0,0
UZ,3,0,0,5,8,0,5,0,2,0,0,1,11,10,0,32,0,4,3,26,7,0,1,0,0,29,6,7,30,4,3,3,1,1,1,0,12,0,0,0,37,0,9,0,5,1,0,3,0,3,0,0,0,2,1,0,0,0,10,4,4,0,3,3,0,7,0,3,2,1,3,3,1,0,0,0,0,2,2,3,0,0,78,2,3,0,0,0,0,0,2,0,0,0,0,0,0,0,2,0,0,0,0,0,0,2,0,0,0,0,0,0,0,0,0,0,0,0,0,0,0,0,0,0,0,0,0,0,0,0,0,0,0,0,0,0,0,0,0,0,0,0,0,0,0,0,0,0,0,0,0,0,0,0,0,0,0,0,0,0,0,2,0,0,0,0,0,0,0,0,0,2,0,0,0,0,0,0,0,0,0,0,0,0,0
VE,0,0,0,0,0,0,1,0,0,0,0,0,0,2,0,1,0,0,0,2,0,0,0,0,0,0,0,0,0,0,0,0,0,0,0,0,0,0,0,0,0,0,2,0,0,0,0,0,0,0,0,0,0,4,1,0,0,0,3,0,0,0,0,0,0,0,0,0,0,0,0,0,0,0,0,0,0,0,0,0,0,0,4,0,0,0,0,0,0,0,0,0,0,0,0,0,0,0,0,0,0,0,0,0,0,0,0,0,0,0,0,0,0,0,0,0,0,0,0,0,0,0,0,0,0,0,0,0,0,0,0,0,0,0,0,0,0,0,2,0,0,0,0,0,1,0,0,0,0,0,0,0,0,0,0,0,0,0,0,0,0,0,0,0,0,0,0,0,0,0,0,0,0,0,0,0,0,0,0,0,0,0,0,0,0
VN,7,1,0,7,49,0,22,1,0,0,1,8,39,16,5,137,0,0,9,66,9,1,0,3,3,30,17,45,173,10,14,2,2,5,9,11,21,1,198,1,39,3,55,1,28,0,0,2,0,1,0,4,1,3,14,0,0,2,35,18,3,2,3,3,0,24,0,1,8,10,6,14,19,0,2,0,1,1,18,7,0,0,371,0,4,0,0,1,0,1,2,1,0,0,0,0,0,0,1,0,0,0,0,0,0,0,2,0,3,0,0,4,94,0,0,2,0,0,0,3,0,0,2,0,0,1,0,0,2,0,1,0,0,0,1,0,2,0,0,0,1,0,0,0,0,0,0,1,0,0,0,0,0,0,0,0,0,0,0,0,0,0,0,0,0,0,0,0,0,0,0,0,0,0,0,1,0,0,0,0,0,0,0,0,0
XK,0,0,0,3,1,0,2,0,0,0,0,1,1,1,0,1,0,1,1,1,1,0,0,0,0,1,2,2,14,1,0,1,0,0,1,1,0,0,0,0,2,0,0,0,0,0,0,0,0,0,0,0,0,0,0,0,0,0,3,1,1,0,0,1,0,1,0,0,0,0,0,1,0,0,0,0,0,0,1,0,0,0,13,0,0,0,0,0,0,0,0,0,0,3,0,0,0,0,0,0,0,0,0,0,0,0,0,0,0,0,0,0,0,0,0,0,0,0,0,0,0,0,0,0,0,0,0,0,0,0,0,0,0,0,0,0,0,0,0,0,0,0,0,0,0,0,0,0,0,0,0,0,0,0,0,0,0,3,0,0,0,0,0,0,0,0,0,0,0,0,0,0,0,0,0,0,0,0,0,0,0,0,0,0,0
ZA,5,0,1,10,63,7,20,0,1,0,0,13,83,33,2,72,0,4,13,102,14,1,1,4,4,46,11,32,249,35,13,1,5,3,22,9,54,1,16,0,85,9,21,17,20,0,2,2,1,4,0,1,2,4,16,5,0,49,69,18,22,4,23,15,0,10,0,4,4,15,8,40,11,1,0,0,0,3,15,20,1,3,572,2,232,1,0,0,1,17,0,0,0,1,0,2,0,0,4,0,0,0,0,6,0,0,3,1,3,0,0,1,2,0,4,1,1,0,0,0,0,0,1,0,0,0,0,2,0,10,0,0,2,0,1,0,0,0,0,0,0,0,0,0,2,0,0,0,0,0,0,0,3,0,0,0,0,1,0,0,0,0,0,1,0,0,0,0,0,0,0,0,0,0,0,1,0,0,0,0,0,0,0,0,0
ZM,1,0,0,1,2,0,0,0,0,0,0,0,1,0,1,5,0,0,0,2,0,0,0,0,0,0,1,1,8,4,2,0,0,4,1,0,3,0,0,0,4,0,0,0,3,0,0,1,0,0,0,0,0,0,1,0,0,4,3,1,1,0,0,1,0,0,0,0,1,0,2,0,0,0,0,0,0,0,2,1,0,0,20,0,2,1,0,0,0,0,0,0,0,0,0,0,0,0,0,0,0,0,0,0,0,0,0,0,0,0,0,3,0,0,0,0,0,0,0,0,0,0,0,0,0,0,0,0,0,0,0,0,0,0,0,0,0,0,0,0,0,0,0,0,0,0,0,0,0,0,0,0,0,0,0,0,0,0,0,0,0,0,0,0,0,0,0,0,0,0,0,0,0,0,0,0,0,0,0,0,0,0,0,0,0
ZW,0,0,0,1,0,0,0,0,0,0,0,0,0,0,0,0,0,0,0,0,0,0,0,0,0,1,0,0,2,0,0,1,0,0,0,0,0,0,1,0,0,0,0,0,0,0,0,0,1,0,0,0,0,1,0,0,0,1,0,0,0,0,1,1,0,0,0,0,0,0,0,0,0,0,0,0,0,0,0,0,0,0,10,0,1,0,0,0,0,0,0,0,0,0,0,0,0,0,0,0,0,0,0,0,0,0,0,0,0,0,0,0,0,0,0,0,0,0,0,0,0,0,0,0,0,0,0,0,0,1,0,0,0,0,0,0,0,0,0,0,0,0,0,0,0,0,0,0,0,0,0,0,0,0,0,0,0,0,0,0,0,0,0,0,0,0,0,0,0,0,0,0,0,0,0,0,0,0,0,0,0,0,0,0,0
