citing_country,AE,AF,AR,AT,AU,BD,BE,BH,BR,CA,CH,CL,CN,CO,CZ,DE,DK,EG,ES,FI,FR,GB,GR,HK,HU,ID,IE,IL,IN,IS,IT,JO,JP,KR,LB,LU,MO,MT,MX,MY,NL,NO,NZ,PH,PK,PL,PS,PT,QA,RO,RU,SA,SE,SG,TJ,TN,TW,US,ZA,CR,EE,BY,CY,DZ,EC,HR,LT,LV,MA,MC,ML,MN,PE,SI,SK,TR,UA,BA,GH,IR,KH,KW,LK,OM,RS,UY,UZ,VN,ZW,AZ,BG,BN,KE,MK,NP,NG,TH,BO,VE,SO,GP,IQ,MD,ME,PR,SS,TZ,BI,CU,DO,GU,SY,CM,ET,FJ,FK,GE,KY,KZ,LI,MZ,NA,PG,RW,TT,XK,YE,MU,BS,AM,KG,UG,CG,SL,MM,SM,VI,PF,TG,GT,JM,MR,PA,ZM,VA,MS,LY,VG,KP,PY,MQ,AL,SD,SN,RE,BW,BM,BB
AE,15,1,2,10,9,1,12,2,3,15,20,2,9,1,3,38,9,2,9,7,26,49,4,1,3,3,5,3,2,1,14,1,5,3,2,2,1,1,4,3,16,3,2,1,3,1,1,2,5,1,1,7,6,1,1,9,1,84,2,0,0,0,0,0,0,0,0,0,0,0,0,0,0,0,0,0,0,0,0,0,0,0,0,0,0,0,0,0,0,0,0,0,0,0,0,0,0,0,0,0,0,0,0,0,0,0,0,0,0,0,0,0,0,0,0,0,0,0,0,0,0,0,0,0,0,0,0,0,0,0,0,0,0,0,0,0,0,0,0,0,0,0,0,0,0,0,0,0,0,0,0,0,0,0,0,0,0,0
AR,1,0,16,5,4,0,4,0,1,4,4,1,1,2,2,11,2,0,4,1,5,15,1,0,0,0,2,0,0,0,5,0,0,0,0,1,0,0,4,1,5,1,1,0,0,0,0,0,0,0,0,1,2,0,0,0,0,24,1,1,1,0,0,0,0,0,0,0,0,0,0,0,0,0,0,0,0,0,0,0,0,0,0,0,0,0,0,0,0,0,0,0,0,0,0,0,0,0,0,0,0,0,0,0,0,0,0,0,0,0,0,0,0,0,0,0,0,0,0,0,0,0,0,0,0,0,0,0,0,0,0,0,0,0,0,0,0,0,0,0,0,0,0,0,0,0,0,0,0,0,0,0,0,0,0,0,0,0
AT,3,0,3,119,32,1,49,0,10,47,46,3,40,1,4,164,15,2,49,25,85,179,34,11,9,8,18,20,11,1,55,0,23,11,0,3,0,0,3,3,67,6,9,0,2,5,0,10,2,3,1,0,39,6,0,0,4,355,4,0,3,1,2,1,1,3,1,1,1,1,2,1,1,2,2,5,2,0,0,0,0,0,0,0,0,0,0,0,0,0,0,0,0,0,0,0,0,0,0,0,0,0,0,0,0,0,0,0,0,0,0,0,0,0,0,0,0,0,0,0,0,0,0,0,0,0,0,0,0,0,0,0,0,0,0,0,0,0,0,0,0,0,0,0,0,0,0,0,0,0,0,0,0,0,0,0,0,0
AU,1,0,2,20,153,1,20,0,13,78,27,2,86,1,7,82,14,1,36,19,54,239,34,34,5,2,21,19,9,2,74,3,16,18,0,2,0,0,5,6,49,14,19,0,7,10,0,12,1,2,11,4,23,11,0,0,15,493,18,0,3,0,4,0,0,0,1,1,0,0,0,0,0,3,2,4,0,2,1,26,2,1,1,1,1,1,1,1,2,0,0,0,0,0,0,0,0,0,0,0,0,0,0,0,0,0,0,0,0,0,0,0,0,0,0,0,0,0,0,0,0,0,0,0,0,0,0,0,0,0,0,0,0,0,0,0,0,0,0,0,0,0,0,0,0,0,0,0,0,0,0,0,0,0,0,0,0,0
AZ,0,0,0,0,0,0,0,0,0,0,0,0,0,0,0,0,0,0,0,0,0,0,0,0,0,0,0,0,0,0,0,0,0,0,0,0,0,0,0,0,0,0,0,0,0,0,0,0,0,0,0,0,0,0,0,0,0,1,0,0,0,0,0,0,0,0,0,0,0,0,0,0,0,0,0,0,0,0,0,0,0,0,0,0,0,0,0,0,0,2,0,0,0,0,0,0,0,0,0,0,0,0,0,0,0,0,0,0,0,0,0,0,0,0,0,0,0,0,0,0,0,0,0,0,0,0,0,0,0,0,0,0,0,0,0,0,0,0,0,0,0,0,0,0,0,0,0,0,0,0,0,0,0,0,0,0,0,0
BA,0,0,0,0,1,0,1,0,0,1,0,0,0,0,3,3,2,0,2,0,0,6,2,0,0,0,1,0,0,0,5,0,1,0,0,0,0,0,0,0,1,0,0,0,0,0,0,0,0,0,1,0,0,1,0,0,0,7,0,0,0,0,1,0,0,1,0,0,0,0,0,0,0,0,0,2,0,3,0,0,0,0,0,0,1,0,0,0,0,0,0,0,0,0,0,0,0,0,0,0,0,0,0,0,0,0,0,0,0,0,0,0,0,0,0,0,0,0,0,0,0,0,0,0,0,0,0,0,0,0,0,0,0,0,0,0,0,0,0,0,0,0,0,0,0,0,0,0,0,0,0,0,0,0,0,0,0,0
BD,0,0,0,4,4,0,2,0,0,4,2,0,4,0,0,7,0,0,2,1,34,7,0,0,0,0,0,0,0,0,1,0,1,1,0,0,0,0,1,0,2,0,0,0,0,0,0,0,0,2,1,0,0,0,0,0,1,12,0,0,0,0,0,1,0,0,0,0,0,0,0,0,0,0,0,0,0,0,0,0,0,0,0,0,0,0,0,0,0,0,1,0,0,0,0,0,0,0,0,0,0,0,0,0,0,0,0,0,0,0,0,0,0,0,0,0,0,0,0,0,0,0,0,0,0,0,0,0,0,0,0,0,0,0,0,0,0,0,0,0,0,0,0,0,0,0,0,0,0,0,0,0,0,0,0,0,0,0
BE,2,0,1,17,51,0,136,1,11,87,35,4,36,1,3,123,10,4,26,25,98,188,29,5,5,1,12,17,9,2,46,2,10,10,0,6,0,1,8,5,94,12,8,1,1,13,0,3,1,3,8,3,15,8,1,2,7,425,8,2,1,0,0,2,3,3,0,0,2,0,0,1,0,1,1,3,0,0,1,2,0,0,0,0,0,0,0,0,0,0,1,1,3,1,1,0,0,0,0,0,0,0,0,0,0,0,0,0,0,0,0,0,0,0,0,0,0,0,0,0,0,0,0,0,0,0,0,0,0,0,0,0,0,0,0,0,0,0,0,0,0,0,0,0,0,0,0,0,0,0,0,0,0,0,0,0,0,0
BG,0,0,0,1,0,0,2,0,0,1,1,1,11,0,0,1,0,0,1,0,1,4,7,0,1,0,0,1,0,0,4,0,0,2,0,0,0,0,0,0,1,0,0,0,0,0,0,6,0,0,0,2,0,0,0,0,2,3,0,0,0,0,0,0,0,1,0,0,0,0,0,0,0,1,0,1,0,0,0,30,0,0,0,0,0,0,0,0,0,0,5,0,0,0,0,2,1,0,0,0,0,0,0,0,0,0,0,0,0,0,0,0,0,0,0,0,0,0,0,0,0,0,0,0,0,0,0,0,0,0,0,0,0,0,0,0,0,0,0,0,0,0,0,0,0,0,0,0,0,0,0,0,0,0,0,0,0,0
BI,0,0,0,0,0,0,1,0,0,0,1,0,0,0,1,2,0,0,0,1,4,0,0,0,0,0,0,0,0,0,0,0,0,0,0,0,0,0,0,0,6,0,0,0,0,0,0,0,0,0,0,0,0,0,0,0,0,4,0,0,0,0,0,0,0,0,0,0,0,0,0,0,0,0,0,0,0,0,0,0,0,0,0,0,0,0,0,0,0,0,0,0,0,0,0,0,0,0,0,0,0,0,0,0,0,0,0,0,0,0,0,0,0,0,0,0,0,0,0,0,0,0,0,0,0,0,0,0,0,0,0,0,0,0,0,0,0,0,0,0,0,0,0,0,0,0,0,0,0,0,0,0,0,0,0,0,0,0
BO,0,0,1,2,0,0,0,0,0,0,0,0,0,1,0,0,0,0,1,0,0,0,0,0,0,0,0,0,0,0,1,0,0,0,0,0,0,0,3,0,0,0,0,0,0,0,0,0,0,0,0,0,1,0,0,0,0,5,0,0,0,0,0,0,0,0,0,0,0,0,0,0,0,0,0,0,0,0,0,0,0,0,0,0,0,0,0,0,0,0,0,0,0,0,0,0,0,1,1,0,0,0,0,0,0,0,0,0,0,0,0,0,0,0,0,0,0,0,0,0,0,0,0,0,0,0,0,0,0,0,0,0,0,0,0,0,0,0,0,0,0,0,0,0,0,0,0,0,0,0,0,0,0,0,0,0,0,0
BR,1,0,1,3,11,0,8,0,63,10,4,0,11,0,3,17,3,0,37,3,18,37,4,1,2,0,10,3,4,0,40,1,5,5,0,0,0,1,0,0,11,2,0,0,2,1,0,6,1,1,4,1,4,2,0,0,5,78,2,0,0,0,0,0,1,0,0,0,0,0,0,0,1,0,0,1,0,0,0,0,0,0,0,0,0,0,0,0,0,0,0,0,0,0,0,0,0,0,0,0,0,0,0,0,0,0,0,0,0,0,0,0,0,0,0,0,0,0,0,0,0,0,0,0,0,0,0,0,0,0,0,0,0,0,0,0,0,0,0,0,0,0,0,0,0,0,0,0,0,0,0,0,0,0,0,0,0,0
BZ,0,0,0,0,0,0,1,0,0,0,0,0,0,0,0,0,0,0,3,0,0,2,0,0,0,0,0,0,0,0,3,0,0,0,0,0,0,0,0,0,0,0,0,0,0,0,0,0,0,0,0,0,0,0,0,0,0,4,1,0,0,0,0,0,0,0,0,0,0,0,0,0,0,0,0,0,0,0,0,0,0,0,0,0,0,0,0,0,0,0,0,0,1,0,0,0,0,0,0,2,0,0,0,0,0,0,0,0,0,0,0,0,0,0,0,0,0,0,0,0,0,0,0,0,0,0,0,0,0,0,0,0,0,0,0,0,0,0,0,0,0,0,0,0,0,0,0,0,0,0,0,0,0,0,0,0,0,0
CA,1,0,3,17,80,1,32,0,15,328,33,3,40,3,3,108,19,1,83,35,104,352,16,12,4,3,16,24,19,1,62,3,27,7,3,7,4,1,11,2,68,11,8,0,3,8,0,3,0,0,15,4,22,16,0,1,12,844,5,0,7,1,3,1,0,1,0,0,1,0,0,0,0,3,1,4,0,2,1,11,0,0,0,0,0,0,0,0,0,0,2,0,2,1,0,1,3,0,1,0,1,9,1,1,1,2,1,0,0,0,0,0,0,0,0,0,0,0,0,0,0,0,0,0,0,0,0,0,0,0,0,0,0,0,0,0,0,0,0,0,0,0,0,0,0,0,0,0,0,0,0,0,0,0,0,0,0,0
CH,3,0,2,39,77,0,56,0,15,97,243,2,75,0,30,218,19,0,79,24,154,296,68,17,6,5,28,43,20,1,133,1,23,12,0,3,2,0,16,9,101,7,18,3,6,14,1,11,2,5,10,2,37,19,0,2,6,754,6,0,3,0,14,2,0,1,0,1,1,0,1,0,0,4,13,10,0,2,0,4,0,0,0,0,2,0,0,2,0,0,3,1,0,0,0,1,1,0,0,0,0,0,1,0,1,1,1,1,1,1,1,1,0,0,0,0,0,0,0,0,0,0,0,0,0,0,0,0,0,0,0,0,0,0,0,0,0,0,0,0,0,0,0,0,0,0,0,0,0,0,0,0,0,0,0,0,0,0
CL,0,0,0,2,1,0,2,0,2,5,6,3,7,0,0,4,0,0,3,0,6,17,1,4,0,0,2,4,0,0,3,0,2,4,0,0,0,0,0,0,3,2,0,0,0,0,0,4,0,0,0,0,1,2,0,0,3,32,0,0,0,0,0,0,0,0,0,0,0,0,0,0,0,0,0,0,0,0,0,1,0,0,0,0,0,0,0,1,0,0,0,0,0,0,0,0,0,0,0,0,0,0,0,0,0,0,0,0,0,0,0,0,1,0,0,0,0,0,0,0,0,0,0,0,0,0,0,0,0,0,0,0,0,0,0,0,0,0,0,0,0,0,0,0,0,0,0,0,0,0,0,0,0,0,0,0,0,0
CN,8,0,6,67,210,8,74,1,35,212,106,10,1461,8,34,334,45,17,171,58,182,682,100,171,8,31,40,66,82,0,281,8,105,106,4,7,26,7,14,60,147,44,37,4,15,48,1,50,6,21,29,19,46,70,0,2,103,1522,32,0,9,1,13,5,5,6,2,1,7,0,0,0,3,23,5,48,16,6,2,167,3,2,0,4,5,1,0,16,0,0,6,1,0,5,1,4,11,0,0,0,0,9,0,1,2,1,0,1,0,0,0,0,1,1,1,1,2,1,1,2,1,1,1,1,1,2,2,0,0,0,0,0,0,0,0,0,0,0,0,0,0,0,0,0,0,0,0,0,0,0,0,0,0,0,0,0,0,0
CO,0,0,1,3,0,0,0,0,1,2,3,1,1,2,2,2,0,0,4,0,3,5,0,0,0,1,0,0,0,0,7,0,1,0,0,0,0,0,1,1,0,0,0,0,0,0,0,0,0,0,0,1,1,0,0,0,0,10,0,0,0,0,0,0,0,0,0,0,0,0,0,0,0,0,0,0,0,0,0,0,0,0,0,0,0,0,0,1,0,0,0,0,0,0,0,0,0,0,1,0,0,0,0,0,0,0,0,0,0,0,0,0,0,0,0,0,0,0,0,0,0,0,0,0,0,0,0,0,0,0,0,0,0,0,0,0,0,0,0,0,0,0,0,0,0,0,0,0,0,0,0,0,0,0,0,0,0,0
CU,0,0,0,0,1,0,0,0,0,1,0,0,0,0,0,0,1,0,0,0,0,5,0,0,0,0,0,0,0,0,1,0,0,0,0,0,0,0,1,0,1,0,0,0,0,0,0,0,0,0,0,1,0,0,0,0,0,6,0,0,0,0,0,0,0,0,0,0,0,0,0,0,0,0,0,0,0,0,0,0,0,0,0,0,0,0,0,0,0,0,0,0,0,0,0,0,0,0,0,0,0,0,0,0,0,0,0,0,0,0,0,0,0,0,0,0,0,0,0,0,0,0,0,0,0,0,0,0,0,0,0,0,0,0,0,0,0,0,0,0,0,0,0,0,0,0,0,0,0,0,0,0,0,0,0,0,0,0
CY,0,0,0,3,10,0,7,1,2,19,9,0,18,0,4,19,6,2,14,2,24,49,38,9,0,0,3,12,3,0,22,1,12,3,0,0,0,0,0,0,8,2,0,0,0,1,0,7,1,2,0,0,7,1,0,0,5,96,3,0,1,0,31,0,0,1,1,0,3,0,0,0,0,0,0,1,0,0,0,0,0,0,0,0,0,0,0,0,0,0,0,0,0,0,0,0,2,0,0,0,0,1,0,0,0,0,0,0,0,0,0,0,0,0,0,0,0,0,0,0,0,0,0,1,0,0,0,1,0,0,0,0,0,0,0,0,0,0,0,0,0,0,0,0,0,0,0,0,0,0,0,0,0,0,0,0,0,0
CZ,0,0,1,9,11,0,3,0,7,6,14,1,18,0,35,40,3,1,19,3,6,53,6,0,0,1,7,7,1,0,13,0,3,2,0,1,0,1,2,1,15,1,2,0,0,7,0,1,0,3,4,0,5,0,0,0,0,77,0,0,1,0,1,0,0,1,0,0,0,0,0,0,0,3,3,1,0,0,0,1,1,0,0,0,2,0,0,0,0,0,1,0,0,1,0,0,1,0,0,0,0,0,0,0,0,1,0,0,0,0,0,0,0,0,0,0,0,0,0,0,0,0,0,0,0,0,0,0,1,0,0,0,0,0,0,0,0,0,0,0,0,0,0,0,0,0,0,0,0,0,0,0,0,0,0,0,0,0
DE,14,0,5,116,140,2,129,0,44,200,166,7,122,6,24,881,55,10,158,44,241,666,68,31,21,6,51,90,22,5,237,9,82,40,4,14,2,2,28,11,265,41,25,1,4,47,0,29,3,14,29,8,63,28,1,0,11,1521,16,2,6,0,8,0,0,9,1,1,3,0,2,1,0,15,5,16,2,0,0,4,0,0,3,0,3,0,0,1,0,0,2,2,0,3,0,0,4,2,1,0,0,3,1,0,1,0,1,1,0,1,0,0,0,0,0,0,0,0,0,0,0,0,0,0,0,0,2,0,0,1,1,1,0,0,0,0,0,0,0,0,0,0,0,0,0,0,0,0,0,0,0,0,0,0,0,0,0,0
DK,2,0,2,11,21,0,15,0,6,24,22,3,20,0,1,82,57,1,30,3,24,132,17,2,3,1,14,9,5,3,35,0,9,0,0,1,0,0,4,0,38,12,6,0,0,3,0,3,0,3,3,1,25,4,0,0,3,197,4,2,0,0,2,0,1,2,0,0,0,0,0,0,0,9,0,0,2,0,0,1,0,0,0,0,3,0,1,0,0,0,0,0,0,1,0,0,0,2,0,0,0,0,0,0,0,0,0,0,0,0,0,0,0,0,0,0,0,0,0,0,0,0,0,0,0,0,0,0,0,0,0,0,0,0,0,0,0,0,0,0,0,0,0,0,0,0,0,0,0,0,0,0,0,0,0,0,0,0
DZ,3,0,0,0,7,0,3,0,1,5,1,0,21,1,0,2,0,2,9,0,14,15,3,2,0,0,2,1,6,0,16,0,4,1,0,0,0,0,0,4,2,1,0,0,0,2,0,2,4,2,0,1,0,2,0,1,0,42,0,0,0,0,1,19,0,1,0,0,0,0,0,0,0,0,0,5,0,0,0,1,0,0,0,0,0,0,0,2,0,0,0,0,0,0,0,0,0,0,0,0,0,0,0,0,0,0,0,0,0,0,0,0,0,0,0,0,0,0,0,0,0,0,0,0,0,1,0,0,0,0,0,0,0,0,0,0,0,0,0,0,0,0,0,0,0,0,0,0,0,0,0,0,0,0,0,0,0,0
EC,0,0,0,0,1,0,0,0,0,2,2,0,2,0,0,2,0,0,7,1,4,5,0,2,0,0,0,1,0,0,1,0,0,0,0,0,0,0,1,0,0,1,1,0,0,1,0,0,0,0,0,0,1,1,0,1,0,11,1,0,0,0,0,0,7,0,0,0,0,0,0,0,0,0,0,1,0,0,0,0,0,0,0,0,0,0,0,0,0,0,0,0,0,0,0,0,0,0,0,0,0,0,0,0,0,0,0,0,0,0,0,0,0,0,0,0,0,0,0,0,0,0,0,0,0,0,0,0,0,0,0,0,0,0,0,0,0,0,0,0,0,0,0,0,0,0,0,0,0,0,0,0,0,0,0,0,0,0
EE,0,0,0,0,0,0,3,0,0,4,2,0,1,0,0,7,2,0,1,1,15,16,0,1,2,0,1,1,1,0,1,0,0,1,0,2,0,0,1,0,9,0,2,0,0,0,0,1,0,0,0,0,5,1,0,0,0,26,0,0,7,0,0,0,0,0,0,0,0,0,0,0,0,0,0,0,0,0,0,0,0,0,0,0,0,0,0,0,0,0,0,0,0,0,0,0,0,0,0,0,0,0,0,0,0,0,0,0,0,0,0,0,0,0,0,0,0,0,0,0,0,0,0,0,0,0,0,0,0,0,0,0,0,0,0,0,0,0,0,0,0,0,0,0,0,0,0,0,0,0,0,0,0,0,0,0,0,0
EG,1,0,0,2,6,0,9,0,2,16,3,0,2,1,0,11,7,5,7,3,3,36,4,4,0,1,1,2,0,0,10,0,3,7,0,0,0,1,2,3,14,5,2,0,1,1,0,3,1,1,0,1,4,1,0,0,2,66,2,0,0,0,0,0,0,0,0,1,1,0,0,0,0,0,0,0,0,2,0,0,0,0,1,1,0,0,0,0,0,0,0,0,0,0,1,0,1,0,0,0,0,0,0,0,0,0,0,0,0,0,0,0,0,0,0,0,0,0,0,0,0,0,0,0,0,0,0,0,0,0,0,0,1,1,0,0,0,0,0,0,0,0,0,0,0,0,0,0,0,0,0,0,0,0,0,0,0,0
ES,1,0,20,45,99,2,50,0,18,114,63,15,54,9,24,196,31,8,505,36,160,410,83,16,10,3,39,34,33,1,252,1,17,20,2,3,2,2,27,6,107,17,16,0,2,16,0,42,9,3,15,10,30,11,0,2,13,737,17,2,3,0,8,5,9,9,2,0,1,0,0,4,3,3,2,25,1,1,0,13,0,0,3,1,3,2,0,1,1,0,6,0,1,0,0,0,1,0,1,2,0,0,1,0,0,3,1,3,1,0,0,1,0,0,0,0,1,0,0,0,0,0,0,0,0,0,0,0,0,0,0,0,0,0,1,1,0,0,0,0,0,0,0,0,0,0,0,0,0,0,0,0,0,0,0,0,0,0
FI,3,0,0,11,28,1,17,2,5,37,21,0,18,1,8,104,18,3,17,193,44,169,11,5,6,1,16,13,2,2,26,0,16,7,1,1,0,0,4,0,63,13,3,0,1,8,0,3,1,1,3,1,25,7,0,0,4,343,4,0,2,0,1,1,0,2,0,1,1,0,0,2,0,3,0,2,1,0,1,2,0,0,0,0,0,0,0,1,1,0,0,0,0,0,0,0,0,0,0,0,0,0,0,0,0,0,0,1,0,0,0,0,0,0,0,0,0,0,0,0,0,0,0,0,0,0,0,0,0,0,0,0,0,0,0,0,1,0,0,0,0,0,0,0,0,0,0,0,0,0,0,0,0,0,0,0,0,0
FR,12,0,4,55,85,1,85,3,23,133,114,5,92,3,32,284,20,4,118,36,693,366,70,14,12,4,31,46,20,2,194,3,42,35,2,7,2,3,9,11,130,23,14,1,6,18,1,25,5,8,23,13,55,19,0,13,24,780,7,0,5,2,5,11,0,2,5,1,4,0,3,1,1,7,2,9,4,2,0,13,1,0,0,0,1,0,0,3,0,1,4,2,0,0,1,0,3,0,1,0,0,10,0,1,0,1,2,3,2,0,0,0,1,0,0,0,0,0,0,0,0,0,0,0,0,1,0,0,1,0,0,0,0,0,0,1,0,1,1,0,0,0,0,0,0,0,0,0,0,0,0,0,0,0,0,0,0,0
GB,10,0,6,89,270,1,126,1,41,335,139,12,197,11,26,446,89,10,203,94,263,1881,175,54,15,11,110,107,47,5,343,11,60,47,0,25,5,1,36,21,293,67,43,1,22,41,0,63,8,16,34,19,113,53,0,0,31,2195,26,1,7,1,16,4,3,11,4,1,2,0,2,3,2,9,5,26,18,14,4,8,2,1,3,1,5,0,0,4,0,1,11,0,0,1,0,1,22,3,0,0,0,0,1,0,3,3,2,4,0,0,0,0,0,0,0,0,0,0,0,1,0,0,0,1,1,2,4,0,0,0,0,0,0,0,0,1,0,0,0,1,1,2,1,1,0,0,0,0,0,0,0,0,0,0,0,0,0,0
GH,0,0,0,0,0,0,0,0,1,0,0,1,2,1,0,4,1,3,3,0,0,6,0,0,0,2,0,0,4,0,2,1,0,3,0,0,0,0,0,2,2,3,1,3,3,0,0,0,0,0,0,2,2,0,0,0,1,13,2,0,0,0,0,0,0,0,0,0,0,0,0,0,1,0,0,0,0,0,17,0,0,0,0,1,0,0,0,0,0,0,0,0,0,0,0,0,0,0,0,0,0,0,0,0,0,0,0,0,0,0,0,0,0,0,0,0,0,0,0,0,0,0,0,0,0,0,0,0,0,0,0,0,0,0,0,0,0,0,0,0,0,0,0,0,0,0,0,0,0,0,0,0,0,0,0,0,0,0
GR,3,0,1,31,59,0,36,0,21,62,34,4,65,0,12,120,19,11,83,23,90,292,328,12,2,0,17,54,25,0,196,1,23,24,1,3,0,1,2,8,63,12,12,1,1,11,0,34,1,6,2,10,25,10,0,2,20,476,10,0,1,0,23,0,0,1,0,1,1,0,0,0,1,1,1,15,0,2,0,10,0,0,2,0,1,2,0,2,0,0,3,0,0,0,0,3,4,0,0,0,0,2,0,1,0,1,0,0,1,0,0,0,0,0,0,0,0,0,0,0,0,0,0,0,0,0,0,3,0,0,0,0,0,0,1,0,0,0,0,0,0,0,0,0,1,0,0,0,0,0,0,0,0,0,0,0,0,0
HK,1,0,0,11,27,0,7,0,5,26,11,0,185,2,5,34,5,3,21,13,15,90,7,67,2,3,4,9,8,0,24,0,15,8,0,1,4,0,2,6,12,2,5,0,3,7,0,1,0,2,0,2,6,5,0,0,26,171,6,0,1,1,4,0,1,1,0,0,0,0,0,0,0,1,0,8,6,8,2,3,1,0,0,0,1,0,0,1,0,0,1,1,0,1,0,0,2,0,0,0,0,0,0,0,0,0,0,0,0,0,2,0,0,0,0,0,0,0,1,0,0,0,0,0,1,0,0,0,0,0,0,0,0,0,0,0,0,0,0,0,0,0,0,0,0,1,0,0,0,0,0,0,0,0,0,0,0,0
HR,0,0,1,5,2,0,0,0,8,5,1,0,5,0,0,6,0,1,4,0,2,13,2,1,0,0,5,1,0,0,3,0,1,0,0,0,0,0,3,1,3,0,1,0,1,0,0,0,0,0,0,1,0,2,0,0,0,27,1,0,0,0,1,0,0,1,0,0,0,0,0,0,0,0,0,0,0,0,0,0,0,0,0,0,0,0,0,1,0,0,0,0,0,0,0,0,0,0,0,0,0,0,0,0,0,0,0,0,0,0,0,0,0,0,0,0,0,0,0,0,0,0,0,0,0,0,1,0,0,0,0,0,0,0,0,0,0,0,0,0,0,0,0,0,0,0,0,0,0,0,0,0,0,0,0,0,0,0
HU,2,0,1,0,3,0,5,0,2,4,1,2,0,2,0,5,2,1,8,3,0,10,0,0,8,0,2,1,0,0,4,0,2,3,0,0,0,0,1,0,1,0,0,0,0,5,0,1,1,0,0,0,0,0,0,0,0,26,1,0,0,0,0,0,0,0,0,0,0,0,0,0,0,0,0,0,0,0,0,0,0,0,0,0,1,0,0,0,0,0,0,0,1,0,0,0,0,0,0,2,0,0,0,0,0,0,0,0,0,0,0,0,0,0,0,0,0,0,0,0,0,0,0,0,0,0,0,0,0,0,0,0,0,0,0,0,0,0,0,0,0,0,0,0,0,0,0,0,0,0,0,0,0,0,0,0,0,0
ID,5,0,0,2,24,1,4,0,5,11,2,1,45,0,2,19,4,3,13,4,8,42,0,10,0,49,2,4,8,0,13,2,9,15,1,1,2,0,2,16,12,5,2,0,4,0,0,11,4,3,0,6,5,4,0,2,9,96,4,0,1,0,0,0,2,0,1,2,1,0,0,0,1,1,0,5,0,1,3,7,0,1,1,0,0,0,0,2,0,0,0,0,0,0,0,1,0,0,0,1,0,2,0,0,0,0,0,0,0,0,0,0,0,1,0,0,0,0,0,0,0,0,0,0,0,0,0,0,0,0,0,1,0,0,0,0,0,0,0,0,0,0,0,0,0,0,1,0,0,0,0,0,0,0,0,0,0,0
IE,0,0,1,14,26,0,15,0,4,39,12,0,23,1,2,56,5,0,18,9,32,119,15,5,0,1,49,12,3,1,36,1,10,5,0,2,0,0,2,1,41,5,4,1,0,10,1,2,0,0,6,0,9,4,1,0,8,222,2,0,1,0,1,0,0,1,1,0,0,0,0,1,1,2,0,5,0,0,0,2,0,0,0,0,0,0,0,1,0,0,3,0,0,0,0,0,1,0,1,0,0,1,0,0,1,0,0,0,0,0,0,0,0,0,0,1,0,0,0,1,0,0,0,0,0,0,0,0,0,0,0,0,0,0,0,0,0,0,0,0,0,0,0,0,0,0,0,0,0,0,0,0,0,0,0,0,0,0
IL,1,0,0,16,27,1,26,0,11,69,36,1,48,0,19,118,7,2,27,9,70,179,46,10,1,0,16,188,12,0,65,0,30,22,0,3,2,2,2,3,36,4,3,0,0,2,0,5,2,6,6,1,11,13,0,1,4,393,0,0,1,0,9,0,0,2,1,1,0,0,0,2,0,0,1,4,0,0,0,1,0,0,1,0,0,0,0,1,0,0,2,0,0,2,0,1,1,0,0,0,0,0,0,0,0,0,0,0,0,0,0,0,0,0,0,0,0,0,0,0,0,0,0,0,0,0,1,0,0,0,0,0,0,0,1,0,0,0,0,0,0,0,0,0,0,0,0,1,0,0,0,0,0,0,0,0,0,0
IN,4,0,2,11,26,1,17,0,8,31,17,2,45,2,6,51,1,4,44,2,42,87,31,8,3,5,10,9,82,0,41,1,17,9,0,0,0,0,2,7,25,7,4,0,7,5,1,3,2,7,1,3,11,9,0,5,17,225,3,1,0,0,4,1,1,1,1,0,0,0,0,0,0,1,2,14,1,1,1,3,0,0,0,0,0,0,0,3,0,1,1,1,0,0,0,0,2,0,0,0,0,0,0,0,0,0,0,0,0,0,0,0,0,0,0,0,0,0,0,0,0,1,0,0,0,0,0,0,0,0,0,0,0,0,0,0,0,0,0,0,0,0,0,0,0,0,0,0,1,1,0,0,0,0,0,0,0,0
IQ,3,0,0,0,1,0,1,1,1,3,1,0,1,0,0,3,1,0,0,1,0,8,2,0,0,1,0,2,3,0,2,0,0,1,0,0,0,0,0,0,1,0,2,0,0,0,0,0,0,0,0,0,0,0,0,0,0,17,2,0,0,0,0,0,0,0,0,0,1,0,0,0,0,0,0,0,0,0,0,3,0,0,0,0,0,0,0,0,1,0,0,0,0,0,0,0,0,0,0,0,0,0,0,0,0,0,0,0,0,0,0,0,0,0,0,0,0,0,0,0,0,0,0,0,0,0,0,0,0,0,0,0,0,0,1,0,0,0,0,0,0,0,0,0,0,0,0,0,0,0,0,0,0,0,0,0,0,0
IR,10,0,2,1,19,1,6,1,6,30,9,3,74,1,7,45,3,2,23,10,22,86,10,3,4,6,5,9,14,0,37,2,14,13,0,0,0,0,11,6,17,1,8,0,10,6,0,23,1,2,5,8,13,19,0,0,10,227,3,0,0,0,2,0,0,0,0,0,2,0,0,0,0,3,1,16,0,3,1,258,0,1,0,1,1,0,0,8,1,0,0,0,0,0,0,2,1,0,0,0,0,9,0,0,0,0,0,0,0,0,0,0,0,0,0,0,0,0,0,0,1,0,0,0,0,0,2,0,0,0,0,0,0,0,0,0,0,0,0,0,0,0,0,0,0,0,0,0,0,0,0,0,0,0,0,0,0,0
IS,0,0,0,0,0,0,1,0,0,0,0,0,0,0,0,1,0,0,0,0,0,1,0,0,0,0,0,0,0,1,0,0,0,0,0,0,0,0,0,0,1,0,0,0,0,0,0,0,0,0,0,0,0,0,0,0,0,2,0,0,0,0,0,0,0,0,0,0,0,0,0,0,0,0,0,0,0,0,0,0,0,0,0,0,0,0,0,0,0,0,0,0,0,0,0,0,0,0,0,0,0,0,0,0,0,0,0,0,0,0,0,0,0,0,0,0,0,0,0,0,0,0,0,0,0,0,0,0,0,0,0,0,0,0,0,0,0,0,0,0,0,0,0,0,0,0,0,0,0,0,0,0,0,0,0,0,0,0
IT,8,0,11,81,155,2,123,0,46,227,159,13,194,5,21,426,49,10,262,52,328,786,183,45,25,2,75,91,36,3,1138,3,92,73,2,6,7,1,18,21,237,39,27,4,12,27,1,48,13,17,30,7,91,39,0,6,28,1478,21,0,7,0,31,4,1,9,5,0,4,0,0,1,4,9,4,29,5,4,1,8,1,3,1,0,10,1,2,7,1,0,7,2,1,1,0,0,3,0,0,2,0,3,1,0,0,2,0,5,0,1,1,0,0,0,0,0,0,0,1,2,0,0,0,0,0,1,0,0,0,0,0,2,0,0,2,1,0,0,0,0,0,0,0,1,0,0,0,0,0,0,1,0,0,0,0,0,0,0
JO,1,0,0,0,1,0,0,0,0,2,1,0,3,0,0,0,0,0,1,0,1,15,0,1,0,0,0,1,1,0,0,11,0,1,0,0,0,0,0,0,2,1,3,0,0,1,0,0,0,0,0,1,1,1,0,0,0,22,0,0,0,0,0,0,0,0,0,0,0,0,0,0,0,0,0,0,0,0,0,0,0,0,0,0,0,0,0,0,0,0,0,0,0,0,0,0,0,0,0,0,0,0,0,0,0,1,0,0,0,0,0,1,0,0,0,0,0,0,0,0,0,0,0,0,0,0,0,0,0,0,0,0,0,0,0,0,0,0,0,0,0,0,0,0,0,0,0,0,0,0,0,0,0,0,0,0,0,0
JP,2,0,1,9,29,3,14,0,6,36,21,1,89,3,7,62,5,2,24,17,21,114,4,11,3,4,12,14,17,0,32,1,89,9,0,1,0,0,1,5,31,9,8,0,4,8,0,2,2,1,1,4,7,7,0,3,14,308,4,0,1,1,0,0,2,1,0,0,1,1,0,1,1,0,0,5,0,2,0,4,0,0,1,0,0,0,0,1,0,0,2,0,0,0,0,0,1,0,0,0,0,0,0,0,1,2,0,0,0,0,2,0,0,0,0,0,0,0,0,0,1,0,0,0,0,0,0,0,0,0,0,0,0,0,0,0,0,0,0,0,1,0,0,0,0,0,0,0,0,0,0,1,0,0,0,0,0,0
KE,0,0,0,0,0,2,0,0,0,1,0,0,0,0,0,0,0,0,0,0,0,2,0,0,0,0,0,0,1,0,0,0,0,0,0,0,0,0,0,1,0,0,0,0,1,0,0,0,0,0,0,0,0,0,0,0,1,0,0,0,0,0,0,0,0,0,0,0,0,0,0,0,0,0,0,0,0,0,0,0,0,0,0,0,0,0,0,0,0,0,0,0,0,0,1,0,0,0,0,0,0,0,0,0,0,0,0,0,0,0,0,0,0,0,0,0,0,0,0,0,0,0,0,0,0,0,0,0,0,0,0,0,0,0,0,0,0,0,0,0,0,0,0,1,0,0,0,0,0,0,0,0,0,0,0,0,0,0
KR,2,0,2,13,43,0,10,0,9,45,16,3,82,0,4,78,10,2,48,12,27,114,17,15,3,2,13,12,11,0,54,2,28,87,1,2,0,0,2,7,36,11,5,1,1,8,0,14,2,1,3,5,7,15,0,1,8,286,5,0,0,0,0,1,0,0,1,0,1,0,0,0,2,1,0,7,1,0,0,26,0,1,0,1,0,0,0,1,0,0,0,0,0,0,0,0,4,0,1,0,0,0,0,0,0,0,0,0,0,0,0,0,0,1,0,0,0,0,0,0,0,0,0,0,0,0,0,0,0,0,0,0,0,0,0,0,0,0,0,0,0,0,0,0,0,0,0,0,0,0,0,0,0,0,0,0,0,0
KW,0,0,0,0,1,0,1,0,0,0,0,0,1,1,1,0,0,0,2,0,0,2,0,0,1,0,0,0,1,0,3,0,0,1,0,0,0,0,0,0,1,0,0,0,0,0,0,0,1,0,0,0,0,0,0,0,0,14,0,0,0,0,0,0,0,0,0,0,0,0,0,0,0,0,0,0,0,0,0,0,0,0,0,0,0,0,0,0,0,0,0,0,0,0,0,0,0,0,0,0,0,0,0,0,0,0,0,0,0,0,0,0,0,0,0,0,0,0,0,0,0,0,0,0,0,0,0,0,0,0,0,0,0,0,0,0,0,0,0,0,0,0,0,0,0,0,0,0,0,0,0,0,0,0,0,0,0,0
KZ,0,0,0,3,3,1,3,0,0,6,0,2,5,1,1,4,1,2,0,1,2,19,2,2,1,6,1,3,3,0,1,0,2,1,0,0,1,1,0,1,5,2,0,0,0,1,0,1,1,0,1,4,1,0,1,0,0,27,0,0,0,0,0,0,0,0,0,0,0,0,0,0,0,0,0,0,3,0,0,0,0,0,0,0,0,0,0,0,0,0,0,0,0,1,0,0,0,0,0,0,0,0,0,0,0,0,0,0,0,0,0,0,0,0,0,0,0,0,2,0,0,0,0,0,0,3,1,0,0,1,0,0,0,0,0,0,0,0,0,0,0,0,0,0,0,0,0,0,0,0,0,0,0,0,0,0,0,0
LB,0,0,0,0,1,0,0,0,0,6,0,0,0,0,0,1,0,0,1,0,3,3,0,0,0,0,0,0,0,0,0,0,0,0,0,0,0,0,0,0,1,0,0,0,0,0,0,0,0,0,0,0,1,0,0,0,0,3,0,0,0,0,0,0,0,0,0,0,0,0,0,0,0,0,0,0,0,0,0,0,0,0,0,0,0,0,0,0,0,0,0,0,0,0,0,0,0,0,0,0,0,0,0,0,0,0,0,0,0,0,0,0,0,0,0,0,0,0,0,0,0,0,0,0,0,0,0,0,0,0,0,0,0,0,0,0,0,0,0,0,0,0,0,0,0,0,0,0,0,0,0,0,0,0,0,0,0,0
LK,0,0,0,0,0,0,1,0,1,1,1,0,1,0,0,3,2,1,2,5,1,6,0,0,0,0,0,0,0,0,1,0,0,0,0,0,0,0,0,0,1,0,0,0,0,0,0,0,0,1,0,0,2,0,0,0,0,6,0,0,0,0,0,0,0,0,0,0,0,0,0,0,0,0,0,0,0,0,0,0,0,0,0,0,0,0,0,0,0,0,0,0,0,0,0,0,0,0,0,0,0,0,0,0,0,0,0,0,0,0,0,0,0,0,0,0,0,0,0,0,0,0,0,0,0,0,0,0,0,0,0,0,0,0,0,0,0,0,0,0,0,0,0,0,0,0,0,0,0,0,0,0,0,0,0,0,0,0
LT,0,0,0,0,2,0,1,0,0,1,0,0,22,0,0,2,0,0,3,0,0,2,0,2,0,1,0,1,0,0,3,0,0,0,0,0,0,0,0,0,0,1,0,0,0,0,0,0,0,0,0,0,0,1,0,0,0,12,1,0,0,0,0,0,0,0,0,0,0,0,0,0,0,0,0,0,0,0,0,0,0,0,0,0,0,0,0,0,0,0,0,0,1,0,0,0,0,0,0,2,0,0,0,0,0,0,0,0,0,0,0,0,0,0,0,0,0,0,0,0,0,0,0,0,0,0,0,0,0,0,0,0,0,0,0,0,0,0,0,0,0,0,0,0,0,0,0,0,0,0,0,0,0,0,0,0,0,0
LU,0,0,0,11,11,0,10,0,5,20,13,0,9,0,2,43,13,0,8,19,18,79,9,3,2,1,9,6,1,0,17,0,6,2,1,15,0,1,1,1,31,3,3,0,1,4,0,1,0,0,2,0,4,0,0,0,0,118,4,0,0,0,0,0,0,0,0,0,0,0,0,1,0,0,0,0,0,1,0,0,0,0,0,0,0,0,0,0,0,0,0,0,0,0,0,0,0,0,0,0,0,0,0,0,0,0,0,0,0,0,0,0,0,0,0,0,0,0,0,0,0,0,0,0,0,0,0,0,0,0,0,0,0,0,0,0,0,0,0,0,0,0,0,0,0,0,0,0,0,0,0,0,1,0,0,0,0,0
LV,0,0,0,1,0,0,0,0,0,4,1,0,1,0,0,3,2,1,2,1,4,10,2,0,0,0,0,0,0,0,0,0,1,0,0,0,0,0,1,0,3,1,0,0,0,0,0,0,0,0,0,0,1,0,0,0,0,10,1,0,0,0,0,0,0,0,0,0,0,0,0,1,0,0,0,1,0,0,1,0,0,0,0,0,0,0,0,0,0,0,0,0,0,0,0,0,0,0,0,0,0,0,0,0,0,0,0,0,0,0,0,0,0,0,0,0,0,0,0,0,0,0,0,0,0,0,0,0,0,0,0,0,0,0,0,0,0,0,0,0,0,0,0,0,0,0,0,0,0,0,0,0,0,0,0,0,0,0
MA,2,0,1,0,2,0,2,0,1,12,8,0,5,0,0,6,4,1,5,1,12,10,3,3,0,0,0,2,4,0,4,5,1,2,2,0,0,0,0,0,3,0,0,0,4,1,0,2,0,4,0,4,0,5,0,1,1,41,0,0,0,0,0,1,0,0,0,0,7,0,0,0,0,0,0,1,0,0,0,0,0,2,0,1,0,0,0,0,0,0,0,0,0,0,0,1,0,0,0,0,0,1,0,0,0,0,0,0,0,0,0,0,0,0,0,0,0,0,0,0,0,0,0,0,0,0,0,0,0,0,0,0,0,0,0,0,0,0,0,0,0,0,0,0,0,0,0,0,0,0,0,0,0,1,0,0,0,0
ME,0,0,0,1,0,0,0,0,0,3,0,0,2,0,2,4,0,0,0,0,2,4,3,0,0,0,0,1,1,0,1,0,0,2,0,0,0,0,0,0,0,1,0,0,0,0,0,0,0,0,0,0,0,0,0,0,0,10,0,0,1,0,0,0,0,0,0,0,0,0,0,0,0,0,0,0,0,0,0,0,0,0,0,0,0,0,0,0,0,0,0,0,0,0,0,0,0,0,0,0,0,0,0,1,0,0,0,0,0,0,0,0,0,0,0,0,0,0,0,0,0,0,0,0,0,0,0,0,0,0,0,0,0,0,0,0,0,0,0,0,0,0,0,0,0,0,0,0,0,0,0,0,0,0,0,0,0,0
MK,0,0,0,0,1,0,1,0,0,0,0,0,0,0,0,3,0,0,0,0,0,2,0,0,0,0,1,0,0,0,1,0,0,0,0,0,0,0,0,0,0,0,0,0,0,0,0,0,0,0,0,0,1,0,0,0,0,3,0,0,0,0,0,0,0,0,0,0,0,0,0,0,0,0,0,0,0,0,0,0,0,0,0,0,0,0,0,0,0,0,0,0,0,0,0,0,0,0,0,0,0,0,0,0,0,0,0,0,0,0,0,0,0,0,0,0,0,0,0,0,0,0,0,0,0,0,0,0,0,0,0,0,0,0,0,0,0,0,0,0,0,0,0,0,0,0,0,0,0,0,0,0,0,0,0,0,0,0
ML,0,0,0,0,0,0,2,0,0,2,1,0,3,0,1,4,0,0,0,0,7,2,0,1,0,0,0,0,0,0,0,0,1,1,0,0,0,0,0,0,0,0,0,0,0,0,0,0,0,0,1,1,0,1,0,0,2,5,0,0,0,0,0,0,0,0,0,0,0,0,1,0,0,0,0,0,0,0,0,0,0,0,0,0,0,0,0,0,0,0,0,0,0,0,1,0,0,0,0,0,0,0,0,0,0,0,0,0,0,0,0,0,0,0,0,0,0,0,0,0,0,0,0,0,0,0,0,0,0,0,0,0,0,0,0,0,0,0,0,0,0,0,0,0,0,0,0,0,0,0,0,0,0,0,0,0,0,0
MN,0,0,0,0,1,0,4,0,0,6,0,0,8,0,0,6,2,0,4,2,3,6,1,0,0,0,2,2,1,0,2,0,0,0,0,1,0,0,0,0,4,1,0,0,0,0,0,0,0,0,0,0,0,1,0,0,0,20,0,0,0,0,0,0,0,0,0,0,0,0,0,0,0,0,0,0,0,0,0,0,0,0,0,0,0,0,0,0,0,0,0,0,0,0,0,0,0,0,0,0,0,0,0,0,0,0,0,0,0,0,0,0,0,0,0,0,0,0,0,0,0,0,0,0,0,0,0,0,0,0,0,0,0,0,0,0,0,0,0,0,0,0,0,0,0,0,0,0,0,0,0,0,0,0,0,0,0,0
MO,0,0,0,3,5,0,4,0,1,7,0,0,16,0,0,4,2,1,2,1,1,22,1,3,0,0,5,1,1,0,4,0,0,1,0,0,1,1,1,1,5,4,1,0,3,1,0,1,1,0,3,1,0,0,0,0,0,23,0,0,0,0,0,0,0,0,0,0,0,0,0,0,0,0,0,0,0,0,0,0,0,1,0,0,0,0,0,0,0,0,0,0,0,0,0,2,0,0,0,0,0,0,0,0,0,0,0,0,0,0,0,0,0,0,0,0,0,0,0,0,0,0,0,0,0,0,0,0,0,0,0,0,0,0,0,0,0,0,0,0,0,0,0,0,0,0,0,0,0,0,0,0,0,0,0,0,0,0
MT,0,1,0,2,7,1,1,0,0,5,0,0,2,0,0,0,1,0,7,0,0,11,3,0,0,0,0,1,1,0,5,0,0,0,0,0,0,8,0,1,0,1,0,0,0,0,0,0,0,0,0,0,1,0,0,0,0,16,0,0,0,0,0,0,0,0,0,0,0,0,0,0,1,0,0,0,0,0,0,0,0,0,0,0,0,0,0,0,0,0,0,0,0,0,0,0,0,0,0,0,0,0,0,0,0,0,0,0,0,0,0,0,0,0,0,0,0,0,0,0,0,0,0,0,0,0,0,0,0,0,0,0,0,0,0,0,0,0,0,0,0,0,0,0,0,0,0,0,0,0,0,0,0,0,0,0,0,0
MX,0,0,1,7,6,0,7,0,2,18,15,1,15,2,1,34,5,0,14,7,16,41,4,1,1,3,4,2,1,0,16,0,7,1,0,1,0,0,13,1,13,2,2,0,0,1,0,1,0,1,0,1,6,5,0,0,0,119,3,2,0,0,0,0,0,0,0,0,0,0,0,0,1,2,0,2,0,0,0,0,0,0,0,0,1,0,0,0,0,0,0,0,1,0,0,0,0,2,0,0,0,0,0,0,0,1,0,0,0,0,0,0,0,0,0,0,0,0,0,0,0,0,0,0,0,0,0,0,0,0,0,0,0,0,0,0,0,0,0,0,0,0,0,0,0,0,0,0,0,0,0,0,0,0,0,0,0,0
MY,0,0,0,15,29,2,3,0,3,15,7,2,96,1,3,25,4,4,14,7,21,64,22,12,1,5,4,7,6,0,35,1,10,10,2,0,2,1,2,30,11,6,7,2,5,4,0,8,1,3,5,8,4,8,0,0,8,131,0,0,2,0,0,3,1,2,2,0,1,0,0,0,0,1,0,9,0,0,0,34,0,1,0,0,1,0,0,6,0,0,1,0,0,1,0,1,1,0,0,1,0,0,0,0,0,0,0,1,1,0,0,0,0,0,0,0,0,0,0,0,0,0,0,0,0,0,1,0,0,0,0,1,0,0,0,0,0,0,0,0,0,0,0,1,0,0,0,0,0,0,0,0,0,0,0,0,0,0
NG,0,0,0,0,2,0,0,0,0,8,0,0,0,0,0,5,1,0,1,0,1,15,0,1,0,0,2,1,1,0,3,0,0,0,0,0,0,1,0,0,4,1,0,0,0,2,0,0,0,1,1,0,0,0,0,0,0,37,3,0,0,0,0,0,0,0,0,0,0,0,0,0,0,0,0,0,1,0,0,0,0,0,0,0,3,0,0,0,0,0,0,0,0,0,0,10,0,0,0,0,0,0,0,0,0,0,0,0,0,0,0,0,0,0,0,0,0,0,0,0,0,0,0,0,0,0,0,0,0,0,0,0,0,0,0,0,0,0,0,0,0,0,0,0,0,0,0,0,0,0,0,0,0,0,0,0,0,0
NL,3,0,4,43,105,0,63,2,15,134,77,3,72,0,17,226,44,1,85,45,131,429,42,20,8,6,35,25,14,1,118,3,42,24,0,12,1,1,8,9,332,19,11,1,3,14,0,12,2,1,14,5,41,21,0,3,11,816,11,0,3,1,3,2,2,3,1,1,3,0,0,2,2,3,2,16,3,1,0,2,0,0,1,0,1,0,0,0,0,0,4,0,0,0,0,2,2,0,1,0,0,1,1,1,0,3,1,2,0,0,0,1,0,0,0,0,0,0,0,0,0,0,0,0,0,0,0,0,0,0,0,0,0,0,1,0,0,0,0,0,0,0,0,0,0,0,0,0,0,0,0,0,0,1,0,0,0,0
NO,0,0,0,9,9,0,5,0,3,18,17,0,20,0,5,24,3,0,15,5,17,48,11,2,1,1,4,9,1,1,21,0,6,2,0,0,0,0,1,1,10,25,3,0,0,2,0,7,0,1,3,0,3,1,0,0,1,105,5,0,0,0,1,0,0,0,0,0,0,0,0,0,1,1,1,1,0,0,0,0,0,0,0,0,1,0,0,0,0,0,0,0,0,0,0,1,0,0,0,0,0,1,0,0,0,0,0,0,0,0,0,0,0,0,0,0,0,0,0,0,0,0,0,0,0,0,0,0,0,0,0,0,0,0,0,0,0,0,0,0,0,0,0,0,0,0,0,0,0,0,0,0,0,0,0,0,0,0
NZ,0,0,0,1,14,0,1,1,0,11,6,1,2,0,0,14,3,0,3,3,6,34,7,3,0,0,2,1,0,0,12,0,1,1,0,1,0,0,2,1,11,1,18,0,1,0,0,5,0,0,0,1,2,1,0,0,1,48,0,0,0,0,2,0,0,0,0,0,0,0,0,0,0,0,0,1,0,0,0,0,0,0,0,0,0,0,0,0,0,0,0,0,0,0,0,0,1,0,0,0,0,0,0,0,1,0,0,0,0,0,0,0,0,0,0,0,0,0,0,0,0,0,0,0,0,0,0,0,0,0,0,0,0,0,0,0,0,0,0,0,0,0,0,0,0,0,0,0,0,0,0,0,0,0,0,0,0,0
OM,1,0,0,0,0,0,0,0,0,0,0,0,0,0,0,0,0,0,0,0,0,1,0,0,0,0,0,0,0,0,0,0,0,0,0,0,0,0,0,0,1,0,0,0,0,0,0,0,0,0,0,0,0,0,0,0,0,3,0,0,0,0,0,0,0,0,0,0,1,0,0,0,0,0,0,0,0,0,0,0,0,0,0,0,0,0,0,0,0,0,0,0,0,0,0,0,0,0,0,0,0,0,0,0,0,0,0,0,0,0,0,0,0,0,0,0,0,0,0,0,0,0,0,0,0,0,0,0,0,0,0,0,0,0,0,0,0,0,0,0,0,0,0,0,0,0,0,0,0,0,0,0,0,0,0,0,0,0
PE,0,0,0,2,1,0,0,0,1,3,2,0,9,0,0,7,0,0,1,0,3,4,10,0,0,0,0,7,1,0,3,0,2,0,0,0,0,0,0,0,0,1,0,0,0,0,0,0,0,0,0,0,0,0,0,0,0,19,0,0,0,0,0,0,0,0,0,0,0,0,0,0,1,0,0,1,0,0,0,0,0,0,0,0,0,0,0,0,0,0,0,0,0,0,0,0,0,0,0,0,0,0,0,0,0,0,0,0,0,0,0,0,0,0,0,0,0,0,0,0,0,0,0,0,0,0,0,0,0,0,0,0,0,0,0,0,0,0,0,0,0,0,0,0,0,0,0,0,0,0,0,0,0,0,0,0,0,0
PH,0,0,0,0,1,0,1,0,0,1,0,0,0,0,0,3,1,1,1,0,5,1,1,0,0,1,0,3,0,0,1,0,1,1,0,0,0,0,0,0,1,0,0,2,0,0,0,0,0,0,0,0,0,0,0,0,1,9,0,0,0,0,0,2,0,0,0,0,0,0,0,0,0,1,0,0,0,0,0,0,0,0,0,0,0,0,0,0,0,0,0,0,0,0,0,0,0,0,0,0,0,0,0,0,0,0,0,0,0,0,0,0,0,0,0,0,0,0,0,0,0,0,0,0,0,0,0,0,0,0,0,0,0,0,0,0,0,0,0,0,0,0,0,0,0,0,0,0,0,0,0,0,0,0,0,0,0,0
PK,1,1,1,3,9,2,0,0,3,3,7,0,12,0,2,12,2,0,7,2,5,21,1,2,0,2,4,0,3,0,9,0,4,2,0,0,1,0,0,0,3,0,0,1,13,1,0,4,1,0,0,2,1,0,0,0,0,37,3,1,1,0,0,2,0,0,0,0,0,0,0,0,0,0,0,1,0,0,1,1,0,0,0,0,0,0,0,1,0,0,0,0,0,0,0,0,2,0,0,0,0,0,0,0,0,1,0,0,0,0,0,0,0,0,0,0,0,0,0,1,0,0,0,0,0,0,0,0,0,0,0,0,0,0,0,0,0,0,0,0,1,0,0,1,0,0,0,0,0,0,0,0,0,0,0,0,0,0
PL,3,0,1,7,32,3,26,0,3,28,8,1,26,0,3,54,2,2,11,6,23,84,11,7,3,1,2,14,7,0,37,0,7,3,0,1,1,0,4,2,26,6,3,0,1,68,0,3,1,1,1,0,8,1,0,0,2,180,0,0,3,0,2,0,0,1,0,0,0,0,0,0,0,1,0,1,1,2,0,1,0,0,1,0,0,0,0,0,0,0,1,0,0,0,0,0,0,0,0,0,0,0,0,0,0,0,0,0,0,0,0,0,0,0,0,0,0,0,0,0,0,0,0,1,0,0,0,0,0,0,0,0,0,0,0,0,0,0,0,0,0,0,0,0,0,0,0,0,0,0,0,0,0,0,0,0,0,0
PR,0,0,0,0,0,0,0,0,0,0,0,0,0,0,0,0,0,0,0,0,9,1,0,0,0,0,0,0,0,0,0,0,0,1,0,0,0,0,0,0,0,0,0,0,0,0,0,0,0,0,0,0,0,0,0,0,0,1,0,0,0,0,0,0,0,0,0,0,0,0,0,0,0,0,0,0,0,0,0,0,0,0,0,0,0,0,0,0,0,0,0,0,0,0,0,0,0,0,0,0,0,0,0,0,0,0,0,0,0,0,0,0,0,0,0,0,0,0,0,0,0,0,0,0,0,0,0,0,0,0,0,0,0,0,0,0,0,0,0,0,0,0,0,0,0,0,0,0,0,0,0,0,0,0,0,0,0,0
PS,0,0,0,0,0,0,0,0,0,1,1,0,1,0,0,0,0,0,2,2,1,4,5,0,0,0,1,1,0,0,6,0,0,2,0,0,1,0,0,1,4,0,0,0,0,0,0,1,0,0,4,1,0,0,0,0,2,8,1,0,0,0,0,0,0,0,0,0,0,0,0,0,0,0,0,0,0,0,0,0,0,0,0,0,0,0,0,1,0,0,0,0,0,0,0,0,1,0,0,0,0,0,0,0,0,0,0,0,0,0,0,0,0,0,0,0,0,0,0,0,0,0,0,0,0,0,0,0,0,0,0,0,0,0,0,0,0,0,0,0,0,0,0,0,0,0,0,0,0,0,0,0,0,0,0,0,0,0
PT,0,0,0,3,6,1,11,0,7,14,10,4,12,0,3,28,3,0,28,7,25,74,18,2,2,0,3,5,2,0,29,0,5,1,0,0,0,0,3,1,11,3,5,0,1,1,0,53,0,2,2,2,11,1,0,0,2,101,2,0,1,0,1,0,1,0,0,0,1,0,0,0,0,2,1,2,1,0,1,2,0,0,1,0,0,0,0,0,0,0,2,0,0,0,0,0,0,0,0,0,0,0,0,0,0,0,0,0,2,0,0,0,0,0,0,0,0,0,0,0,0,0,0,0,0,0,0,0,0,0,0,1,0,0,0,0,0,0,0,0,0,0,0,0,0,0,0,0,0,0,0,0,0,0,0,0,0,0
QA,1,0,0,1,12,0,7,0,2,8,4,0,6,0,0,10,1,3,8,0,5,18,5,1,0,2,2,6,4,0,11,0,2,2,2,0,1,0,4,4,10,1,2,0,0,0,0,0,12,0,0,3,0,2,0,0,1,62,0,0,0,0,0,0,0,0,0,0,0,0,0,0,0,0,0,4,0,0,0,2,0,0,0,0,0,0,0,0,0,0,0,0,0,1,0,0,0,0,0,0,0,0,0,0,0,0,0,0,0,0,0,0,0,0,0,0,0,0,0,0,0,0,0,0,0,0,0,0,0,0,0,1,0,0,0,0,0,0,0,0,0,0,0,0,0,0,0,0,0,0,0,0,0,0,0,0,0,0
RO,0,0,1,3,4,0,4,0,1,2,2,1,3,0,1,9,3,0,8,1,4,20,9,0,0,0,0,1,1,0,13,0,1,3,0,1,0,0,2,3,8,0,0,0,0,1,0,10,0,27,4,0,6,1,0,0,1,26,1,0,1,0,2,0,0,0,0,0,1,0,0,0,0,4,1,1,1,1,0,0,0,0,0,0,0,0,0,0,0,0,0,0,0,0,0,0,0,0,0,0,0,1,0,0,1,0,0,0,0,0,0,0,0,0,0,0,0,0,0,0,0,0,0,0,0,0,0,0,0,0,0,0,0,0,0,0,0,0,0,0,0,0,0,0,0,0,0,0,0,0,0,0,0,0,0,0,0,0
RS,0,0,0,1,7,0,4,0,2,10,6,0,11,0,4,28,4,1,20,1,21,29,2,1,0,1,12,2,3,0,19,0,2,0,0,1,0,0,2,0,9,4,2,1,1,8,0,1,0,3,6,0,1,4,0,1,1,58,1,0,0,0,0,0,0,4,0,0,0,0,0,0,0,2,0,2,1,0,0,2,0,0,0,0,65,0,0,0,0,0,0,0,0,0,0,1,0,0,0,0,0,0,0,1,0,0,0,0,0,0,0,0,0,0,0,0,0,0,0,0,0,0,0,0,0,1,0,0,0,0,0,0,0,0,0,0,0,0,0,0,0,0,0,0,0,0,0,0,0,0,0,0,0,0,1,0,0,0
RU,2,0,0,4,14,0,4,0,7,10,5,2,15,1,4,34,10,1,15,7,13,61,0,2,1,3,6,9,5,1,11,1,5,2,0,1,0,0,3,4,18,6,3,1,1,7,0,6,4,6,39,0,11,1,0,0,2,109,2,0,1,0,0,0,0,1,0,3,0,0,0,0,0,3,1,6,2,0,0,30,0,0,0,0,10,0,2,1,0,0,1,0,0,1,0,0,1,0,0,0,0,0,0,0,0,0,0,0,0,0,0,0,0,0,0,0,0,0,0,0,0,0,0,0,0,0,0,0,0,0,0,0,0,0,1,0,0,0,0,0,0,0,0,0,0,0,0,0,0,0,0,0,0,0,0,0,0,0
RW,0,0,0,0,1,0,1,0,0,2,0,0,37,0,0,2,0,0,3,0,0,5,3,0,0,0,0,0,2,0,1,0,2,0,0,0,0,0,0,0,1,0,1,0,0,1,0,0,0,0,0,0,0,0,0,0,1,9,0,0,0,0,1,0,0,0,0,0,1,0,0,0,0,0,0,0,0,0,0,0,0,0,0,0,0,0,0,0,0,0,0,0,0,0,0,0,1,0,0,0,0,0,0,0,0,0,0,0,0,0,0,0,0,0,0,0,0,0,0,0,0,0,0,0,0,0,0,0,0,0,0,0,0,0,0,0,0,0,0,0,0,0,0,0,0,0,0,0,0,0,0,0,0,0,0,0,0,0
SA,1,0,2,1,5,0,1,0,4,12,6,1,10,0,2,22,6,3,8,0,8,33,5,2,0,2,3,10,6,0,31,1,9,3,1,0,0,0,1,0,4,1,2,0,1,2,0,2,2,0,6,7,4,1,0,0,1,87,1,0,0,1,0,0,0,0,0,0,0,0,0,0,0,0,2,3,0,0,0,1,0,0,1,2,1,0,0,1,0,1,2,0,0,0,1,0,0,0,0,0,0,0,0,1,0,0,0,1,0,0,0,0,0,0,0,0,0,0,0,0,0,0,0,0,0,0,0,0,0,0,0,0,1,1,0,0,0,0,0,0,0,0,0,0,0,0,0,0,0,0,0,0,0,0,0,0,0,0
SE,0,0,0,11,18,0,7,0,3,28,14,0,10,0,2,34,10,0,23,36,21,132,23,1,1,0,13,8,3,1,22,0,13,3,0,1,0,0,2,0,29,10,2,1,0,0,0,1,0,0,2,0,57,1,0,1,1,142,1,0,0,0,0,0,0,0,0,0,0,0,0,1,0,1,1,7,0,0,0,0,0,0,0,0,0,0,0,0,0,0,1,0,0,0,0,1,0,0,0,0,0,0,0,0,0,0,0,0,0,0,0,0,0,0,0,0,0,0,0,0,0,0,0,0,0,0,0,0,0,0,0,0,0,0,0,0,0,0,0,0,0,0,0,0,0,0,0,0,0,0,0,0,0,0,0,0,0,0
SG,0,0,0,5,7,0,1,0,1,11,0,0,8,0,2,15,4,0,4,2,4,30,5,0,0,1,0,4,0,0,5,0,2,3,0,0,0,0,2,1,4,0,0,1,0,0,0,0,0,0,0,0,1,11,0,0,0,87,0,0,0,0,0,0,0,0,0,0,0,0,0,0,0,0,2,1,0,1,0,2,0,0,0,0,0,0,0,0,0,0,0,0,0,0,0,0,0,0,0,0,0,0,0,0,0,0,0,0,0,0,0,0,0,0,0,0,0,0,0,0,0,0,0,0,0,0,0,0,0,0,0,0,0,0,0,0,0,0,0,0,0,0,0,0,0,0,0,0,0,0,0,0,0,0,0,1,0,0
SI,3,0,1,0,5,2,1,0,2,5,0,1,6,0,2,4,4,2,3,2,2,16,3,0,4,1,2,1,2,1,10,0,1,1,0,0,0,1,0,3,5,1,0,0,0,1,0,10,1,0,0,1,0,0,0,0,2,18,0,0,0,0,0,0,0,0,1,1,0,0,0,0,2,4,0,2,0,0,0,3,0,0,0,0,0,0,0,0,0,0,1,0,0,0,0,0,0,0,0,0,0,0,0,0,0,0,0,0,0,0,0,0,0,0,0,0,0,0,0,0,0,0,0,0,0,0,0,0,0,0,0,0,0,0,1,0,0,0,0,0,0,0,0,0,0,0,0,0,0,0,0,0,0,0,0,0,0,0
SK,0,0,1,5,0,0,2,0,1,2,7,0,13,0,9,8,0,0,9,1,1,7,7,0,1,0,0,2,1,0,9,0,0,1,0,0,0,0,0,0,3,0,0,0,0,1,0,2,0,1,0,0,2,0,0,0,2,18,0,0,0,0,0,0,0,1,0,0,0,0,0,0,0,2,1,1,0,0,0,1,0,0,0,0,0,0,0,0,0,0,0,0,0,0,0,0,1,0,0,0,0,0,0,0,0,0,0,0,0,0,0,0,0,0,0,0,0,0,0,0,0,0,0,0,0,0,0,0,0,0,0,0,0,0,0,0,0,0,0,0,0,0,0,0,0,0,0,0,0,0,0,0,0,0,0,0,0,0
SM,0,0,0,2,0,0,1,0,0,1,0,0,0,0,0,0,2,0,0,1,0,4,1,0,0,0,1,0,0,0,8,0,0,0,0,0,0,0,0,0,2,0,1,0,0,0,0,0,0,0,0,0,0,0,0,0,0,3,0,0,0,0,1,0,0,0,0,0,0,0,0,0,0,0,0,0,0,0,0,0,0,0,0,0,0,0,0,0,0,0,0,0,0,0,0,0,0,0,0,0,0,0,0,0,0,0,0,0,0,0,0,0,0,0,0,0,0,0,0,0,0,0,0,0,0,0,0,0,0,0,0,0,0,0,0,0,0,0,0,0,0,0,0,0,0,0,0,0,0,0,0,0,0,0,0,0,0,0
SO,0,0,0,0,0,0,1,0,0,0,0,0,0,0,0,0,0,0,3,0,0,2,0,0,0,0,0,0,0,0,3,0,0,0,0,0,0,0,0,0,0,0,0,0,0,0,0,0,0,0,0,0,0,0,0,0,0,4,1,0,0,0,0,0,0,0,0,0,0,0,0,0,0,0,0,0,0,0,0,0,0,0,0,0,0,0,0,0,0,0,0,0,1,0,0,0,0,0,0,2,0,0,0,0,0,0,0,0,0,0,0,0,0,0,0,0,0,0,0,0,0,0,0,0,0,0,0,0,0,0,0,0,0,0,0,0,0,0,0,0,0,0,0,0,0,0,0,0,0,0,0,0,0,0,0,0,0,0
SS,0,0,0,0,0,0,0,0,0,0,0,0,0,0,0,0,0,0,0,0,0,2,0,0,0,0,0,0,0,0,0,0,0,0,0,0,0,0,0,0,0,0,0,0,0,0,0,0,0,0,0,0,0,0,0,0,0,1,0,0,0,0,0,0,0,0,0,0,0,0,0,0,0,0,0,0,0,0,0,0,0,0,0,0,0,0,0,0,0,0,0,0,0,0,0,0,0,0,0,0,0,0,0,0,0,1,0,0,0,0,0,0,0,0,0,0,0,0,0,0,0,0,0,0,0,0,0,0,0,0,0,0,0,0,0,0,0,0,0,0,0,0,0,0,0,0,0,0,0,0,0,0,0,0,0,0,0,0
TH,1,0,0,0,10,1,2,0,1,5,2,0,24,1,2,9,4,0,8,2,8,44,4,6,0,3,2,6,2,0,13,0,6,4,1,0,2,0,0,1,8,3,4,0,0,0,0,2,1,3,0,1,3,2,0,0,6,52,1,0,0,0,3,0,0,1,0,0,0,0,0,0,0,0,0,0,0,1,2,0,0,0,0,0,0,0,0,0,0,0,0,0,0,0,0,0,4,0,0,0,0,1,0,0,0,0,0,0,0,0,0,0,0,0,0,0,0,0,0,0,0,0,0,0,0,0,0,0,0,0,0,0,0,0,0,0,0,0,0,0,0,0,0,1,0,0,0,0,0,0,0,0,0,0,0,0,0,0
TN,2,0,1,0,4,0,1,2,0,5,6,1,2,0,2,5,0,1,2,1,20,7,0,0,1,0,0,0,0,0,7,1,3,0,0,0,0,0,0,2,4,0,0,1,0,1,0,0,1,0,0,5,0,1,0,11,0,26,0,0,0,0,0,0,0,0,0,0,0,0,0,0,0,0,0,0,0,0,0,0,0,0,0,0,0,0,0,0,0,0,0,0,0,0,0,0,0,0,0,0,0,0,0,0,0,0,1,0,0,0,0,0,0,0,0,0,0,0,0,0,0,0,0,0,0,0,0,0,0,0,0,0,0,0,0,0,0,0,0,0,0,0,0,0,0,0,0,0,0,0,0,0,0,0,0,0,0,0
TR,2,0,2,12,16,0,17,0,6,22,22,1,32,1,1,48,9,5,33,4,19,95,22,6,2,1,9,10,7,0,101,2,5,10,2,1,0,2,5,6,25,6,4,0,4,12,1,16,6,2,1,4,5,4,0,0,4,197,5,0,0,0,5,0,0,3,2,0,4,0,0,0,1,2,2,120,1,1,0,9,0,0,0,0,1,0,0,1,0,0,0,0,0,2,1,0,2,0,0,0,0,0,0,0,0,0,0,0,0,0,0,0,0,0,0,0,0,0,0,2,0,0,0,0,0,0,0,0,0,0,0,0,0,0,0,0,0,0,0,0,0,0,0,0,0,0,0,0,0,0,0,0,0,0,0,0,1,0
TW,3,0,0,4,27,0,4,0,2,15,7,2,63,1,5,26,5,1,23,6,16,83,14,13,2,3,3,7,4,0,22,0,15,9,0,0,3,0,0,8,17,8,13,1,2,2,0,9,1,5,6,5,4,3,0,0,83,166,6,0,0,0,1,0,0,1,0,0,0,0,0,0,0,0,0,14,2,0,1,72,1,2,0,0,1,0,0,12,0,0,0,0,0,1,0,0,1,0,0,0,0,0,0,0,0,0,0,0,0,0,0,0,0,0,0,0,0,0,0,1,0,0,0,0,0,0,2,1,0,0,0,0,0,0,0,0,0,0,0,0,0,0,0,0,0,0,0,0,0,0,0,0,0,0,0,0,0,0
TZ,0,0,0,0,0,0,0,0,0,1,0,0,0,0,0,0,0,0,1,0,0,1,0,0,1,0,0,0,0,0,0,0,1,1,0,0,0,0,0,0,0,1,0,0,0,0,0,0,0,0,0,0,1,0,0,0,0,4,0,0,0,0,0,0,0,0,0,0,0,0,0,0,0,0,0,0,0,0,0,0,0,0,0,0,0,0,0,0,0,0,0,0,0,0,0,0,0,0,0,0,0,0,0,0,0,0,1,0,0,0,0,0,0,0,0,0,0,0,0,0,0,0,0,0,0,0,0,0,0,0,0,0,0,0,0,0,0,0,0,0,0,0,0,0,0,0,0,0,0,0,0,0,0,0,0,0,0,0
UA,0,0,0,2,6,0,0,1,1,5,1,0,11,0,0,4,0,3,0,1,2,9,2,1,0,1,0,3,2,0,2,0,0,2,0,0,0,0,0,1,1,1,0,0,1,0,0,1,0,0,1,0,2,2,0,0,1,20,0,0,0,0,0,0,0,0,0,0,0,0,0,0,0,0,0,2,9,0,0,1,0,0,0,0,0,0,0,1,0,0,2,0,0,0,0,0,0,0,0,0,0,0,0,0,0,0,0,0,0,0,0,0,0,0,0,0,0,0,0,0,0,0,0,0,0,0,0,0,0,0,0,0,0,0,0,0,0,0,0,0,0,0,0,0,0,0,0,0,0,0,0,0,0,0,0,0,0,0
US,12,0,5,86,290,3,130,1,36,364,137,10,265,4,33,505,56,12,138,72,326,999,121,52,16,9,73,119,68,7,282,10,108,52,1,7,2,1,21,14,256,50,38,5,16,48,0,24,4,8,33,13,65,46,1,3,40,3263,24,0,5,0,16,2,2,1,0,0,3,0,1,0,15,9,3,32,2,1,21,16,2,1,3,1,3,2,0,5,0,0,2,0,1,0,1,2,7,2,0,2,0,5,0,0,4,4,2,1,0,1,0,0,1,1,0,0,0,0,1,0,0,0,0,0,0,0,1,0,0,0,0,0,0,0,0,1,1,0,0,0,1,0,2,0,0,0,0,1,0,0,0,0,0,0,0,0,1,1
UZ,0,0,0,0,1,0,0,0,0,0,0,0,0,0,1,0,0,0,0,0,0,1,0,0,0,0,0,0,0,0,0,0,0,0,0,0,0,0,0,0,0,0,0,0,0,0,0,0,0,0,0,0,0,0,0,0,0,2,0,0,0,0,0,0,0,0,0,0,0,0,0,0,0,0,0,0,0,0,0,0,0,0,0,0,0,0,0,0,0,0,0,0,0,0,0,0,0,0,0,0,0,0,0,0,0,0,0,0,0,0,0,0,0,0,0,0,0,0,0,0,0,0,0,0,0,0,0,0,0,0,0,0,0,0,0,0,0,0,0,0,0,0,0,0,0,0,0,0,0,0,0,0,0,0,0,0,0,0
VN,0,0,0,3,9,0,2,0,2,4,2,3,92,0,1,12,0,1,6,5,11,23,0,5,0,0,4,1,1,0,7,2,5,8,0,0,0,0,0,2,8,2,0,0,1,0,0,15,0,4,6,5,3,3,0,0,2,62,0,0,1,0,0,0,0,0,0,0,0,0,0,0,1,0,0,11,0,0,0,196,0,2,0,1,2,0,0,16,0,0,0,0,0,1,0,1,0,0,0,0,0,1,0,0,0,0,0,0,0,0,0,0,0,0,0,0,0,0,0,0,0,0,0,0,1,0,2,0,0,0,0,0,0,0,0,0,0,0,0,0,0,0,0,0,0,0,0,0,0,0,0,0,0,0,0,0,0,0
XK,0,0,0,0,0,0,1,0,0,0,0,0,1,0,1,1,0,0,1,1,1,10,1,0,0,0,0,0,0,0,2,0,0,0,0,0,0,0,0,0,1,0,0,0,0,0,0,0,0,0,0,0,1,0,0,0,0,8,0,0,0,0,1,0,0,0,0,0,0,0,0,0,0,0,0,1,0,3,0,0,0,0,0,0,0,0,0,0,0,0,0,0,0,0,0,0,0,0,0,0,0,0,0,0,0,0,0,0,0,0,0,0,0,0,0,0,0,0,0,0,0,0,0,0,0,1,0,0,0,0,0,0,0,0,0,0,0,0,0,0,0,0,0,0,0,0,0,0,0,0,0,0,0,0,0,0,0,0
ZA,0,0,0,3,3,1,1,0,3,9,7,0,14,0,2,30,1,0,17,1,12,34,21,1,2,0,2,0,0,0,47,1,6,6,0,1,0,0,0,3,7,2,3,0,1,4,0,5,0,2,2,0,5,3,0,0,4,72,3,0,1,0,2,0,0,0,0,0,0,0,0,0,0,0,0,2,0,0,0,1,0,0,0,0,1,0,1,0,0,0,0,0,1,0,0,0,0,0,0,2,0,0,0,0,0,0,0,0,0,0,0,0,0,0,0,0,0,0,0,0,0,0,0,0,0,0,0,0,0,0,0,0,0,0,0,0,0,0,0,0,0,0,0,0,0,0,0,0,0,0,0,0,0,0,0,0,0,0
